Date,Open,High,Low,Close,Adj Close,Volume,Daily_Return,MA_20,MA_50,MA_200,Volatility_20,Year,Month,Day_of_Week,Quarter
2016-01-29,14.0967,14.173,14.0304,14.1066,14.1066,6111817,,,,,,2016,1,4,1
2016-02-01,14.1003,14.2749,13.9034,14.0778,14.0778,9584560,-0.204449,,,,,2016,2,0,1
2016-02-02,14.2361,14.323,14.1288,14.2156,14.2156,13682168,0.979167,,,,,2016,2,1,1
2016-02-03,14.5681,14.6835,14.4236,14.5388,14.5388,19283506,2.27329,,,,,2016,2,2,1
2016-02-04,14.4966,14.568,14.4084,14.4797,14.4797,6432275,-0.406125,,,,,2016,2,3,1
2016-02-05,14.3929,14.5269,14.2884,14.4222,14.4222,10242634,-0.397601,,,,,2016,2,4,1
2016-02-08,14.7281,14.7993,14.6874,14.7585,14.7585,20748419,2.331932,,,,,2016,2,0,1
2016-02-09,14.8449,14.9437,14.8177,14.9164,14.9164,19508791,1.070087,,,,,2016,2,1,1
2016-02-10,14.902,14.9716,14.7272,14.7963,14.7963,8976012,-0.805043,,,,,2016,2,2,1
2016-02-11,14.905,14.9796,14.8295,14.9042,14.9042,8020977,0.728977,,,,,2016,2,3,1
2016-02-12,14.7726,14.8647,14.694,14.7859,14.7859,10406952,-0.793298,,,,,2016,2,4,1
2016-02-15,14.6161,14.7028,14.5841,14.6706,14.6706,4644220,-0.77989,,,,,2016,2,0,1
2016-02-16,14.887,14.9465,14.6555,14.7142,14.7142,7544861,0.297289,,,,,2016,2,1,1
2016-02-17,14.2202,14.407,14.0953,14.2815,14.2815,20083954,-2.940749,,,,,2016,2,2,1
2016-02-18,13.8865,13.9824,13.8145,13.9103,13.9103,18034706,-2.599179,,,,,2016,2,3,1
2016-02-19,13.8218,13.899,13.7217,13.7988,13.7988,7901798,-0.801587,,,,,2016,2,4,1
2016-02-22,13.6301,13.6602,13.5675,13.5975,13.5975,11816138,-1.459116,,,,,2016,2,0,1
2016-02-23,13.7264,13.844,13.5568,13.674,13.674,5423356,0.562611,,,,,2016,2,1,1
2016-02-24,13.5963,13.6475,13.4479,13.4987,13.4987,15369988,-1.281895,,,,,2016,2,2,1
2016-02-25,13.2541,13.3327,13.1488,13.2273,13.2273,10768391,-2.010694,14.2687,,,,2016,2,3,1
2016-02-26,13.481,13.6537,13.3659,13.5381,13.5381,9892518,2.350106,14.2403,,,1.530836,2016,2,4,1
2016-02-29,13.4925,13.5759,13.423,13.5064,13.5064,6742075,-0.234614,14.2118,,,1.530861,2016,2,0,1
2016-03-01,13.5515,13.6047,13.4817,13.5349,13.5349,8027991,0.210899,14.1777,,,1.509313,2016,3,1,1
2016-03-02,13.3696,13.4245,13.2055,13.2599,13.2599,8650591,-2.031348,14.1138,,,1.438164,2016,3,2,1
2016-03-03,13.0979,13.214,13.0557,13.1715,13.1715,13467145,-0.666518,14.0484,,,1.438929,2016,3,3,1
2016-03-04,13.2788,13.3322,13.162,13.2152,13.2152,6727872,0.331491,13.988,,,1.449854,2016,3,4,1
2016-03-07,13.0175,13.0533,12.9724,13.0082,13.0082,27428403,-1.566671,13.9005,,,1.315379,2016,3,0,1
2016-03-08,13.1507,13.1941,13.0636,13.1068,13.1068,22171181,0.758374,13.81,,,1.295992,2016,3,1,1
2016-03-09,13.0069,13.1418,12.8773,13.0122,13.0122,5367258,-0.722023,13.7208,,,1.295556,2016,3,2,1
2016-03-10,12.9369,13.0708,12.8471,12.9807,12.9807,8746605,-0.242128,13.6246,,,1.259546,2016,3,3,1
2016-03-11,12.9284,12.9635,12.8547,12.8897,12.8897,6178970,-0.701185,13.5298,,,1.259282,2016,3,4,1
2016-03-14,13.3107,13.3949,13.1921,13.276,13.276,10403543,2.99725,13.4601,,,1.502651,2016,3,0,1
2016-03-15,13.3456,13.4357,13.2041,13.2939,13.2939,27314945,0.134637,13.3891,,,1.498615,2016,3,1,1
2016-03-16,13.1025,13.1519,13.0539,13.1032,13.1032,8587335,-1.433963,13.3302,,,1.404118,2016,3,2,1
2016-03-17,13.2572,13.4284,13.1182,13.2891,13.2891,12707689,1.418365,13.2991,,,1.362764,2016,3,3,1
2016-03-18,12.9848,13.1035,12.9478,13.0663,13.0663,14845338,-1.676651,13.2625,,,1.39608,2016,3,4,1
2016-03-21,13.1755,13.2528,13.0554,13.1325,13.1325,4831216,0.506539,13.2392,,,1.376506,2016,3,0,1
2016-03-22,12.7921,12.8552,12.7075,12.7704,12.7704,7504675,-2.75669,13.194,,,1.480363,2016,3,1,1
2016-03-23,12.4989,12.6356,12.411,12.5474,12.5474,5259691,-1.746941,13.1465,,,1.499615,2016,3,2,1
2016-03-24,12.5931,12.6905,12.523,12.6203,12.6203,5244733,0.581207,13.1161,,,1.4604,2016,3,3,1
2016-03-25,12.7707,12.8404,12.725,12.7946,12.7946,1841106,1.381057,13.079,,,1.384593,2016,3,4,1
2016-03-28,12.7824,12.9686,12.6732,12.8587,12.8587,12198282,0.501369,13.0466,,,1.395404,2016,3,0,1
2016-03-29,12.8244,12.8906,12.8003,12.8665,12.8665,27769432,0.060287,13.0132,,,1.393269,2016,3,1,1
2016-03-30,12.7801,12.9171,12.7018,12.8383,12.8383,9124997,-0.218603,12.9921,,,1.328302,2016,3,2,1
2016-03-31,12.5635,12.6617,12.4861,12.5843,12.5843,4801296,-1.979198,12.9627,,,1.386179,2016,3,3,1
2016-04-01,12.4473,12.5977,12.3341,12.4842,12.4842,6312232,-0.795328,12.9262,,,1.385541,2016,4,4,2
2016-04-04,12.355,12.4888,12.3025,12.4359,12.4359,6545652,-0.38623,12.8976,,,1.352368,2016,4,0,2
2016-04-05,12.7748,12.8609,12.5867,12.6722,12.6722,5964514,1.900008,12.8758,,,1.418152,2016,4,1,2
2016-04-06,12.836,12.8996,12.7087,12.772,12.772,15497938,0.787248,12.8638,,,1.426741,2016,4,2,2
2016-04-07,12.4279,12.5403,12.3546,12.4668,12.4668,19378273,-2.389841,12.8381,13.4894,,1.517266,2016,4,3,2
2016-04-08,12.5798,12.6684,12.4776,12.5661,12.5661,4631754,0.796708,12.8219,13.4586,,1.527682,2016,4,4,2
2016-04-11,12.5514,12.6276,12.4544,12.5305,12.5305,13062734,-0.283342,12.7847,13.4277,,1.340471,2016,4,0,2
2016-04-12,12.5003,12.5331,12.4084,12.441,12.441,22871593,-0.713927,12.742,13.3922,,1.340087,2016,4,1,2
2016-04-13,12.5536,12.6509,12.4976,12.5948,12.5948,31170836,1.23618,12.7166,13.3533,,1.356425,2016,4,2,2
2016-04-14,12.8823,12.9782,12.7308,12.8262,12.8262,60745493,1.837505,12.6934,13.3202,,1.385491,2016,4,3,2
2016-04-15,13.009,13.117,12.9296,13.0375,13.0375,6165591,1.647229,12.692,13.2925,,1.394317,2016,4,4,2
2016-04-18,12.8326,12.9617,12.7727,12.9015,12.9015,52734491,-1.043093,12.6805,13.2554,,1.407579,2016,4,0,2
2016-04-19,12.9099,12.9919,12.7909,12.8726,12.8726,6758880,-0.224093,12.6856,13.2145,,1.260237,2016,4,1,2
2016-04-20,13.0351,13.0876,12.916,12.9682,12.9682,6432924,0.74229,12.7066,13.178,,1.194926,2016,4,2,2
2016-04-21,13.3242,13.4356,13.0774,13.1877,13.1877,12975465,1.692801,12.735,13.1436,,1.23997,2016,4,3,2
2016-04-22,13.0554,13.1954,12.9788,13.1184,13.1184,6238198,-0.525767,12.7512,13.1103,,1.219744,2016,4,4,2
2016-04-25,13.1456,13.247,13.0078,13.1089,13.1089,10310678,-0.072023,12.7637,13.079,,1.217344,2016,4,0,2
2016-04-26,12.8975,12.9762,12.8401,12.9187,12.9187,4690175,-1.45082,12.7663,13.0431,,1.266081,2016,4,1,2
2016-04-27,12.758,12.8193,12.6571,12.7182,12.7182,9118672,-1.552476,12.7603,13.0119,,1.313976,2016,4,2,2
2016-04-28,12.8326,12.9749,12.7666,12.9085,12.9085,22403845,1.496622,12.7765,12.9918,,1.27305,2016,4,3,2
2016-04-29,13.136,13.2634,13.0757,13.2027,13.2027,11176255,2.279242,12.8124,12.9799,,1.338739,2016,4,4,2
2016-05-02,13.1734,13.2547,13.1332,13.2144,13.2144,8863748,0.088709,12.8513,12.9722,,1.330322,2016,5,0,2
2016-05-03,13.4434,13.5024,13.3802,13.4392,13.4392,14198226,1.700698,12.8897,12.9675,,1.318498,2016,5,1,2
2016-05-04,13.4988,13.6234,13.4091,13.5335,13.5335,18399362,0.701752,12.9278,12.9682,,1.316981,2016,5,2,2
2016-05-05,13.4575,13.6085,13.2715,13.4221,13.4221,3455009,-0.822822,12.9755,12.9721,,1.189043,2016,5,3,2
2016-05-06,13.5723,13.6195,13.4698,13.5168,13.5168,12952093,0.705358,13.0231,12.9717,,1.187518,2016,5,4,2
2016-05-09,13.8821,14.0114,13.72,13.8489,13.8489,10077845,2.456992,13.089,12.9786,,1.26358,2016,5,0,2
2016-05-10,13.9449,13.9764,13.8239,13.8552,13.8552,8921163,0.045235,13.1597,12.985,,1.236011,2016,5,1,2
2016-05-11,14.2176,14.2612,14.1505,14.194,14.194,22325350,2.445583,13.2397,13.0036,,1.299459,2016,5,2,2
2016-05-12,13.5768,13.7122,13.5081,13.6432,13.6432,7062782,-3.880519,13.2805,13.0131,,1.607176,2016,5,3,2
2016-05-13,13.9049,13.9501,13.7845,13.8295,13.8295,5531073,1.365281,13.3201,13.0254,,1.596135,2016,5,4,2
2016-05-16,13.8286,13.909,13.7818,13.8621,13.8621,2622710,0.236059,13.3681,13.0424,,1.564484,2016,5,0,2
2016-05-17,13.8643,13.9379,13.7406,13.814,13.814,6155480,-0.347388,13.4152,13.0566,,1.567195,2016,5,1,2
2016-05-18,13.9352,13.9827,13.8008,13.848,13.848,18648085,0.246683,13.4592,13.0733,,1.564835,2016,5,2,2
2016-05-19,13.4742,13.5189,13.405,13.4497,13.4497,11850228,-2.876907,13.4723,13.0827,,1.685917,2016,5,3,2
2016-05-20,13.3475,13.4823,13.2934,13.4278,13.4278,3696275,-0.162114,13.4878,13.0934,,1.68063,2016,5,4,2
2016-05-23,13.4733,13.647,13.3497,13.523,13.523,6818672,0.708418,13.5085,13.0984,,1.684743,2016,5,0,2
2016-05-24,13.9174,13.993,13.7689,13.8441,13.8441,4796432,2.374914,13.5547,13.1094,,1.708152,2016,5,1,2
2016-05-25,13.7422,13.8167,13.6771,13.7515,13.7515,4621242,-0.668802,13.6064,13.1224,,1.667,2016,5,2,2
2016-05-26,13.6061,13.697,13.5109,13.6017,13.6017,12327138,-1.089342,13.6411,13.1286,,1.678097,2016,5,3,2
2016-05-27,13.5605,13.6007,13.4792,13.5194,13.5194,4437272,-0.605247,13.6569,13.1377,,1.619747,2016,5,4,2
2016-05-30,13.7652,13.7926,13.6997,13.727,13.727,20312927,1.535392,13.6825,13.1496,,1.649777,2016,5,0,2
2016-05-31,13.828,13.8618,13.7788,13.8126,13.8126,8615527,0.623316,13.7012,13.1704,,1.61555,2016,5,1,2
2016-06-01,13.7076,13.7657,13.6609,13.719,13.719,9569729,-0.677051,13.7105,13.1938,,1.62016,2016,6,2,2
2016-06-02,13.8255,13.9629,13.7057,13.8429,13.8429,7980421,0.902524,13.7315,13.2183,,1.615449,2016,6,3,2
2016-06-03,13.9264,14.0238,13.7818,13.8788,13.8788,13378773,0.259758,13.7496,13.24,,1.610698,2016,6,4,2
2016-06-06,14.127,14.2414,13.9816,14.0958,14.0958,16738912,1.563408,13.762,13.2647,,1.554596,2016,6,0,2
2016-06-07,13.9441,14.0252,13.8773,13.9584,13.9584,11706541,-0.974543,13.7671,13.2866,,1.573099,2016,6,1,2
2016-06-08,13.9639,14.0781,13.79,13.9037,13.9037,12110381,-0.391912,13.7526,13.3079,,1.470163,2016,6,2,2
2016-06-09,13.8299,13.8876,13.7793,13.837,13.837,7723188,-0.479729,13.7623,13.3329,,1.176336,2016,6,3,2
2016-06-10,13.5036,13.6451,13.4086,13.5498,13.5498,15772164,-2.076082,13.7483,13.3542,,1.22853,2016,6,4,2
2016-06-13,13.591,13.7886,13.4353,13.6324,13.6324,7324239,0.61012,13.7368,13.3782,,1.236655,2016,6,0,2
2016-06-14,13.6531,13.7987,13.5614,13.7067,13.7067,8879138,0.544991,13.7315,13.3988,,1.242442,2016,6,1,2
2016-06-15,13.7123,13.7684,13.6712,13.7273,13.7273,6987839,0.150005,13.7254,13.418,,1.24149,2016,6,2,2
2016-06-16,13.7658,13.8596,13.6048,13.6982,13.6982,6339198,-0.212156,13.7379,13.4426,,1.048614,2016,6,3,2
2016-06-17,13.3839,13.4607,13.3505,13.4272,13.4272,7426312,-1.978182,13.7378,13.4598,,1.146294,2016,6,4,2
2016-06-20,13.378,13.4037,13.3424,13.368,13.368,11529790,-0.440971,13.7301,13.4766,,1.138007,2016,6,0,2
2016-06-21,13.291,13.3725,13.2447,13.326,13.326,18668782,-0.31376,13.7042,13.4943,,0.984781,2016,6,1,2
2016-06-22,13.1796,13.3161,13.057,13.1934,13.1934,19401545,-0.995562,13.6763,13.5062,,0.995863,2016,6,2,2
2016-06-23,13.1122,13.2674,13.0371,13.1919,13.1919,3772545,-0.01125,13.6558,13.5135,,0.974262,2016,6,3,2
2016-06-24,13.2906,13.4242,13.169,13.3024,13.3024,20219700,0.837629,13.6449,13.5188,,0.99191,2016,6,4,2
2016-06-27,13.6967,13.7649,13.6392,13.7073,13.7073,10515083,3.044148,13.6439,13.535,,1.163465,2016,6,0,2
2016-06-28,13.7935,13.911,13.6466,13.7638,13.7638,12412846,0.411903,13.6415,13.5528,,1.158446,2016,6,1,2
2016-06-29,13.8488,13.8982,13.7871,13.8365,13.8365,5132657,0.52814,13.6474,13.5701,,1.153329,2016,6,2,2
2016-06-30,13.7728,14.0036,13.6092,13.8392,13.8392,8745317,0.019487,13.6472,13.5832,,1.135699,2016,6,3,2
2016-07-01,13.5174,13.5823,13.3944,13.459,13.459,15111937,-2.746822,13.6262,13.59,,1.288833,2016,7,4,3
2016-07-04,13.491,13.5726,13.3982,13.4797,13.4797,3383426,0.153593,13.5954,13.5974,,1.227541,2016,7,0,3
2016-07-05,13.5283,13.5911,13.4548,13.5176,13.5176,12169366,0.280955,13.5734,13.6094,,1.218782,2016,7,1,3
2016-07-06,14.0415,14.0757,14.0079,14.042,14.042,31340325,3.879944,13.5803,13.6359,,1.513459,2016,7,2,3
2016-07-07,13.9871,14.1728,13.8307,14.0161,14.0161,7470424,-0.184489,13.5892,13.658,,1.509348,2016,7,3,3
2016-07-08,14.107,14.1667,14.0352,14.0948,14.0948,20111515,0.560849,13.6165,13.6759,,1.424324,2016,7,4,3
2016-07-11,14.1281,14.2254,14.0042,14.1013,14.1013,7205669,0.04645,13.6399,13.6936,,1.4215,2016,7,0,3
2016-07-12,13.771,13.9915,13.6483,13.8679,13.8679,17801489,-1.654891,13.648,13.7022,,1.475746,2016,7,1,3
2016-07-13,14.0938,14.2827,13.9357,14.1243,14.1243,2880449,1.848259,13.6678,13.714,,1.52858,2016,7,2,3
2016-07-14,14.2825,14.3231,14.2566,14.2971,14.2971,42405057,1.22378,13.6978,13.7315,,1.544136,2016,7,3,3
2016-07-15,14.4917,14.5882,14.3806,14.4769,14.4769,24497869,1.257664,13.7503,13.7507,,1.468774,2016,7,4,3
2016-07-18,14.3544,14.4727,14.1685,14.2863,14.2863,8544167,-1.316986,13.7962,13.7594,,1.507329,2016,7,0,3
2016-07-19,14.5525,14.6759,14.4745,14.5976,14.5976,3495375,2.179182,13.8598,13.7743,,1.552519,2016,7,1,3
2016-07-20,14.2667,14.3542,14.2078,14.2952,14.2952,13532134,-2.071477,13.9148,13.7763,,1.622948,2016,7,2,3
2016-07-21,14.4021,14.543,14.2911,14.4317,14.4317,4000352,0.955129,13.9768,13.7921,,1.623997,2016,7,3,3
2016-07-22,14.8661,15.0614,14.7191,14.914,14.914,17203579,3.341466,14.0574,13.8138,,1.746329,2016,7,4,3
2016-07-25,14.6706,14.7572,14.6046,14.691,14.691,13348950,-1.494841,14.1066,13.8303,,1.704752,2016,7,0,3
2016-07-26,14.6143,14.7024,14.4817,14.5694,14.5694,5306702,-0.82771,14.1469,13.8454,,1.72521,2016,7,1,3
2016-07-27,14.5354,14.7624,14.3706,14.5969,14.5969,16264571,0.188652,14.1849,13.8604,,1.724506,2016,7,2,3
2016-07-28,14.5167,14.5798,14.4289,14.4919,14.4919,14851611,-0.719316,14.2175,13.8813,,1.738281,2016,7,3,3
2016-07-29,14.0658,14.2105,14.0179,14.1622,14.1622,21055533,-2.27478,14.2527,13.896,,1.698265,2016,7,4,3
2016-08-01,14.1592,14.2399,14.1105,14.1911,14.1911,8369377,0.203548,14.2883,13.9093,,1.698123,2016,8,0,3
2016-08-02,13.9603,14.1082,13.831,13.9787,13.9787,4461284,-1.49644,14.3113,13.912,,1.743482,2016,8,1,3
2016-08-03,14.1906,14.2743,14.013,14.0961,14.0961,16780768,0.839849,14.314,13.9189,,1.52267,2016,8,2,3
2016-08-04,13.9022,13.9703,13.8495,13.9175,13.9175,8547521,-1.266828,14.3091,13.9252,,1.549695,2016,8,3,3
2016-08-05,14.135,14.318,14.0782,14.2606,14.2606,5146787,2.464903,14.3174,13.94,,1.643177,2016,8,4,3
2016-08-08,13.9931,14.1343,13.965,14.1059,14.1059,21953921,-1.084629,14.3176,13.9476,,1.663416,2016,8,0,3
2016-08-09,14.0557,14.1187,13.9909,14.0538,14.0538,30283646,-0.369339,14.3269,13.9524,,1.619769,2016,8,1,3
2016-08-10,14.2775,14.4765,14.0439,14.2425,14.2425,9872094,1.34245,14.3328,13.9629,,1.594441,2016,8,2,3
2016-08-11,14.014,14.0592,13.9479,13.993,13.993,39641602,-1.751657,14.3176,13.9659,,1.618158,2016,8,3,3
2016-08-12,14.0687,14.1103,14.0177,14.0593,14.0593,9247473,0.473762,14.2967,13.9695,,1.592965,2016,8,4,3
2016-08-15,14.4192,14.5248,14.2473,14.3524,14.3524,8968147,2.084984,14.3,13.9747,,1.640936,2016,8,0,3
2016-08-16,13.9878,14.0693,13.9367,14.0181,14.0181,8094830,-2.329768,14.2711,13.9759,,1.640706,2016,8,1,3
2016-08-17,14.1257,14.165,14.0362,14.0753,14.0753,23102569,0.408644,14.2601,13.9793,,1.583722,2016,8,2,3
2016-08-18,14.0553,14.2923,13.9115,14.1476,14.1476,5521378,0.513425,14.2459,13.9855,,1.571773,2016,8,3,3
2016-08-19,14.2777,14.4635,14.1442,14.3296,14.3296,15594213,1.286069,14.2166,14.0011,,1.392761,2016,8,4,3
2016-08-22,13.9746,14.1331,13.9182,14.0763,14.0763,7777851,-1.767204,14.1859,14.01,,1.40744,2016,8,0,3
2016-08-23,13.8001,13.8502,13.7653,13.8153,13.8153,8362820,-1.854312,14.1482,14.0121,,1.449474,2016,8,1,3
2016-08-24,13.944,13.9766,13.9139,13.9466,13.9466,17637898,0.950054,14.1157,14.0165,,1.471582,2016,8,2,3
2016-08-25,14.0356,14.0913,13.9736,14.0292,14.0292,7119510,0.592813,14.0926,14.0232,,1.477262,2016,8,3,3
2016-08-26,14.1044,14.143,14.0623,14.1009,14.1009,6912988,0.511007,14.0895,14.0366,,1.395624,2016,8,4,3
2016-08-29,14.1393,14.2692,14.0624,14.192,14.192,17811953,0.645832,14.0895,14.0531,,1.402713,2016,8,0,3
2016-08-30,14.0526,14.1649,13.951,14.0633,14.0633,24679535,-0.906941,14.0938,14.0678,,1.375325,2016,8,1,3
2016-08-31,14.0463,14.1987,13.9791,14.131,14.131,12906838,0.481401,14.0955,14.0866,,1.36665,2016,8,2,3
2016-09-01,14.288,14.3569,14.142,14.2105,14.2105,6005710,0.562991,14.1102,14.107,,1.336805,2016,9,3,3
2016-09-02,14.0571,14.1539,13.9775,14.0742,14.0742,7029922,-0.959454,14.1008,14.1224,,1.235109,2016,9,4,3
2016-09-05,14.4587,14.5753,14.3705,14.487,14.487,13175867,2.932948,14.1199,14.138,,1.377892,2016,9,0,3
2016-09-06,14.6935,14.7645,14.5301,14.6007,14.6007,11209218,0.784789,14.1472,14.1547,,1.379499,2016,9,1,3
2016-09-07,14.277,14.3916,14.234,14.3483,14.3483,5978351,-1.728503,14.1525,14.165,,1.416079,2016,9,2,3
2016-09-08,14.438,14.5865,14.3551,14.5033,14.5033,14983375,1.080062,14.178,14.1783,,1.367557,2016,9,3,3
2016-09-09,14.2392,14.3299,14.2112,14.3019,14.3019,10792858,-1.388612,14.1902,14.1951,,1.409836,2016,9,4,3
2016-09-12,14.4817,14.5433,14.424,14.4857,14.4857,3582785,1.284958,14.1968,14.2152,,1.360903,2016,9,0,3
2016-09-13,14.7742,14.8374,14.6856,14.7487,14.7487,6216273,1.816095,14.2334,14.2399,,1.292569,2016,9,1,3
2016-09-14,14.6164,14.6565,14.5333,14.5733,14.5733,7335047,-1.189333,14.2583,14.2505,,1.331839,2016,9,2,3
2016-09-15,14.9458,14.9875,14.7524,14.7936,14.7936,9938888,1.511893,14.2906,14.266,,1.363243,2016,9,3,3
2016-09-16,14.7567,14.9708,14.6772,14.8907,14.8907,28092203,0.655773,14.3186,14.282,,1.344762,2016,9,4,3
2016-09-19,15.1147,15.1547,15.0381,15.078,15.078,11522238,1.25808,14.3687,14.3015,,1.280345,2016,9,0,3
2016-09-20,15.4725,15.6502,15.3296,15.507,15.507,7503749,2.845565,14.4533,14.3343,,1.285369,2016,9,1,3
2016-09-21,15.4053,15.5057,15.3413,15.4415,15.4415,9907321,-0.422524,14.528,14.3606,,1.301509,2016,9,2,3
2016-09-22,15.2221,15.3082,15.1739,15.2599,15.2599,8018311,-1.176259,14.5896,14.3799,,1.355197,2016,9,3,3
2016-09-23,14.9982,15.0986,14.9528,15.053,15.053,12393924,-1.356126,14.6372,14.3914,,1.412425,2016,9,4,3
2016-09-26,14.97,15.0143,14.8258,14.8698,14.8698,14125717,-1.216736,14.6711,14.4031,,1.45182,2016,9,0,3
2016-09-27,14.9075,14.9387,14.8262,14.8574,14.8574,16802641,-0.0834,14.7108,14.4083,,1.428972,2016,9,1,3
2016-09-28,14.9399,15.0012,14.8773,14.9386,14.9386,8740915,0.54623,14.7512,14.4211,,1.429515,2016,9,2,3
2016-09-29,15.0852,15.1757,14.9141,15.0041,15.0041,23257525,0.439035,14.7908,14.4326,,1.428528,2016,9,3,3
2016-09-30,15.1007,15.2674,15.0265,15.1927,15.1927,17217717,1.256475,14.8468,14.4381,,1.413046,2016,9,4,3
2016-10-03,15.1136,15.3096,14.9991,15.1945,15.1945,5245325,0.011813,14.8821,14.4482,,1.281483,2016,10,0,4
2016-10-04,15.3894,15.6302,15.2847,15.5246,15.5246,42938380,2.172917,14.9283,14.4673,,1.348037,2016,10,1,4
2016-10-05,15.4121,15.5193,15.3483,15.4553,15.4553,10606729,-0.446217,14.9837,14.4845,,1.274155,2016,10,2,4
2016-10-06,16.0902,16.1463,16.0237,16.0798,16.0798,8611623,4.040298,15.0625,14.5162,,1.50989,2016,10,3,4
2016-10-07,16.2188,16.3079,16.123,16.2121,16.2121,25088321,0.82294,15.158,14.5572,,1.441576,2016,10,4,4
2016-10-10,15.9922,16.1205,15.8545,15.9827,15.9827,35819605,-1.415158,15.2329,14.5931,,1.502982,2016,10,0,4
2016-10-11,15.621,15.7723,15.5587,15.7096,15.7096,10569415,-1.708394,15.2809,14.6277,,1.546968,2016,10,1,4
2016-10-12,15.8634,15.9057,15.7703,15.8126,15.8126,6683408,0.655164,15.3429,14.662,,1.506235,2016,10,2,4
2016-10-13,15.7619,15.8353,15.6735,15.7468,15.7468,7816352,-0.415791,15.3905,14.6986,,1.494287,2016,10,3,4
2016-10-14,15.9508,16.0221,15.8329,15.9041,15.9041,14713670,0.99894,15.4412,14.7315,,1.500265,2016,10,4,4
2016-10-17,15.8816,16.0633,15.8215,16.0028,16.0028,19344692,0.620278,15.4874,14.7694,,1.486446,2016,10,0,4
2016-10-18,15.989,16.0889,15.8694,15.9691,15.9691,11739709,-0.210085,15.5106,14.8077,,1.363934,2016,10,1,4
2016-10-19,15.6761,15.7817,15.6455,15.7509,15.7509,10859711,-1.36652,15.526,14.8379,,1.400831,2016,10,2,4
2016-10-20,15.3576,15.4724,15.2675,15.3821,15.3821,29078546,-2.341704,15.5321,14.8657,,1.479138,2016,10,3,4
2016-10-21,15.3082,15.3779,15.2061,15.2756,15.2756,7555513,-0.692379,15.5433,14.89,,1.453141,2016,10,4,4
2016-10-24,15.4763,15.6369,15.3102,15.4707,15.4707,18595879,1.277393,15.5733,14.9124,,1.442678,2016,10,0,4
2016-10-25,15.4626,15.5702,15.4081,15.5155,15.5155,7118520,0.289332,15.6062,14.9423,,1.441121,2016,10,1,4
2016-10-26,15.2202,15.2696,15.1704,15.2198,15.2198,14386513,-1.905566,15.6203,14.9652,,1.514904,2016,10,2,4
2016-10-27,15.1661,15.3005,15.1254,15.2596,15.2596,7862858,0.261488,15.633,14.9874,,1.513358,2016,10,3,4
2016-10-28,15.418,15.645,15.1213,15.3474,15.3474,8620960,0.57501,15.6408,15.0078,,1.493377,2016,10,4,4
2016-10-31,15.1295,15.1946,15.0769,15.1419,15.1419,8109893,-1.338563,15.6382,15.0291,,1.525899,2016,10,0,4
2016-11-01,15.247,15.3479,15.0786,15.1791,15.1791,18805264,0.245315,15.6209,15.0564,,1.439434,2016,11,1,4
2016-11-02,15.1619,15.2282,15.1277,15.1939,15.1939,5254102,0.097652,15.6078,15.0813,,1.437739,2016,11,2,4
2016-11-03,14.9035,15.089,14.7496,14.9348,14.9348,6911601,-1.705537,15.5506,15.0994,14.0137,1.108367,2016,11,3,4
2016-11-04,14.9756,15.0544,14.9429,15.0215,15.0215,31860514,0.581007,15.491,15.1179,14.0182,1.095996,2016,11,4,4
2016-11-07,15.2061,15.2943,15.0651,15.153,15.153,16880879,0.875335,15.4495,15.1371,14.0236,1.101234,2016,11,0,4
2016-11-08,15.3581,15.4972,15.2629,15.4018,15.4018,2530183,1.641626,15.4342,15.1638,14.0295,1.123935,2016,11,1,4
2016-11-09,15.6833,15.7529,15.5735,15.6429,15.6429,7456049,1.565709,15.4257,15.1941,14.0351,1.173193,2016,11,2,4
2016-11-10,15.2892,15.3488,15.2531,15.3126,15.3126,3860968,-2.111573,15.404,15.2161,14.0392,1.259339,2016,11,3,4
2016-11-11,14.9775,15.1701,14.9049,15.0968,15.0968,5815025,-1.4091,15.3636,15.2366,14.0426,1.26062,2016,11,4,4
2016-11-14,15.183,15.3721,15.0289,15.2177,15.2177,1410184,0.800375,15.3243,15.2512,14.0449,1.267805,2016,11,0,4
2016-11-15,15.2645,15.3881,15.2135,15.3368,15.3368,8513640,0.78294,15.2927,15.2659,14.047,1.288461,2016,11,1,4
2016-11-16,15.457,15.6207,15.2911,15.4549,15.4549,4648038,0.769736,15.2779,15.288,14.0503,1.274607,2016,11,2,4
2016-11-17,16.2675,16.4386,16.1746,16.3453,16.3453,17328032,5.761538,15.3261,15.3249,14.0575,1.727603,2016,11,3,4
2016-11-18,16.5258,16.5938,16.3971,16.4648,16.4648,3455417,0.731283,15.3855,15.3681,14.0659,1.713046,2016,11,4,4
2016-11-21,16.7166,16.7824,16.6569,16.7227,16.7227,11001132,1.566181,15.4481,15.4129,14.0761,1.722119,2016,11,0,4
2016-11-22,16.9223,16.9968,16.8599,16.9343,16.9343,7795922,1.265601,15.5191,15.4566,14.0872,1.732511,2016,11,1,4
2016-11-23,17.1128,17.3019,16.8793,17.068,17.068,22785143,0.789243,15.6115,15.5065,14.1012,1.641886,2016,11,2,4
2016-11-24,17.0182,17.0717,16.8997,16.9529,16.9529,21191482,-0.674457,15.6962,15.5497,14.1164,1.664838,2016,11,3,4
2016-11-25,17.1125,17.2141,17.0123,17.1139,17.1139,15226420,0.949598,15.7845,15.5941,14.133,1.667352,2016,11,4,4
2016-11-28,16.8284,16.9148,16.7942,16.8805,16.8805,8394711,-1.36369,15.8714,15.6302,14.1494,1.668866,2016,11,0,4
2016-11-29,16.6711,16.9338,16.5287,16.7903,16.7903,29157961,-0.534369,15.952,15.6559,14.165,1.685576,2016,11,1,4
2016-11-30,16.594,16.6738,16.56,16.6397,16.6397,3720980,-0.896914,16.0243,15.6798,14.1807,1.713106,2016,11,2,4
2016-12-01,16.5938,16.8009,16.4282,16.6349,16.6349,3466305,-0.028992,16.1093,15.7073,14.1977,1.640571,2016,12,3,4
2016-12-02,17.1947,17.3286,17.0535,17.1873,17.1873,12498758,3.321215,16.2176,15.75,14.2159,1.75356,2016,12,4,4
2016-12-05,16.647,16.705,16.6121,16.6701,16.6701,50132506,-3.009679,16.2934,15.786,14.2318,1.937491,2016,12,0,4
2016-12-06,16.8625,16.9698,16.7091,16.8162,16.8162,8316951,0.876685,16.3641,15.8252,14.2482,1.921163,2016,12,1,4
2016-12-07,16.3409,16.4394,16.2828,16.3811,16.3811,10974282,-2.587344,16.401,15.854,14.2638,2.017132,2016,12,2,4
2016-12-08,16.2419,16.4077,16.0799,16.2456,16.2456,3929627,-0.827014,16.4477,15.8789,14.2792,1.957553,2016,12,3,4
2016-12-09,16.5724,16.6758,16.3914,16.4943,16.4943,18366085,1.5305,16.5176,15.9049,14.2955,1.931541,2016,12,4,4
2016-12-12,16.5113,16.6649,16.3354,16.4887,16.4887,14268418,-0.033608,16.5811,15.9308,14.3129,1.932833,2016,12,0,4
2016-12-13,16.197,16.2514,16.1466,16.2009,16.2009,17407714,-1.745518,16.6243,15.9443,14.3284,1.98966,2016,12,1,4
2016-12-14,15.9731,16.0592,15.9257,16.0117,16.0117,6780827,-1.168108,16.6522,15.9554,14.3434,2.012278,2016,12,2,4
2016-12-15,16.1224,16.2157,16.0702,16.1633,16.1633,6217800,0.947271,16.6431,15.9571,14.3593,1.545237,2016,12,3,4
2016-12-16,15.9174,16.1465,15.7433,15.9718,15.9718,4565804,-1.185258,16.6184,15.9523,14.3747,1.55399,2016,12,4,4
2016-12-19,15.9786,16.167,15.8251,16.0132,16.0132,8848282,0.259437,16.5829,15.9529,14.3884,1.505163,2016,12,0,4
2016-12-20,16.0614,16.2614,15.8136,16.013,16.013,4184864,-0.001386,16.5369,15.959,14.402,1.466133,2016,12,1,4
2016-12-21,15.8313,15.886,15.7907,15.8454,15.8454,4782098,-1.046605,16.4757,15.9596,14.4157,1.453801,2016,12,2,4
2016-12-22,16.2591,16.3999,16.2067,16.3473,16.3473,10014071,3.167652,16.4455,15.9716,14.431,1.650703,2016,12,3,4
2016-12-23,16.6018,16.7525,16.3355,16.4852,16.4852,6962786,0.843191,16.414,15.9833,14.4481,1.647076,2016,12,4,4
2016-12-26,15.9847,16.1268,15.8224,15.9643,15.9643,9573345,-3.159728,16.3682,15.9825,14.4623,1.760409,2016,12,0,4
2016-12-27,15.9093,16.1178,15.7915,15.9993,15.9993,11047143,0.219458,16.3287,15.9831,14.4784,1.762383,2016,12,1,4
2016-12-28,15.8023,15.8752,15.7574,15.8303,15.8303,10180237,-1.056637,16.2882,15.9847,14.4948,1.765941,2016,12,2,4
2016-12-29,16.033,16.1463,15.9126,16.0259,16.0259,8372967,1.235887,16.2577,15.9976,14.5119,1.79607,2016,12,3,4
2016-12-30,15.9327,16.0064,15.7516,15.8248,15.8248,11197907,-1.254925,16.1896,16.0086,14.527,1.609576,2016,12,4,4
2017-01-02,15.7211,15.883,15.6296,15.7911,15.7911,4601087,-0.212806,16.1457,16.015,14.5417,1.487779,2017,1,0,1
2017-01-03,15.9671,16.0424,15.83,15.905,15.905,9742175,0.721305,16.1001,16.0228,14.5569,1.481926,2017,1,1,1
2017-01-04,16.1938,16.2648,16.033,16.1036,16.1036,10916515,1.248738,16.0862,16.0404,14.5732,1.412521,2017,1,2,1
2017-01-05,15.7621,15.8719,15.6922,15.8018,15.8018,4486720,-1.874051,16.064,16.0513,14.5893,1.460416,2017,1,3,1
2017-01-06,15.6993,15.8079,15.6083,15.7168,15.7168,16112877,-0.53822,16.0252,16.0587,14.6054,1.409107,2017,1,4,1
2017-01-09,15.5362,15.7117,15.4259,15.6009,15.6009,5414448,-0.737215,15.9808,16.0678,14.6213,1.41268,2017,1,0,1
2017-01-10,15.4339,15.4907,15.3898,15.4465,15.4465,10133968,-0.98977,15.9431,16.0732,14.6351,1.380794,2017,1,1,1
2017-01-11,15.8549,15.9784,15.7336,15.8572,15.8572,24421309,2.658655,15.9353,16.0865,14.6506,1.503511,2017,1,2,1
2017-01-12,15.989,16.0572,15.879,15.947,15.947,15511067,0.566225,15.9245,16.1067,14.668,1.492748,2017,1,3,1
2017-01-13,15.7053,15.7876,15.555,15.6371,15.6371,11403336,-1.943259,15.9078,16.119,14.6833,1.532013,2017,1,4,1
2017-01-16,15.803,15.8965,15.7571,15.8504,15.8504,8169047,1.364518,15.8996,16.133,14.6999,1.56503,2017,1,0,1
2017-01-17,16.2202,16.4709,16.0992,16.3489,16.3489,22737575,3.144547,15.9164,16.1519,14.7195,1.719525,2017,1,1,1
2017-01-18,16.5846,16.6313,16.5393,16.586,16.586,15421549,1.450552,15.9535,16.1708,14.7394,1.721183,2017,1,2,1
2017-01-19,16.2063,16.2768,16.1169,16.1873,16.1873,8239831,-2.404064,15.9455,16.1883,14.7562,1.673081,2017,1,3,1
2017-01-20,16.073,16.1393,15.9908,16.057,16.057,5771216,-0.804835,15.9241,16.2075,14.7713,1.668083,2017,1,4,1
2017-01-23,16.3308,16.4682,16.215,16.3522,16.3522,3140220,1.838497,15.9435,16.2301,14.7886,1.559302,2017,1,0,1
2017-01-24,16.1709,16.2529,16.0809,16.1628,16.1628,10830650,-1.158028,15.9516,16.2467,14.805,1.585421,2017,1,1,1
2017-01-25,16.3571,16.4186,16.1973,16.2585,16.2585,8508547,0.591845,15.973,16.2627,14.8215,1.566906,2017,1,2,1
2017-01-26,16.4587,16.5126,16.3798,16.4336,16.4336,19189264,1.077072,15.9934,16.2645,14.8377,1.56148,2017,1,3,1
2017-01-27,16.1637,16.2822,16.0695,16.1879,16.1879,12935969,-1.495349,16.0116,16.259,14.8531,1.57364,2017,1,4,1
2017-01-30,16.1289,16.2591,16.0312,16.1613,16.1613,18400793,-0.164458,16.0301,16.2477,14.8683,1.573131,2017,1,0,1
2017-01-31,15.3535,15.431,15.2864,15.3639,15.3639,10729015,-4.933561,16.003,16.2163,14.8805,1.928791,2017,1,1,1
2017-02-01,15.2313,15.3486,15.0158,15.1323,15.1323,20685600,-1.507812,15.9545,16.1776,14.8926,1.921671,2017,2,2,1
2017-02-02,15.073,15.1573,14.9997,15.084,15.084,6197011,-0.318662,15.9186,16.1402,14.9035,1.885447,2017,2,3,1
2017-02-03,14.8107,14.8711,14.7514,14.8118,14.8118,17444288,-1.804536,15.8733,16.0942,14.9115,1.917851,2017,2,4,1
2017-02-06,15.161,15.3698,14.9818,15.1903,15.1903,4995204,2.554854,15.8528,16.0604,14.9214,2.01521,2017,2,0,1
2017-02-07,14.938,15.0068,14.8041,14.8726,14.8726,13147103,-2.091085,15.8241,16.022,14.9286,2.055056,2017,2,1,1
2017-02-08,14.905,14.9341,14.7603,14.7891,14.7891,2706523,-0.561701,15.7707,15.985,14.9349,1.945065,2017,2,2,1
2017-02-09,14.8612,14.9528,14.743,14.8344,14.8344,7231992,0.306701,15.7151,15.949,14.9419,1.939629,2017,2,3,1
2017-02-10,15.1757,15.2712,15.0752,15.1707,15.1707,15037435,2.266416,15.6918,15.9087,14.9502,1.984714,2017,2,4,1
2017-02-13,14.855,14.9294,14.7785,14.8529,14.8529,8356908,-2.094844,15.6419,15.8723,14.9552,1.998083,2017,2,0,1
2017-02-14,14.9831,15.1758,14.9351,15.1274,15.1274,5805499,1.848119,15.5808,15.8386,14.9616,1.898834,2017,2,1,1
2017-02-15,15.1847,15.2257,15.0987,15.1396,15.1396,13506265,0.080917,15.5085,15.8137,14.9663,1.853876,2017,2,2,1
2017-02-16,14.9344,15.1218,14.7392,14.9264,14.9264,9665923,-1.408003,15.4454,15.7874,14.9727,1.811188,2017,2,3,1
2017-02-17,15.0697,15.2502,14.8637,15.0439,15.0439,6895419,0.787262,15.3948,15.7583,14.9788,1.826865,2017,2,4,1
2017-02-20,15.0577,15.1719,14.9868,15.1007,15.1007,8820583,0.377432,15.3322,15.7306,14.985,1.764609,2017,2,0,1
2017-02-21,14.9525,15.0354,14.8928,14.9755,14.9755,45423417,-0.828937,15.2728,15.7061,14.9908,1.75852,2017,2,1,1
2017-02-22,14.9799,15.2295,14.7554,15.0046,15.0046,16601502,0.193771,15.2101,15.6859,14.9966,1.749338,2017,2,2,1
2017-02-23,14.9917,15.0546,14.868,14.9307,14.9307,17661537,-0.492577,15.135,15.6613,15.004,1.715128,2017,2,3,1
2017-02-24,14.9477,15.0352,14.8831,14.9704,14.9704,10941208,0.266359,15.0741,15.6413,15.0117,1.704595,2017,2,4,1
2017-02-27,15.2589,15.388,15.0047,15.1328,15.1328,10737851,1.084809,15.0227,15.6236,15.0197,1.735374,2017,2,0,1
2017-02-28,15.5301,15.5867,15.4468,15.5034,15.5034,2808037,2.448554,15.0297,15.6135,15.028,1.465065,2017,2,1,1
2017-03-01,15.141,15.274,15.0859,15.2187,15.2187,7314617,-1.836304,15.034,15.6009,15.0354,1.485215,2017,3,2,1
2017-03-02,15.7064,15.7535,15.6675,15.7145,15.7145,9779901,3.258125,15.0655,15.5883,15.0459,1.646481,2017,3,3,1
2017-03-03,15.2137,15.4369,15.0307,15.2534,15.2534,4167693,-2.934163,15.0876,15.5636,15.0546,1.736425,2017,3,4,1
2017-03-06,15.0935,15.3107,15.0107,15.2271,15.2271,4132737,-0.172356,15.0894,15.5489,15.0621,1.643144,2017,3,0,1
2017-03-07,15.4689,15.5127,15.327,15.3705,15.3705,2892201,0.941705,15.1143,15.5363,15.0699,1.576165,2017,3,1,1
2017-03-08,15.4849,15.5506,15.3761,15.4415,15.4415,8537006,0.461863,15.147,15.5285,15.0785,1.567525,2017,3,2,1
2017-03-09,15.3348,15.6514,14.9862,15.3021,15.3021,15457048,-0.9027,15.1703,15.5141,15.0858,1.587519,2017,3,3,1
2017-03-10,15.2721,15.4524,15.0819,15.262,15.262,16357800,-0.261972,15.1749,15.5028,15.0927,1.510356,2017,3,4,1
2017-03-13,15.074,15.3106,14.9221,15.1578,15.1578,11671488,-0.682828,15.1902,15.4901,15.098,1.436464,2017,3,0,1
2017-03-14,15.0055,15.0824,14.9578,15.0346,15.0346,5223594,-0.812872,15.1855,15.4727,15.1034,1.389613,2017,3,1,1
2017-03-15,15.2908,15.3394,15.1911,15.2395,15.2395,3184728,1.362917,15.1905,15.4554,15.1101,1.42374,2017,3,2,1
2017-03-16,15.2659,15.3613,15.2351,15.3304,15.3304,3118520,0.596315,15.2107,15.446,15.1176,1.386315,2017,3,3,1
2017-03-17,15.0248,15.2368,14.9672,15.1786,15.1786,4483616,-0.990431,15.2174,15.4353,15.1257,1.399739,2017,3,4,1
2017-03-20,15.3801,15.4639,15.3103,15.3941,15.3941,6007392,1.419912,15.2321,15.4311,15.1345,1.431474,2017,3,0,1
2017-03-21,15.4627,15.5238,15.4104,15.4715,15.4715,7996145,0.50283,15.2569,15.4316,15.1433,1.416594,2017,3,1,1
2017-03-22,15.6736,15.8159,15.5228,15.6651,15.6651,5429350,1.251312,15.2899,15.4278,15.153,1.437018,2017,3,2,1
2017-03-23,15.8603,15.9459,15.7287,15.8142,15.8142,11652924,0.951699,15.3341,15.4251,15.1636,1.435326,2017,3,3,1
2017-03-24,15.6556,15.715,15.5564,15.6157,15.6157,8728004,-1.254813,15.3664,15.4247,15.1745,1.476776,2017,3,4,1
2017-03-27,15.5029,15.6149,15.375,15.4869,15.4869,9390646,-0.825268,15.3841,15.4174,15.1851,1.479772,2017,3,0,1
2017-03-28,15.7403,15.8027,15.6034,15.6654,15.6654,19471772,1.153065,15.3922,15.4038,15.1968,1.398903,2017,3,1,1
2017-03-29,15.7143,15.9342,15.5911,15.8103,15.8103,4662682,0.924865,15.4218,15.3882,15.2099,1.336635,2017,3,2,1
2017-03-30,15.8359,15.9051,15.7349,15.804,15.804,10367306,-0.040109,15.4262,15.3806,15.223,1.126305,2017,3,3,1
2017-03-31,15.8703,15.9261,15.7749,15.8306,15.8306,8199917,0.16838,15.4551,15.376,15.2356,0.883375,2017,3,4,1
2017-04-03,16.0524,16.2181,15.9672,16.1324,16.1324,8999847,1.906576,15.5004,15.3716,15.2477,0.957729,2017,4,0,2
2017-04-04,15.8856,16.0686,15.7992,15.9817,15.9817,16173404,-0.934172,15.5309,15.368,15.2588,0.982446,2017,4,1,2
2017-04-05,16.0603,16.1904,15.9786,16.1084,16.1084,15688304,0.792593,15.5643,15.365,15.2702,0.989846,2017,4,2,2
2017-04-06,16.0101,16.2239,15.8392,16.0526,16.0526,4849027,-0.346509,15.6018,15.3574,15.2813,0.964236,2017,4,3,2
2017-04-07,16.0426,16.085,15.9521,15.9944,15.9944,7693697,-0.362596,15.6384,15.3535,15.2939,0.967274,2017,4,4,2
2017-04-10,16.2136,16.3349,16.1323,16.2535,16.2535,12490347,1.620265,15.6932,15.3554,15.3078,0.988605,2017,4,0,2
2017-04-11,16.3888,16.4825,16.3516,16.4452,16.4452,8374142,1.179118,15.7637,15.377,15.3224,0.964897,2017,4,1,2
2017-04-12,16.5918,16.7659,16.4587,16.6325,16.6325,13923555,1.138971,15.8334,15.407,15.3354,0.955041,2017,4,2,2
2017-04-13,17.0169,17.1062,16.8521,16.9411,16.9411,12920924,1.855647,15.9139,15.4442,15.35,1.00587,2017,4,3,2
2017-04-14,16.9241,17.0151,16.8323,16.9233,16.9233,24528686,-0.10531,16.0011,15.4864,15.3642,0.954759,2017,4,4,2
2017-04-17,17.0615,17.1204,17.0148,17.0737,17.0737,3756919,0.889049,16.0851,15.524,15.379,0.936501,2017,4,0,2
2017-04-18,16.9612,17.0044,16.9254,16.9686,16.9686,8353944,-0.615404,16.16,15.566,15.3945,0.970548,2017,4,1,2
2017-04-19,17.1157,17.154,16.9895,17.0277,17.0277,4959988,0.348024,16.2281,15.6107,15.4091,0.953006,2017,4,2,2
2017-04-20,16.919,17.021,16.8681,16.9699,16.9699,12278267,-0.339575,16.2859,15.6534,15.4224,0.958968,2017,4,3,2
2017-04-21,17.0605,17.1007,16.9312,16.9712,16.9712,3036461,0.007779,16.3537,15.6895,15.4349,0.886016,2017,4,4,2
2017-04-24,17.1139,17.1623,17.0511,17.0995,17.0995,11325097,0.755844,16.4343,15.7344,15.449,0.838235,2017,4,0,2
2017-04-25,16.853,17.022,16.695,16.8639,16.8639,7013408,-1.377878,16.4942,15.7691,15.4603,0.921352,2017,4,1,2
2017-04-26,17.546,17.6605,17.2587,17.3722,17.3722,8163354,3.014198,16.5723,15.8138,15.4757,1.090167,2017,4,2,2
2017-04-27,17.0068,17.1809,16.9053,17.0789,17.0789,4511995,-1.687974,16.6361,15.8568,15.4889,1.189144,2017,4,3,2
2017-04-28,16.719,16.8095,16.6524,16.7427,16.7427,8482758,-1.968644,16.6817,15.8908,15.498,1.301332,2017,4,4,2
2017-05-01,16.9314,17.1185,16.8287,17.0153,17.0153,20248147,1.627992,16.7258,15.9291,15.5097,1.284483,2017,5,0,2
2017-05-02,17.2592,17.3694,17.0839,17.1937,17.1937,9515065,1.048352,16.7864,15.9735,15.5228,1.262603,2017,5,1,2
2017-05-03,17.4445,17.5493,17.2234,17.3274,17.3274,13458865,0.77805,16.8474,16.0199,15.5364,1.262354,2017,5,2,2
2017-05-04,17.5776,17.7335,17.3061,17.4609,17.4609,25041223,0.770485,16.9178,16.0705,15.5513,1.253525,2017,5,3,2
2017-05-05,17.5106,17.5929,17.3434,17.4253,17.4253,9754974,-0.204066,16.9893,16.1196,15.5676,1.24875,2017,5,4,2
2017-05-08,17.1457,17.209,17.0959,17.1592,17.1592,7495333,-1.526924,17.0346,16.1601,15.5824,1.289393,2017,5,0,2
2017-05-09,17.1275,17.3184,16.9619,17.1526,17.1526,10670982,-0.038812,17.07,16.1931,15.5983,1.273324,2017,5,1,2
2017-05-10,16.839,17.0148,16.777,16.9524,16.9524,7134252,-1.167224,17.086,16.2278,15.6126,1.289895,2017,5,2,2
2017-05-11,17.3183,17.4323,17.0653,17.1784,17.1784,7466344,1.333352,17.0978,16.2571,15.6289,1.257426,2017,5,3,2
2017-05-12,17.1462,17.2155,17.045,17.1141,17.1141,3455408,-0.374209,17.1074,16.2943,15.6432,1.260911,2017,5,4,2
2017-05-15,16.8441,16.9595,16.7619,16.8773,16.8773,17860409,-1.383973,17.0976,16.3273,15.657,1.284808,2017,5,0,2
2017-05-16,16.8649,16.9106,16.7302,16.7758,16.7758,7114098,-0.601458,17.0879,16.3554,15.6706,1.284489,2017,5,1,2
2017-05-17,16.796,16.9182,16.7396,16.8616,16.8616,9832243,0.511724,17.0796,16.3838,15.6837,1.287672,2017,5,2,2
2017-05-18,16.7265,16.8487,16.5772,16.6993,16.6993,5132001,-0.962569,17.0661,16.4117,15.6973,1.302719,2017,5,3,2
2017-05-19,16.4655,16.5133,16.4292,16.4769,16.4769,13196781,-1.331684,17.0414,16.436,15.7094,1.332476,2017,5,4,2
2017-05-22,16.5675,16.8352,16.2583,16.5253,16.5253,5361374,0.293841,17.0127,16.4634,15.7202,1.320089,2017,5,0,2
2017-05-23,16.5691,16.618,16.5244,16.5733,16.5733,7773504,0.290442,16.9981,16.4942,15.733,1.291643,2017,5,1,2
2017-05-24,16.3383,16.5919,16.181,16.4337,16.4337,15849063,-0.842661,16.9512,16.5181,15.7448,1.07533,2017,5,2,2
2017-05-25,16.3117,16.4355,16.183,16.3068,16.3068,14858145,-0.772173,16.9126,16.5376,15.7556,1.030412,2017,5,3,2
2017-05-26,16.424,16.5148,16.2649,16.3553,16.3553,8363854,0.297849,16.8932,16.5611,15.7657,0.950181,2017,5,4,2
2017-05-29,15.9892,16.0557,15.9246,15.9911,15.9911,4030792,-2.227138,16.842,16.5731,15.7753,0.969316,2017,5,0,2
2017-05-30,15.7004,15.8432,15.5094,15.6518,15.6518,69079169,-2.12156,16.7649,16.5767,15.7845,0.99512,2017,5,1,2
2017-05-31,15.4236,15.5868,15.3255,15.4883,15.4883,27618869,-1.044554,16.673,16.5731,15.7922,0.958165,2017,5,2,2
2017-06-01,15.4456,15.6046,15.2883,15.4473,15.4473,12998966,-0.265244,16.5723,16.5658,15.7993,0.909505,2017,6,3,2
2017-06-02,15.4899,15.6261,15.3927,15.5287,15.5287,5625140,0.527108,16.4775,16.564,15.8064,0.940708,2017,6,4,2
2017-06-05,15.9277,15.9745,15.8336,15.8803,15.8803,10781799,2.264034,16.4135,16.5719,15.8148,1.105331,2017,6,0,2
2017-06-06,16.0875,16.2042,15.9689,16.0855,16.0855,7247626,1.292427,16.3602,16.5803,15.825,1.165454,2017,6,1,2
2017-06-07,16.0881,16.2025,15.9297,16.0438,16.0438,17965059,-0.259224,16.3147,16.585,15.8345,1.14803,2017,6,2,2
2017-06-08,16.1068,16.1995,15.9447,16.037,16.037,9444016,-0.042351,16.2577,16.5896,15.8437,1.086552,2017,6,3,2
2017-06-09,15.8375,15.9123,15.7192,15.7938,15.7938,6536552,-1.516438,16.1916,16.5889,15.8522,1.118139,2017,6,4,2
2017-06-12,15.8097,15.8783,15.7239,15.7924,15.7924,6042037,-0.008771,16.1374,16.5821,15.8588,1.096168,2017,6,0,2
2017-06-13,15.6643,15.8352,15.5567,15.7271,15.7271,16978078,-0.413466,16.085,16.577,15.8644,1.094486,2017,6,1,2
2017-06-14,15.8075,15.929,15.6863,15.8077,15.8077,23024905,0.512333,16.0323,16.571,15.8717,1.09451,2017,6,2,2
2017-06-15,15.5811,15.6619,15.5337,15.6144,15.6144,24968535,-1.222583,15.978,16.5622,15.8773,1.104091,2017,6,3,2
2017-06-16,15.7212,15.7979,15.6663,15.7429,15.7429,14655546,0.822615,15.9413,16.5572,15.8845,1.106255,2017,6,4,2
2017-06-19,16.0851,16.1823,16.0121,16.1092,16.1092,10001708,2.327074,15.9205,16.5543,15.8926,1.241313,2017,6,0,2
2017-06-20,16.0171,16.2496,15.8483,16.0801,16.0801,1185479,-0.180954,15.8959,16.547,15.8992,1.237577,2017,6,1,2
2017-06-21,16.0481,16.2248,15.9984,16.1747,16.1747,10680584,0.588688,15.8829,16.5379,15.9072,1.236414,2017,6,2,2
2017-06-22,16.2945,16.5175,16.1156,16.3381,16.3381,9589393,1.010052,15.8845,16.5258,15.915,1.247479,2017,6,3,2
2017-06-23,16.2451,16.2797,16.1979,16.2325,16.2325,9833124,-0.646407,15.8783,16.512,15.9217,1.254141,2017,6,4,2
2017-06-26,16.1943,16.4183,16.0587,16.2821,16.2821,8765929,0.305297,15.8929,16.4962,15.9277,1.143632,2017,6,0,2
2017-06-27,16.2802,16.4648,16.0946,16.2792,16.2792,3622631,-0.01761,15.9243,16.4824,15.9316,1.01883,2017,6,1,2
2017-06-28,16.4211,16.5225,16.1966,16.2972,16.2972,11424507,0.110698,15.9647,16.4678,15.9358,0.976322,2017,6,2,2
2017-06-29,16.168,16.2053,16.065,16.1021,16.1021,14523434,-1.197166,15.9974,16.4504,15.94,1.023764,2017,6,3,2
2017-06-30,16.2117,16.3393,15.9792,16.1059,16.1059,12103312,0.023231,16.0263,16.4331,15.9453,1.021819,2017,6,4,2
2017-07-03,16.2495,16.3447,16.129,16.2241,16.2241,16174466,0.734023,16.0435,16.4156,15.9521,0.909252,2017,7,0,3
2017-07-04,16.6502,16.7236,16.4998,16.5728,16.5728,16332284,2.149599,16.0679,16.4098,15.9607,0.98492,2017,7,1,3
2017-07-05,16.7513,16.8463,16.7051,16.8,16.8,7946782,1.370604,16.1057,16.3983,15.97,1.015876,2017,7,2,3
2017-07-06,17.2821,17.3799,17.2291,17.3268,17.3268,12329236,3.13568,16.1702,16.4033,15.9816,1.201696,2017,7,3,3
2017-07-07,16.9137,17.2363,16.7799,17.101,17.101,10680164,-1.302745,16.2355,16.4104,15.9911,1.184642,2017,7,4,3
2017-07-10,17.3853,17.4777,17.2112,17.3032,17.3032,10528092,1.182115,16.3111,16.4162,16.0017,1.192651,2017,7,0,3
2017-07-11,17.4319,17.4875,17.27,17.3252,17.3252,14930973,0.127074,16.391,16.4188,16.0107,1.177738,2017,7,1,3
2017-07-12,17.8287,18.0424,17.655,17.8683,17.8683,18926552,3.134731,16.494,16.4297,16.0227,1.317818,2017,7,2,3
2017-07-13,17.597,17.7277,17.4842,17.6149,17.6149,35828524,-1.418345,16.594,16.4327,16.0304,1.332886,2017,7,3,3
2017-07-14,17.309,17.4028,17.2676,17.3613,17.3613,38844738,-1.439357,16.6749,16.4315,16.0362,1.408006,2017,7,4,3
2017-07-17,17.2051,17.2438,17.1402,17.1788,17.1788,10174822,-1.051334,16.7284,16.4318,16.0421,1.379619,2017,7,0,3
2017-07-18,16.6835,16.804,16.4888,16.6088,16.6088,1349920,-3.318137,16.7548,16.421,16.0466,1.601397,2017,7,1,3
2017-07-19,16.3517,16.6868,16.133,16.4665,16.4665,19705882,-0.856496,16.7694,16.4113,16.0499,1.614256,2017,7,2,3
2017-07-20,16.2973,16.4452,16.1229,16.2706,16.2706,7177485,-1.189538,16.7661,16.3931,16.0525,1.624017,2017,7,3,3
2017-07-21,16.2849,16.3794,16.2085,16.3029,16.3029,5141875,0.198553,16.7696,16.3769,16.0545,1.617519,2017,7,4,3
2017-07-24,16.3891,16.4242,16.3465,16.3816,16.3816,6904063,0.482695,16.7746,16.367,16.0564,1.61957,2017,7,0,3
2017-07-25,16.8672,16.9147,16.7888,16.8363,16.8363,9424103,2.775188,16.8024,16.3682,16.0607,1.730664,2017,7,1,3
2017-07-26,17.048,17.1695,16.9394,17.0608,17.0608,14592566,1.333943,16.8406,16.3722,16.0673,1.749504,2017,7,2,3
2017-07-27,16.8863,16.93,16.8497,16.8933,16.8933,3761048,-0.981847,16.8802,16.376,16.0749,1.740811,2017,7,3,3
2017-07-28,16.635,16.6998,16.5844,16.6492,16.6492,5419348,-1.445113,16.9073,16.3795,16.0817,1.781563,2017,7,4,3
2017-07-31,16.8257,16.9563,16.6306,16.7606,16.7606,11135900,0.669272,16.9341,16.3842,16.0882,1.780564,2017,7,0,3
2017-08-01,16.4426,16.4986,16.3592,16.4151,16.4151,16519628,-2.06147,16.9263,16.381,16.0927,1.784106,2017,8,1,3
2017-08-02,16.8743,16.9173,16.8165,16.8594,16.8594,17952530,2.706791,16.9292,16.3895,16.1009,1.862709,2017,8,2,3
2017-08-03,17.0551,17.3301,16.8682,17.1423,17.1423,6635035,1.677444,16.92,16.4062,16.1103,1.760658,2017,8,3,3
2017-08-04,16.9748,17.1014,16.8741,17.0005,17.0005,5189653,-0.826643,16.915,16.4191,16.1185,1.745826,2017,8,4,3
2017-08-07,16.6051,16.668,16.483,16.5456,16.5456,9149110,-2.675967,16.8771,16.4302,16.1256,1.818234,2017,8,0,3
2017-08-08,16.8753,17.0585,16.6895,16.8727,16.8727,12820299,1.976943,16.8545,16.4547,16.134,1.882102,2017,8,1,3
2017-08-09,16.8727,16.9482,16.7531,16.8283,16.8283,20535149,-0.263079,16.8025,16.4815,16.1422,1.719621,2017,8,2,3
2017-08-10,17.2473,17.3889,16.9857,17.1263,17.1263,3156935,1.770816,16.778,16.515,16.1532,1.756495,2017,8,3,3
2017-08-11,16.7657,16.835,16.6274,16.6964,16.6964,10616870,-2.510535,16.7448,16.5384,16.1615,1.814043,2017,8,4,3
2017-08-14,16.5408,16.6934,16.3821,16.5347,16.5347,4299431,-0.96853,16.7126,16.5515,16.1684,1.812041,2017,8,0,3
2017-08-15,16.4939,16.6433,16.3785,16.5276,16.5276,2993794,-0.04239,16.7085,16.5603,16.1741,1.654181,2017,8,1,3
2017-08-16,16.3623,16.5983,16.2959,16.5312,16.5312,14351870,0.021374,16.7118,16.5701,16.1785,1.642183,2017,8,2,3
2017-08-17,16.4004,16.4484,16.3635,16.4114,16.4114,12710366,-0.724281,16.7188,16.5776,16.184,1.627189,2017,8,3,3
2017-08-18,16.5375,16.6943,16.4025,16.5591,16.5591,12344339,0.899659,16.7316,16.5929,16.1913,1.637946,2017,8,4,3
2017-08-21,16.3109,16.441,16.1555,16.2854,16.2854,18574488,-1.652578,16.7268,16.6027,16.1967,1.680099,2017,8,0,3
2017-08-22,16.2377,16.3859,16.0996,16.2477,16.2477,6277666,-0.231633,16.6974,16.6131,16.2012,1.546394,2017,8,1,3
2017-08-23,16.254,16.3498,16.1793,16.2749,16.2749,6377147,0.167319,16.6581,16.6225,16.2053,1.508357,2017,8,2,3
2017-08-24,16.2812,16.5091,16.1707,16.3979,16.3979,34145197,0.755551,16.6333,16.6382,16.2056,1.512482,2017,8,3,3
2017-08-25,16.5056,16.7185,16.3555,16.5679,16.5679,8315876,1.036773,16.6292,16.6546,16.2061,1.501355,2017,8,4,3
2017-08-28,16.3112,16.5623,16.0295,16.2801,16.2801,16830937,-1.736829,16.6052,16.6581,16.2039,1.539655,2017,8,0,3
2017-08-29,16.0122,16.0757,15.84,15.903,15.903,11839088,-2.316231,16.5796,16.6545,16.1987,1.557392,2017,8,1,3
2017-08-30,16.2066,16.2851,16.1345,16.213,16.213,3648262,1.948866,16.5473,16.6553,16.1944,1.492156,2017,8,2,3
2017-08-31,16.3141,16.4375,16.1696,16.2928,16.2928,2575736,0.492309,16.5048,16.6544,16.1911,1.43682,2017,8,3,3
2017-09-01,16.1687,16.2337,16.0425,16.1073,16.1073,6953864,-1.138323,16.4602,16.6519,16.1861,1.445139,2017,9,4,3
2017-09-04,16.43,16.5456,16.3679,16.4834,16.4834,21955820,2.335004,16.4571,16.6559,16.1841,1.438514,2017,9,0,3
2017-09-05,16.5301,16.6514,16.3848,16.5059,16.5059,13187572,0.136297,16.4387,16.6604,16.1827,1.361596,2017,9,1,3
2017-09-06,16.7416,16.9723,16.5612,16.7913,16.7913,18551603,1.729391,16.4369,16.6703,16.1835,1.420722,2017,9,2,3
2017-09-07,16.8543,16.916,16.7346,16.7962,16.7962,4450160,0.028722,16.4204,16.6842,16.1843,1.358385,2017,9,3,3
2017-09-08,17.3136,17.3606,17.2562,17.3031,17.3031,33453892,3.018339,16.4507,16.7082,16.1848,1.401443,2017,9,4,3
2017-09-11,17.7577,17.828,17.6664,17.7365,17.7365,6675272,2.504713,16.5108,16.7384,16.1902,1.464378,2017,9,0,3
2017-09-12,17.5843,17.7144,17.5096,17.6395,17.6395,10089837,-0.547171,16.5664,16.7597,16.1943,1.476011,2017,9,1,3
2017-09-13,17.9183,17.9535,17.8326,17.8677,17.8677,9981742,1.29399,16.6332,16.7811,16.2017,1.48909,2017,9,2,3
2017-09-14,18.1575,18.4071,17.7599,18.0074,18.0074,8325314,0.781542,16.713,16.7947,16.2105,1.46716,2017,9,3,3
2017-09-15,18.267,18.432,18.1764,18.341,18.341,24358159,1.852667,16.8021,16.8195,16.2198,1.496844,2017,9,4,3
2017-09-18,18.0084,18.1047,17.9368,18.033,18.033,7030565,-1.679506,16.8895,16.8341,16.2275,1.498914,2017,9,0,3
2017-09-19,18.199,18.3176,18.0637,18.1822,18.1822,4143974,0.827459,16.9862,16.8512,16.2374,1.489583,2017,9,1,3
2017-09-20,18.4895,18.528,18.3932,18.4315,18.4315,10287490,1.371561,17.094,16.8625,16.2495,1.496578,2017,9,2,3
2017-09-21,17.861,17.9717,17.7906,17.9011,17.9011,10023698,-2.878024,17.1692,16.8682,16.2582,1.689286,2017,9,3,3
2017-09-22,17.3509,17.6102,17.2912,17.5498,17.5498,84993489,-1.96234,17.2183,16.872,16.2661,1.766112,2017,9,4,3
2017-09-25,17.079,17.1237,16.9421,16.9866,16.9866,19965920,-3.209083,17.2536,16.8681,16.2709,1.882463,2017,9,0,3
2017-09-26,16.9543,17.0632,16.7944,16.9029,16.9029,6877547,-0.492694,17.3036,16.874,16.2754,1.794791,2017,9,1,3
2017-09-27,16.9525,17.1192,16.9052,17.0715,17.0715,5083694,0.997518,17.3465,16.8861,16.2815,1.761669,2017,9,2,3
2017-09-28,17.3972,17.5221,17.315,17.4396,17.4396,3681845,2.156086,17.4039,16.9095,16.287,1.811152,2017,9,3,3
2017-09-29,17.5444,17.5892,17.3905,17.435,17.435,4347179,-0.026148,17.4703,16.9322,16.2917,1.779646,2017,9,4,3
2017-10-02,17.9406,18.0234,17.755,17.8373,17.8373,12436861,2.307063,17.538,16.9613,16.3011,1.778068,2017,10,0,4
2017-10-03,17.5018,17.5522,17.3862,17.4364,17.4364,27500293,-2.247742,17.5845,16.9733,16.3083,1.874706,2017,10,1,4
2017-10-04,16.9553,17.056,16.8666,16.9672,16.9672,24352189,-2.690444,17.5933,16.9714,16.314,1.955048,2017,10,2,4
2017-10-05,16.9446,17.1418,16.7418,16.9389,16.9389,9485563,-0.166816,17.6004,16.9723,16.3185,1.955756,2017,10,3,4
2017-10-06,17.0141,17.1483,16.8888,17.023,17.023,7240581,0.49613,17.5864,16.9798,16.3245,1.832424,2017,10,4,4
2017-10-09,17.0763,17.1346,16.9415,16.9996,16.9996,9659086,-0.137523,17.5496,16.9846,16.3306,1.729733,2017,10,0,4
2017-10-10,16.4002,16.5211,16.3372,16.4578,16.4578,9718794,-3.18669,17.4905,16.9854,16.3333,1.854032,2017,10,1,4
2017-10-11,16.3792,16.5562,16.2556,16.4322,16.4322,23131668,-0.155857,17.4187,16.9769,16.335,1.815143,2017,10,2,4
2017-10-12,16.1727,16.3083,15.9725,16.1076,16.1076,10019957,-1.975461,17.3237,16.9562,16.3365,1.82518,2017,10,3,4
2017-10-13,16.27,16.3575,16.1853,16.2728,16.2728,9139054,1.02602,17.2203,16.9416,16.3393,1.776865,2017,10,4,4
2017-10-16,16.4529,16.5053,16.3105,16.3626,16.3626,2349264,0.551888,17.1368,16.938,16.3431,1.774334,2017,10,0,4
2017-10-17,16.0872,16.2203,15.9977,16.1305,16.1305,9162317,-1.418482,17.0342,16.9231,16.3465,1.758918,2017,10,1,4
2017-10-18,16.006,16.1716,15.8439,16.0095,16.0095,15213176,-0.75047,16.9131,16.9067,16.3473,1.697811,2017,10,2,4
2017-10-19,15.7027,15.8541,15.6099,15.7609,15.7609,5545596,-1.552871,16.8061,16.8794,16.3463,1.632452,2017,10,3,4
2017-10-20,15.7573,15.8277,15.6865,15.7569,15.7569,5124940,-0.025607,16.7164,16.8606,16.3469,1.605981,2017,10,4,4
2017-10-23,15.899,16.0381,15.8548,15.9936,15.9936,16683502,1.502698,16.6668,16.8498,16.3477,1.535579,2017,10,0,4
2017-10-24,15.7327,15.8828,15.6136,15.7635,15.7635,4261517,-1.438907,16.6098,16.8345,16.3447,1.556602,2017,10,1,4
2017-10-25,15.8024,15.9525,15.7439,15.8937,15.8937,17563658,0.825877,16.5509,16.8218,16.3413,1.549315,2017,10,2,4
2017-10-26,15.8195,15.8721,15.7233,15.7757,15.7757,6682709,-0.742188,16.4677,16.8091,16.3392,1.434305,2017,10,3,4
2017-10-27,15.6437,15.6968,15.546,15.599,15.599,7772283,-1.120411,16.3759,16.7899,16.3369,1.436538,2017,10,4,4
2017-10-30,15.4806,15.6235,15.4458,15.5885,15.5885,4130771,-0.067151,16.2635,16.7759,16.3331,1.277774,2017,10,0,4
2017-10-31,15.4432,15.5103,15.2946,15.3613,15.3613,13006377,-1.457711,16.1597,16.7582,16.3291,1.237814,2017,10,1,4
2017-11-01,15.4055,15.5452,15.1148,15.2531,15.2531,39963402,-0.703972,16.074,16.7378,16.3241,1.139048,2017,11,2,4
2017-11-02,15.0035,15.0536,14.9505,15.0007,15.0007,17088880,-1.654879,15.9771,16.7098,16.3169,1.162782,2017,11,3,4
2017-11-03,15.4299,15.6277,15.2721,15.4695,15.4695,7649998,3.125434,15.8995,16.6879,16.3133,1.414531,2017,11,4,4
2017-11-06,15.6703,15.6999,15.466,15.4953,15.4953,16337715,0.166285,15.8242,16.6722,16.31,1.419886,2017,11,0,4
2017-11-07,15.2687,15.3939,15.2247,15.3497,15.3497,7870288,-0.939354,15.7688,16.6611,16.3099,1.27351,2017,11,1,4
2017-11-08,15.4203,15.4993,15.34,15.419,15.419,19890179,0.451572,15.7182,16.6452,16.3113,1.285327,2017,11,2,4
2017-11-09,15.4228,15.5446,15.2901,15.4118,15.4118,13102854,-0.047113,15.6834,16.6276,16.313,1.224707,2017,11,3,4
2017-11-10,15.4623,15.6165,15.2262,15.3796,15.3796,1425518,-0.20872,15.6387,16.613,16.3158,1.189553,2017,11,4,4
2017-11-13,15.5634,15.6065,15.4979,15.541,15.541,5289516,1.049494,15.5976,16.5942,16.3176,1.212741,2017,11,0,4
2017-11-14,15.7027,15.8857,15.5515,15.7341,15.7341,17559753,1.242754,15.5778,16.5788,16.3219,1.22377,2017,11,1,4
2017-11-15,15.5622,15.7048,15.4795,15.6217,15.6217,10023694,-0.714768,15.5584,16.5554,16.326,1.222823,2017,11,2,4
2017-11-16,15.4806,15.665,15.3176,15.5018,15.5018,4997819,-0.767412,15.5455,16.5295,16.3294,1.186297,2017,11,3,4
2017-11-17,15.3931,15.5407,15.3081,15.4553,15.4553,5798906,-0.299697,15.5304,16.4925,16.3308,1.187264,2017,11,4,4
2017-11-20,14.9431,15.0097,14.8737,14.9403,14.9403,4306516,-3.332586,15.4777,16.4366,16.3312,1.32966,2017,11,0,4
2017-11-21,14.5966,14.6724,14.554,14.6297,14.6297,10808494,-2.079028,15.421,16.3764,16.3288,1.36495,2017,11,1,4
2017-11-22,14.8754,15.0096,14.8309,14.9648,14.9648,43641065,2.291022,15.3746,16.3184,16.3279,1.467611,2017,11,2,4
2017-11-23,15.4398,15.5565,15.2465,15.3626,15.3626,19682501,2.658343,15.3539,16.2655,16.3301,1.603232,2017,11,3,4
2017-11-24,15.2954,15.3638,15.2576,15.3259,15.3259,31202594,-0.239039,15.3403,16.2052,16.3315,1.586321,2017,11,4,4
2017-11-27,15.4015,15.654,15.2284,15.48,15.48,16288438,1.005538,15.3349,16.1541,16.3334,1.604676,2017,11,0,4
2017-11-28,15.5604,15.6824,15.4489,15.5708,15.5708,16547798,0.58662,15.3453,16.1019,16.3363,1.573259,2017,11,1,4
2017-11-29,16.3112,16.3551,16.2628,16.3067,16.3067,49753801,4.726056,15.398,16.0594,16.3429,1.871249,2017,11,2,4
2017-11-30,16.4668,16.6372,16.4127,16.5827,16.5827,13371215,1.692315,15.4771,16.033,16.3511,1.831667,2017,11,3,4
2017-12-01,16.5695,16.6038,16.5132,16.5475,16.5475,7453881,-0.212092,15.531,16.013,16.359,1.730911,2017,12,4,4
2017-12-04,16.2395,16.4326,16.1153,16.3078,16.3078,19234659,-1.448325,15.5716,15.9994,16.3649,1.777043,2017,12,0,4
2017-12-05,16.0262,16.2051,15.7395,15.9172,15.9172,28532738,-2.395176,15.6,15.9797,16.3669,1.857229,2017,12,1,4
2017-12-06,16.0095,16.0494,15.9363,15.9761,15.9761,6439817,0.369468,15.6279,15.9578,16.3707,1.85673,2017,12,2,4
2017-12-07,15.7786,15.9703,15.6125,15.8039,15.8039,6319160,-1.077509,15.6475,15.925,16.3712,1.877943,2017,12,3,4
2017-12-08,15.4332,15.5637,15.3492,15.4794,15.4794,12341191,-2.053611,15.6525,15.8859,16.3723,1.940369,2017,12,4,4
2017-12-11,15.3421,15.3831,15.3075,15.3485,15.3485,15421985,-0.845422,15.6428,15.8362,16.3729,1.935259,2017,12,0,4
2017-12-12,15.1585,15.2163,15.0638,15.1214,15.1214,16792141,-1.479414,15.6122,15.7899,16.3717,1.935677,2017,12,1,4
2017-12-13,15.5291,15.623,15.4367,15.5306,15.5306,5197757,2.706161,15.6076,15.7611,16.3721,2.03462,2017,12,2,4
2017-12-14,15.7407,15.8795,15.6157,15.7544,15.7544,32344987,1.440941,15.6203,15.7374,16.3744,2.05119,2017,12,3,4
2017-12-15,15.7702,15.8774,15.6593,15.7665,15.7665,5528794,0.076778,15.6358,15.7123,16.3769,2.049048,2017,12,4,4
2017-12-18,16.0915,16.2046,16.0174,16.1304,16.1304,9902589,2.308093,15.6953,15.6949,16.3818,1.933839,2017,12,0,4
2017-12-19,16.1336,16.1949,16.0946,16.1558,16.1558,4800917,0.15746,15.7716,15.6889,16.3874,1.845493,2017,12,1,4
2017-12-20,15.8202,16.0264,15.7477,15.9533,15.9533,50636133,-1.253389,15.8211,15.6793,16.3909,1.835965,2017,12,2,4
2017-12-21,16.3917,16.4769,16.2434,16.3281,16.3281,13497507,2.349442,15.8694,15.6837,16.3959,1.816599,2017,12,3,4
2017-12-22,16.4827,16.5801,16.3658,16.463,16.463,5587863,0.826059,15.9262,15.6875,16.4024,1.814936,2017,12,4,4
2017-12-25,16.1571,16.3647,16.0001,16.2072,16.2072,17674504,-1.553707,15.9626,15.6844,16.4064,1.85778,2017,12,0,4
2017-12-26,16.2893,16.4023,16.0543,16.1665,16.1665,13331133,-0.251409,15.9923,15.6851,16.4099,1.859144,2017,12,1,4
2017-12-27,15.9661,16.0508,15.8759,15.9606,15.9606,8992366,-1.273863,15.975,15.6841,16.4114,1.549341,2017,12,2,4
2017-12-28,15.5752,15.6954,15.5202,15.6401,15.6401,18676584,-2.007975,15.9279,15.6817,16.4105,1.545497,2017,12,3,4
2017-12-29,15.9288,16.0563,15.7473,15.8744,15.8744,6315088,1.498181,15.8943,15.6841,16.4118,1.595994,2017,12,4,4
2018-01-01,16.3676,16.442,16.2672,16.3416,16.3416,9354786,2.942946,15.896,15.691,16.4161,1.712364,2018,1,0,1
2018-01-02,16.0271,16.0906,15.9384,16.0018,16.0018,3411804,-2.079131,15.9002,15.6958,16.4177,1.690177,2018,1,1,1
2018-01-03,16.1192,16.3207,15.9455,16.1467,16.1467,4263607,0.905353,15.9087,15.7009,16.4194,1.699894,2018,1,2,1
2018-01-04,16.0246,16.1429,15.8778,15.9958,15.9958,28129075,-0.934235,15.9183,15.7053,16.4204,1.695113,2018,1,3,1
2018-01-05,15.872,15.9388,15.8218,15.8886,15.8886,24310691,-0.67039,15.9388,15.7111,16.4207,1.630734,2018,1,4,1
2018-01-08,15.7939,15.8451,15.7077,15.7589,15.7589,9692212,-0.816456,15.9593,15.7145,16.4188,1.629823,2018,1,0,1
2018-01-09,15.4499,15.687,15.3324,15.5686,15.5686,27001536,-1.20749,15.9816,15.7186,16.4167,1.616643,2018,1,1,1
2018-01-10,15.5705,15.6547,15.5134,15.5976,15.5976,7537378,0.186101,15.985,15.7255,16.4142,1.501721,2018,1,2,1
2018-01-11,15.5263,15.573,15.3737,15.4201,15.4201,8504063,-1.137734,15.9683,15.7339,16.411,1.485007,2018,1,3,1
2018-01-12,15.4555,15.5454,15.4132,15.503,15.503,9161513,0.537933,15.9551,15.7346,16.4086,1.49141,2018,1,4,1
2018-01-15,15.4723,15.5939,15.3883,15.5098,15.5098,7486636,0.043361,15.9241,15.7349,16.4049,1.383094,2018,1,0,1
2018-01-16,15.4446,15.5781,15.3391,15.4723,15.4723,7371138,-0.241329,15.8899,15.7373,16.4,1.38074,2018,1,1,1
2018-01-17,15.2063,15.4294,15.0581,15.2805,15.2805,19875507,-1.239839,15.8563,15.7345,16.3932,1.380203,2018,1,2,1
2018-01-18,15.0368,15.2333,14.9749,15.1708,15.1708,10019814,-0.717734,15.7984,15.7297,16.3844,1.245078,2018,1,3,1
2018-01-19,15.3532,15.4402,15.2804,15.3673,15.3673,15404554,1.295311,15.7436,15.7295,16.3766,1.272711,2018,1,4,1
2018-01-22,15.5116,15.5761,15.4387,15.5032,15.5032,17456635,0.883812,15.7084,15.7287,16.3687,1.266671,2018,1,0,1
2018-01-23,15.2901,15.3472,15.2363,15.2934,15.2934,12868789,-1.353285,15.6648,15.7199,16.3604,1.292081,2018,1,1,1
2018-01-24,15.3289,15.3756,15.291,15.3378,15.3378,4728272,0.290317,15.6336,15.7142,16.3519,1.275307,2018,1,2,1
2018-01-25,15.5339,15.617,15.4481,15.5312,15.5312,4437932,1.261486,15.6282,15.7148,16.3447,1.239193,2018,1,3,1
2018-01-26,15.221,15.3879,14.9927,15.159,15.159,13043277,-2.396998,15.5924,15.7089,16.3357,1.291744,2018,1,4,1
2018-01-29,15.2946,15.4307,15.1703,15.3063,15.3063,8608232,0.971729,15.5406,15.7162,16.3267,1.098221,2018,1,0,1
2018-01-30,15.14,15.2074,15.1074,15.1748,15.1748,9891125,-0.858718,15.4993,15.7271,16.3183,1.026985,2018,1,1,1
2018-01-31,15.3107,15.3858,15.2529,15.3279,15.3279,9506087,1.008888,15.4583,15.7344,16.308,1.033409,2018,1,2,1
2018-02-01,15.2076,15.2415,15.1387,15.1725,15.1725,45421411,-1.014118,15.4172,15.7306,16.2985,1.036323,2018,2,3,1
2018-02-02,14.8683,14.8977,14.7555,14.7847,14.7847,5490212,-2.555445,15.362,15.7197,16.2887,1.154693,2018,2,4,1
2018-02-05,14.418,14.6004,14.2722,14.4543,14.4543,3532606,-2.235227,15.2968,15.6992,16.2759,1.226041,2018,2,0,1
2018-02-06,14.5074,14.6376,14.3715,14.5017,14.5017,10403939,0.327894,15.2434,15.6778,16.2624,1.222461,2018,2,1,1
2018-02-07,14.6138,14.643,14.5649,14.5941,14.5941,7190965,0.637223,15.1932,15.6436,16.2488,1.236895,2018,2,2,1
2018-02-08,14.3728,14.4867,14.3163,14.4301,14.4301,11868808,-1.123819,15.1437,15.6005,16.2336,1.236417,2018,2,3,1
2018-02-09,14.6066,14.6996,14.5124,14.6054,14.6054,14083094,1.215162,15.0989,15.5617,16.2195,1.270079,2018,2,4,1
2018-02-12,14.191,14.3704,14.0959,14.2747,14.2747,25295895,-2.264358,15.0371,15.521,16.2051,1.341038,2018,2,0,1
2018-02-13,14.1992,14.3586,14.1413,14.3003,14.3003,3354636,0.179651,14.9785,15.4887,16.1908,1.34704,2018,2,1,1
2018-02-14,14.1004,14.1439,14.0363,14.0797,14.0797,7523231,-1.542606,14.9185,15.4508,16.1765,1.358809,2018,2,2,1
2018-02-15,13.9641,14.0676,13.8822,13.9856,13.9856,11740745,-0.668987,14.8592,15.4144,16.1605,1.358252,2018,2,3,1
2018-02-16,14.0521,14.2209,13.8721,14.0407,14.0407,13700033,0.394631,14.7929,15.3856,16.1451,1.313375,2018,2,4,1
2018-02-19,13.9024,13.935,13.8707,13.9033,13.9033,35725676,-0.978562,14.7129,15.3567,16.1303,1.280015,2018,2,0,1
2018-02-20,13.8154,13.9347,13.7506,13.8696,13.8696,14885359,-0.242715,14.6417,15.3317,16.1157,1.26668,2018,2,1,1
2018-02-21,14.1234,14.1807,14.0687,14.126,14.126,10538567,1.848446,14.5811,15.3036,16.1021,1.360942,2018,2,2,1
2018-02-22,13.9762,14.1025,13.9195,14.0455,14.0455,5225984,-0.569557,14.5068,15.2694,16.0888,1.303538,2018,2,3,1
2018-02-23,14.3442,14.4188,14.1907,14.2649,14.2649,7455941,1.561689,14.4621,15.2394,16.0777,1.299817,2018,2,4,1
2018-02-26,13.9854,14.1351,13.9125,14.0617,14.0617,7225762,-1.424206,14.3999,15.198,16.0654,1.287231,2018,2,0,1
2018-02-27,14.2048,14.2491,14.1717,14.216,14.216,14425532,1.097083,14.3519,15.1592,16.0536,1.325489,2018,2,1,1
2018-02-28,14.502,14.6516,14.4135,14.5627,14.5627,13778345,2.438974,14.3137,15.1314,16.0443,1.434866,2018,2,2,1
2018-03-01,14.0871,14.1694,13.973,14.0551,14.0551,6227253,-3.485802,14.2578,15.0859,16.033,1.6013,2018,3,3,1
2018-03-02,13.9109,13.9791,13.8612,13.9294,13.9294,7270336,-0.894218,14.215,15.0353,16.0209,1.523123,2018,3,4,1
2018-03-05,14.0652,14.3165,13.8437,14.0945,14.0945,16717133,1.185135,14.197,14.993,16.0114,1.484324,2018,3,0,1
2018-03-06,14.1407,14.1916,14.0419,14.0926,14.0926,9904935,-0.012986,14.1766,14.9515,16.0036,1.480919,2018,3,1,1
2018-03-07,14.2138,14.3102,14.1157,14.2121,14.2121,13144978,0.847821,14.1575,14.9166,15.9972,1.487414,2018,3,2,1
2018-03-08,14.1511,14.2873,13.9859,14.1219,14.1219,11352717,-0.634908,14.1421,14.8862,15.9906,1.47404,2018,3,3,1
2018-03-09,14.1248,14.2902,14.0155,14.1804,14.1804,22980850,0.41469,14.1208,14.8523,15.9839,1.447143,2018,3,4,1
2018-03-12,14.1063,14.219,14.0735,14.1861,14.1861,9290014,0.039535,14.1164,14.8092,15.9754,1.357879,2018,3,0,1
2018-03-13,14.4793,14.5977,14.3547,14.473,14.473,8862771,2.023053,14.125,14.7786,15.9673,1.432807,2018,3,1,1
2018-03-14,14.5424,14.609,14.4943,14.5609,14.5609,5175575,0.607214,14.1491,14.7469,15.9599,1.385328,2018,3,2,1
2018-03-15,14.7022,14.7715,14.5964,14.6654,14.6654,10617022,0.717802,14.1831,14.7203,15.9531,1.37541,2018,3,3,1
2018-03-16,14.5988,14.6617,14.5405,14.6034,14.6034,2006811,-0.422925,14.2112,14.6946,15.9471,1.382909,2018,3,4,1
2018-03-19,14.538,14.5962,14.4679,14.5261,14.5261,7925042,-0.529448,14.2424,14.67,15.9408,1.366211,2018,3,0,1
2018-03-20,14.3689,14.537,14.2951,14.4628,14.4628,7689668,-0.43591,14.272,14.6478,15.9345,1.370393,2018,3,1,1
2018-03-21,14.6906,14.7984,14.4734,14.5804,14.5804,4097512,0.813536,14.2947,14.6275,15.9283,1.324377,2018,3,2,1
2018-03-22,14.5085,14.6662,14.3603,14.518,14.518,4977906,-0.4283,14.3184,14.6095,15.9228,1.320614,2018,3,3,1
2018-03-23,14.6526,14.7064,14.5582,14.6119,14.6119,14674464,0.646561,14.3357,14.5916,15.9172,1.285383,2018,3,4,1
2018-03-26,15.0448,15.1339,15.0063,15.0953,15.0953,15072615,3.30854,14.3874,14.5833,15.9121,1.41379,2018,3,0,1
2018-03-27,15.3302,15.3649,15.2767,15.3113,15.3113,10903414,1.431089,14.4422,14.5801,15.9083,1.424826,2018,3,1,1
2018-03-28,15.1713,15.3087,15.1137,15.2508,15.2508,10377449,-0.395322,14.4766,14.5795,15.9036,1.34831,2018,3,2,1
2018-03-29,15.5691,15.6678,15.4425,15.541,15.541,11616103,1.903125,14.5509,14.5869,15.8997,1.075464,2018,3,3,1
2018-03-30,15.4334,15.5284,15.3606,15.4554,15.4554,18731467,-0.550757,14.6272,14.5887,15.8958,1.054411,2018,3,4,1
2018-04-02,14.9956,15.1174,14.8721,14.9939,14.9939,13919143,-2.986542,14.6721,14.5785,15.8893,1.301019,2018,4,0,2
2018-04-03,14.8285,14.9104,14.7055,14.7872,14.7872,4267465,-1.378471,14.7069,14.5684,15.8819,1.354039,2018,4,1,2
2018-04-04,14.3253,14.4915,14.2306,14.3963,14.3963,32827844,-2.643448,14.7161,14.5496,15.8724,1.490971,2018,4,2,2
2018-04-05,14.3129,14.4298,14.2354,14.3522,14.3522,10605054,-0.306568,14.7276,14.526,15.8636,1.484537,2018,4,3,2
2018-04-06,14.415,14.5424,14.2615,14.3887,14.3887,5902601,0.254395,14.738,14.5106,15.855,1.483131,2018,4,4,2
2018-04-09,14.906,14.9687,14.7198,14.782,14.782,5778090,2.733488,14.7678,14.5001,15.8478,1.59691,2018,4,0,2
2018-04-10,14.8698,14.9744,14.7734,14.878,14.878,11454322,0.649444,14.788,14.4942,15.8393,1.543851,2018,4,1,2
2018-04-11,14.8857,14.9493,14.7871,14.8506,14.8506,7732206,-0.184266,14.8025,14.4846,15.8296,1.54164,2018,4,2,2
2018-04-12,15.0508,15.1551,14.953,15.0572,15.0572,26219435,1.391714,14.8221,14.4823,15.8183,1.562847,2018,4,3,2
2018-04-13,14.6888,14.752,14.5127,14.5755,14.5755,10797579,-3.199303,14.8207,14.4781,15.8056,1.730157,2018,4,4,2
2018-04-16,14.5516,14.758,14.4483,14.654,14.654,5359047,0.538547,14.8271,14.4821,15.7924,1.729285,2018,4,0,2
2018-04-17,14.8544,14.9047,14.7985,14.8488,14.8488,17285378,1.32897,14.8464,14.489,15.78,1.747683,2018,4,1,2
2018-04-18,14.4462,14.6214,14.3661,14.5407,14.5407,19843047,-2.074441,14.8444,14.488,15.7634,1.807922,2018,4,2,2
2018-04-19,14.669,14.9389,14.5489,14.8175,14.8175,12159251,1.903722,14.8594,14.4957,15.7494,1.853346,2018,4,3,2
2018-04-20,14.9322,15.0449,14.802,14.9145,14.9145,13564655,0.654219,14.8745,14.5019,15.7371,1.853461,2018,4,4,2
2018-04-23,14.8493,14.9397,14.7506,14.841,14.841,8595503,-0.492613,14.8618,14.5132,15.7255,1.697503,2018,4,0,2
2018-04-24,14.9856,15.094,14.8944,15.0027,15.0027,11188944,1.089299,14.8464,14.5273,15.7174,1.683244,2018,4,1,2
2018-04-25,15.5245,15.6955,15.3602,15.5311,15.5311,27045762,3.522374,14.8604,14.5563,15.7127,1.863891,2018,4,2,2
2018-04-26,15.7734,15.8328,15.5216,15.5803,15.5803,12376592,0.31642,14.8624,14.5882,15.7093,1.816614,2018,4,3,2
2018-04-27,15.6278,15.7256,15.5462,15.644,15.644,7815889,0.408802,14.8718,14.6203,15.706,1.813184,2018,4,4,2
2018-04-30,15.572,15.7705,15.3421,15.5402,15.5402,20412539,-0.662963,14.8991,14.653,15.7018,1.675846,2018,4,0,2
2018-05-01,15.3083,15.4213,15.2354,15.3482,15.3482,2420284,-1.235872,14.9272,14.6826,15.6943,1.6691,2018,5,1,2
2018-05-02,15.5675,15.7102,15.4066,15.5491,15.5491,34486606,1.309198,14.9848,14.711,15.6868,1.544074,2018,5,2,2
2018-05-03,15.3405,15.5213,15.1744,15.3551,15.3551,3600881,-1.247805,15.035,14.7372,15.6791,1.580567,2018,5,3,2
2018-05-04,15.3558,15.4613,15.2756,15.381,15.381,5676367,0.168687,15.0846,14.7596,15.6728,1.580957,2018,5,4,2
2018-05-07,15.3905,15.5574,15.1138,15.2794,15.2794,8844421,-0.660757,15.1094,14.7839,15.6654,1.490773,2018,5,0,2
2018-05-08,15.4722,15.5277,15.3444,15.3996,15.3996,8471376,0.787155,15.1355,14.8076,15.6603,1.493389,2018,5,1,2
2018-05-09,15.4932,15.5536,15.4243,15.4847,15.4847,16240656,0.55231,15.1672,14.826,15.6534,1.492936,2018,5,2,2
2018-05-10,15.5869,15.7742,15.545,15.7319,15.7319,5573251,1.596149,15.201,14.8596,15.6464,1.502054,2018,5,3,2
2018-05-11,15.5901,15.6726,15.5302,15.6126,15.6126,10783814,-0.757929,15.2528,14.8932,15.6394,1.293394,2018,5,4,2
2018-05-14,15.7208,15.7658,15.508,15.5526,15.5526,6091383,-0.384494,15.2978,14.9224,15.6344,1.302828,2018,5,0,2
2018-05-15,15.3144,15.4502,15.1928,15.3285,15.3285,12341842,-1.440734,15.3217,14.9471,15.6267,1.335172,2018,5,1,2
2018-05-16,15.3022,15.3997,15.1379,15.235,15.235,8639782,-0.610107,15.3564,14.9676,15.6188,1.242707,2018,5,2,2
2018-05-17,15.4201,15.4979,15.2542,15.3316,15.3316,9524888,0.634187,15.3822,14.9918,15.6098,1.184346,2018,5,3,2
2018-05-18,15.5277,15.6132,15.4286,15.5141,15.5141,7104410,1.189971,15.4121,15.0184,15.6039,1.201634,2018,5,4,2
2018-05-21,15.2523,15.3924,15.1641,15.3038,15.3038,7509267,-1.35504,15.4353,15.0408,15.5977,1.242722,2018,5,0,2
2018-05-22,15.3608,15.6069,15.2668,15.5119,15.5119,12055074,1.359762,15.4607,15.0616,15.5926,1.254769,2018,5,1,2
2018-05-23,15.8749,15.9378,15.7688,15.8316,15.8316,19783408,2.06053,15.4758,15.087,15.5891,1.079872,2018,5,2,2
2018-05-24,15.8755,16.0466,15.7568,15.9274,15.9274,6259829,0.605608,15.4931,15.1122,15.5867,1.084828,2018,5,3,2
2018-05-25,16.383,16.5052,16.2495,16.3715,16.3715,7327034,2.78801,15.5295,15.1476,15.5858,1.238247,2018,5,4,2
2018-05-28,16.0871,16.3264,15.9294,16.1679,16.1679,14470420,-1.243386,15.5609,15.1804,15.5852,1.266866,2018,5,0,2
2018-05-29,15.8397,16.001,15.6954,15.8565,15.8565,10927287,-1.926223,15.5863,15.2083,15.5832,1.31664,2018,5,1,2
2018-05-30,15.4321,15.5143,15.3477,15.43,15.43,20446920,-2.689895,15.5803,15.2253,15.579,1.433232,2018,5,2,2
2018-05-31,15.7982,15.9617,15.6178,15.7812,15.7812,6713703,2.276224,15.6016,15.2505,15.5759,1.490928,2018,5,3,2
2018-06-01,15.8629,16.0893,15.7082,15.9339,15.9339,3277759,0.967785,15.6293,15.277,15.5728,1.50219,2018,6,4,2
2018-06-04,15.9913,16.0603,15.8464,15.9151,15.9151,5947908,-0.118242,15.6611,15.2934,15.5709,1.490923,2018,6,0,2
2018-06-05,15.9385,16.0618,15.8536,15.9766,15.9766,5440401,0.386725,15.6899,15.3067,15.5713,1.485508,2018,6,1,2
2018-06-06,15.5951,15.7829,15.5131,15.7003,15.7003,10316850,-1.729724,15.7007,15.3157,15.5687,1.543108,2018,6,2,2
2018-06-07,16.268,16.3864,16.1567,16.2751,16.2751,9315466,3.660913,15.7279,15.3304,15.5687,1.709904,2018,6,3,2
2018-06-08,16.296,16.3846,16.2052,16.2938,16.2938,12765950,0.115083,15.7619,15.3471,15.5696,1.695685,2018,6,4,2
2018-06-11,16.3175,16.4542,16.1704,16.307,16.307,6838933,0.081117,15.7996,15.3734,15.5687,1.690029,2018,6,0,2
2018-06-12,16.5604,16.6455,16.386,16.4706,16.4706,10495646,1.003449,15.8567,15.4071,15.5685,1.649164,2018,6,1,2
2018-06-13,16.5565,16.6246,16.5042,16.5722,16.5722,9871405,0.616625,15.9236,15.4506,15.5674,1.633419,2018,6,2,2
2018-06-14,16.6005,16.7171,16.4919,16.6084,16.6084,9385127,0.218662,15.9874,15.4957,15.5665,1.633384,2018,6,3,2
2018-06-15,16.3189,16.4874,16.2232,16.3913,16.3913,9974495,-1.307644,16.0313,15.5358,15.5619,1.666038,2018,6,4,2
2018-06-18,16.5451,16.6741,16.3623,16.4909,16.4909,12181627,0.608148,16.0907,15.5699,15.5557,1.62134,2018,6,0,2
2018-06-19,16.9506,17.0446,16.8443,16.9382,16.9382,7583978,2.711827,16.162,15.6111,15.5522,1.690751,2018,6,1,2
2018-06-20,17.2236,17.2869,17.1894,17.2526,17.2526,25276895,1.856405,16.233,15.6592,15.5491,1.681133,2018,6,2,2
2018-06-21,17.4968,17.6982,17.4302,17.6311,17.6311,9921936,2.193916,16.3182,15.7107,15.5472,1.72608,2018,6,3,2
2018-06-22,17.5553,17.7576,17.2533,17.4544,17.4544,4379181,-1.002041,16.3724,15.7682,15.5428,1.671568,2018,6,4,2
2018-06-25,17.0728,17.2761,16.9543,17.1571,17.1571,12059997,-1.703645,16.4218,15.8183,15.5384,1.697396,2018,6,0,2
2018-06-26,17.0518,17.2799,16.8647,17.0923,17.0923,5164565,-0.377693,16.4836,15.8632,15.533,1.623693,2018,6,1,2
2018-06-27,17.0998,17.2357,16.9396,17.0753,17.0753,12161891,-0.099201,16.5659,15.9139,15.5262,1.460308,2018,6,2,2
2018-06-28,17.2416,17.3715,17.1949,17.3246,17.3246,38787101,1.459662,16.643,15.964,15.5233,1.419404,2018,6,3,2
2018-06-29,16.748,16.9604,16.6368,16.8486,16.8486,7809550,-2.747115,16.6888,16.0027,15.5198,1.585199,2018,6,4,2
2018-07-02,17.0621,17.3429,16.9286,17.2083,17.2083,13847510,2.134563,16.7534,16.05,15.5209,1.633854,2018,7,0,3
2018-07-03,17.1827,17.2288,17.0872,17.1333,17.1333,3034573,-0.435871,16.8113,16.0926,15.5221,1.64463,2018,7,1,3
2018-07-04,16.9537,17.0978,16.8468,16.9907,16.9907,12266741,-0.831936,16.8758,16.1218,15.5217,1.596042,2018,7,2,3
2018-07-05,16.8983,16.9297,16.6716,16.7027,16.7027,6323859,-1.695245,16.8972,16.1443,15.518,1.465478,2018,7,3,3
2018-07-06,16.199,16.5168,15.9468,16.2636,16.2636,8467752,-2.628594,16.8957,16.1567,15.5121,1.590973,2018,7,4,3
2018-07-09,16.3879,16.6098,16.2271,16.4485,16.4485,5060157,1.136467,16.9027,16.1748,15.5052,1.611083,2018,7,0,3
2018-07-10,16.4096,16.56,16.2967,16.4468,16.4468,12438540,-0.010347,16.9015,16.1968,15.5002,1.595563,2018,7,1,3
2018-07-11,16.1243,16.1667,16.0663,16.1087,16.1087,20786919,-2.055738,16.8784,16.208,15.4959,1.652514,2018,7,2,3
2018-07-12,15.7528,15.8694,15.6661,15.7825,15.7825,11466145,-2.024652,16.8371,16.2165,15.4902,1.703051,2018,7,3,3
2018-07-13,15.7347,15.7963,15.6347,15.6962,15.6962,5286229,-0.546771,16.8023,16.2228,15.4835,1.686385,2018,7,4,3
2018-07-16,16.0208,16.1693,15.9356,16.0838,16.0838,30768604,2.469102,16.782,16.2389,15.4789,1.782113,2018,7,0,3
2018-07-17,15.9194,16.0543,15.8733,16.0079,16.0079,5583327,-0.471861,16.7354,16.2511,15.4767,1.654421,2018,7,1,3
2018-07-18,15.5226,15.8027,15.3563,15.6351,15.6351,3228899,-2.328782,16.6546,16.2541,15.4727,1.636015,2018,7,2,3
2018-07-19,15.4345,15.6461,15.362,15.573,15.573,11373201,-0.397463,16.5517,16.2509,15.47,1.51109,2018,7,3,3
2018-07-20,15.4738,15.556,15.4238,15.5059,15.5059,4479731,-0.430771,16.4542,16.2488,15.4662,1.508644,2018,7,4,3
2018-07-23,14.8583,14.9486,14.7861,14.8763,14.8763,26732822,-4.060577,16.3402,16.2353,15.4588,1.683066,2018,7,0,3
2018-07-24,14.8367,14.9766,14.7346,14.8743,14.8743,6381735,-0.013423,16.2293,16.2262,15.4525,1.688667,2018,7,1,3
2018-07-25,14.9066,14.9597,14.7799,14.8328,14.8328,12134903,-0.278842,16.1172,16.2181,15.4466,1.685896,2018,7,2,3
2018-07-26,15.0721,15.11,14.9608,14.9985,14.9985,22645074,1.116912,16.0009,16.2115,15.4428,1.664523,2018,7,3,3
2018-07-27,15.4011,15.5147,15.3083,15.4218,15.4218,5999810,2.822413,15.9295,16.2096,15.4411,1.767604,2018,7,4,3
2018-07-30,15.5684,15.7628,15.4872,15.6809,15.6809,7579603,1.680451,15.8532,16.2172,15.4396,1.735601,2018,7,0,3
2018-07-31,15.5755,15.728,15.4588,15.6109,15.6109,8330385,-0.446327,15.777,16.2192,15.4388,1.735598,2018,7,1,3
2018-08-01,15.3096,15.4798,15.1764,15.3464,15.3464,27064059,-1.694711,15.6948,16.2095,15.4361,1.756196,2018,8,2,3
2018-08-02,15.8966,15.9854,15.8498,15.9385,15.9385,9393458,3.85828,15.6566,16.2097,15.4369,1.980773,2018,8,3,3
2018-08-03,15.8959,15.9726,15.8638,15.9404,15.9404,5613449,0.012147,15.6405,16.2011,15.4386,1.897708,2018,8,4,3
2018-08-06,15.8895,16.029,15.7919,15.9312,15.9312,10782042,-0.058083,15.6146,16.1963,15.4403,1.875974,2018,8,0,3
2018-08-07,15.8883,16.0311,15.7702,15.9129,15.9129,5788179,-0.114736,15.5879,16.1974,15.443,1.87573,2018,8,1,3
2018-08-08,15.9074,16.0275,15.8279,15.9479,15.9479,9151726,0.220097,15.5799,16.2078,15.4465,1.822184,2018,8,2,3
2018-08-09,15.9136,16.0905,15.7235,15.9003,15.9003,3342335,-0.298481,15.5858,16.2102,15.451,1.762868,2018,8,3,3
2018-08-10,15.774,15.8689,15.6565,15.7513,15.7513,35922445,-0.93738,15.5885,16.2065,15.4524,1.77199,2018,8,4,3
2018-08-13,15.5556,15.6689,15.4994,15.6125,15.6125,4197321,-0.881065,15.5649,16.2005,15.453,1.685772,2018,8,0,3
2018-08-14,15.6772,15.7228,15.5525,15.5979,15.5979,6718795,-0.093371,15.5444,16.1929,15.4543,1.683916,2018,8,1,3
2018-08-15,15.4034,15.5399,15.3279,15.464,15.464,9203960,-0.858253,15.5359,16.1882,15.4545,1.612825,2018,8,2,3
2018-08-16,15.1955,15.3379,15.1525,15.2945,15.2945,30792317,-1.096153,15.522,16.1686,15.4539,1.628406,2018,8,3,3
2018-08-17,15.3414,15.4333,15.2263,15.3181,15.3181,3724030,0.153913,15.5126,16.1491,15.4536,1.626979,2018,8,4,3
2018-08-20,15.2079,15.3498,15.1162,15.2578,15.2578,28380203,-0.393409,15.5316,16.1281,15.4522,1.330669,2018,8,0,3
2018-08-21,15.6215,15.7037,15.5193,15.6014,15.6014,18151417,2.252184,15.568,16.1107,15.4515,1.411359,2018,8,1,3
2018-08-22,14.8295,15.0663,14.7376,14.9735,14.9735,18892820,-4.024931,15.575,16.0787,15.4483,1.703364,2018,8,2,3
2018-08-23,15.3083,15.4355,15.0971,15.2235,15.2235,5886765,1.669894,15.5863,16.051,15.4469,1.725747,2018,8,3,3
2018-08-24,15.5496,15.6649,15.3928,15.5079,15.5079,15402237,1.867656,15.5906,16.0334,15.4471,1.658021,2018,8,4,3
2018-08-27,14.9292,15.056,14.8927,15.0193,15.0193,8554548,-3.150318,15.5575,16.0039,15.4475,1.755599,2018,8,0,3
2018-08-28,14.8571,14.9781,14.8247,14.9455,14.9455,18795118,-0.491247,15.5242,15.9641,15.4491,1.755959,2018,8,1,3
2018-08-29,14.9665,15.0332,14.8007,14.867,14.867,4939052,-0.525124,15.5003,15.9164,15.4486,1.722824,2018,8,2,3
2018-08-30,14.5165,14.6458,14.4303,14.5594,14.5594,10633689,-2.06924,15.4313,15.8549,15.4446,1.492453,2018,8,3,3
2018-08-31,14.3538,14.4298,14.3259,14.4018,14.4018,6987817,-1.082303,15.3544,15.7939,15.44,1.495034,2018,8,4,3
2018-09-03,14.0485,14.349,13.8781,14.177,14.177,5826320,-1.560918,15.2667,15.7343,15.4335,1.509587,2018,9,0,3
2018-09-04,14.5487,14.6567,14.4613,14.5692,14.5692,19200043,2.765956,15.1995,15.6838,15.4285,1.682861,2018,9,1,3
2018-09-05,14.7717,14.9226,14.6344,14.7852,14.7852,14254621,1.482783,15.1414,15.638,15.4209,1.731387,2018,9,2,3
2018-09-06,15.1175,15.2538,14.9384,15.0743,15.0743,22863282,1.955477,15.1001,15.593,15.4133,1.807523,2018,9,3,3
2018-09-07,15.1534,15.2903,15.1021,15.2387,15.2387,3343098,1.090642,15.0744,15.5608,15.4068,1.823791,2018,9,4,3
2018-09-10,14.8872,15.0204,14.8452,14.9782,14.9782,20417985,-1.709266,15.0427,15.5162,15.4001,1.850485,2018,9,0,3
2018-09-11,14.8899,14.9616,14.7916,14.8631,14.8631,41543884,-0.768694,15.006,15.4708,15.3949,1.85477,2018,9,1,3
2018-09-12,15.0374,15.0853,14.9294,14.9771,14.9771,7029851,0.767044,14.9816,15.4305,15.3899,1.861139,2018,9,2,3
2018-09-13,14.6127,14.8317,14.4869,14.7051,14.7051,34169873,-1.816416,14.9522,15.3906,15.3844,1.887332,2018,9,3,3
2018-09-14,14.9345,15.1397,14.6658,14.8702,14.8702,8348603,1.122839,14.9298,15.3627,15.3813,1.908651,2018,9,4,3
2018-09-17,14.823,14.9406,14.7033,14.8208,14.8208,3745372,-0.332158,14.9079,15.3301,15.3787,1.908257,2018,9,0,3
2018-09-18,14.8069,14.8576,14.6921,14.7426,14.7426,7366444,-0.52788,14.865,15.2961,15.3768,1.825214,2018,9,1,3
2018-09-19,14.9021,15.0195,14.789,14.9063,14.9063,18301657,1.110843,14.8616,15.272,15.3737,1.618192,2018,9,2,3
2018-09-20,14.8574,15.1133,14.754,15.0088,15.0088,5498968,0.687602,14.8509,15.2565,15.3699,1.578951,2018,9,3,3
2018-09-21,14.9195,15.0756,14.7726,14.9286,14.9286,6180323,-0.534775,14.8219,15.2412,15.3657,1.514731,2018,9,4,3
2018-09-24,15.2549,15.3515,15.0942,15.1904,15.1904,15360699,1.754256,14.8305,15.2233,15.361,1.401171,2018,9,0,3
2018-09-25,14.8876,15.0507,14.7784,14.941,14.941,10690336,-1.641799,14.8302,15.202,15.355,1.448086,2018,9,1,3
2018-09-26,15.0575,15.1904,14.9482,15.0809,15.0809,13468474,0.936013,14.8409,15.1909,15.3506,1.456583,2018,9,2,3
2018-09-27,15.2032,15.2661,15.1512,15.214,15.214,10841150,0.882376,14.8737,15.1837,15.345,1.374412,2018,9,3,3
2018-09-28,14.9639,15.2349,14.8696,15.1395,15.1395,11717689,-0.489746,14.9106,15.1764,15.3384,1.35084,2018,9,4,3
2018-10-01,15.3125,15.356,15.1676,15.2108,15.2108,6751323,0.47132,14.9622,15.1831,15.3334,1.281411,2018,10,0,4
2018-10-02,14.8673,15.0214,14.7673,14.9211,14.9211,12763209,-1.904569,14.9798,15.184,15.3272,1.244994,2018,10,1,4
2018-10-03,15.16,15.2674,15.0222,15.1294,15.1294,5848567,1.395697,14.997,15.1899,15.3231,1.240145,2018,10,2,4
2018-10-04,15.0793,15.1886,14.9754,15.0846,15.0846,18360422,-0.296084,14.9976,15.1917,15.3203,1.164901,2018,10,3,4
2018-10-05,15.0395,15.105,14.8991,14.9642,14.9642,6347102,-0.797658,14.9838,15.1825,15.3157,1.14911,2018,10,4,4
2018-10-08,15.2244,15.2783,15.146,15.1997,15.1997,20628537,1.573716,14.9949,15.1729,15.31,1.139249,2018,10,0,4
2018-10-09,15.0202,15.1885,14.8662,15.0344,15.0344,8483532,-1.088024,15.0035,15.1614,15.3052,1.153907,2018,10,1,4
2018-10-10,14.6625,14.7416,14.6361,14.7151,14.7151,12948969,-2.123276,14.9904,15.1487,15.298,1.239028,2018,10,2,4
2018-10-11,14.4221,14.5299,14.2688,14.3762,14.3762,8747192,-2.303116,14.9739,15.1175,15.2899,1.279042,2018,10,3,4
2018-10-12,14.4095,14.5757,14.3524,14.5183,14.5183,5199407,0.987979,14.9563,15.089,15.2831,1.272566,2018,10,4,4
2018-10-15,14.2844,14.4532,14.0793,14.2476,14.2476,3875306,-1.864283,14.9277,15.0554,15.2755,1.33128,2018,10,0,4
2018-10-16,14.5718,14.7338,14.4746,14.6361,14.6361,6501924,2.726848,14.9224,15.0298,15.2709,1.478418,2018,10,1,4
2018-10-17,14.2557,14.3061,14.1345,14.1847,14.1847,10779953,-3.084588,14.8863,14.9946,15.2638,1.601193,2018,10,2,4
2018-10-18,14.5695,14.6249,14.5048,14.5601,14.5601,13769963,2.647092,14.8638,14.9678,15.2595,1.716456,2018,10,3,4
2018-10-19,14.6508,14.6809,14.583,14.6131,14.6131,15731864,0.363964,14.8481,14.945,15.255,1.717276,2018,10,4,4
2018-10-22,14.6022,14.6974,14.5023,14.5974,14.5974,6254141,-0.107307,14.8184,14.9247,15.2505,1.661442,2018,10,0,4
2018-10-23,14.3823,14.5879,14.279,14.4839,14.4839,5451937,-0.778178,14.7956,14.9024,15.2455,1.63258,2018,10,1,4
2018-10-24,14.5283,14.767,14.3403,14.5785,14.5785,3803173,0.653142,14.7704,14.8847,15.242,1.623946,2018,10,2,4
2018-10-25,14.6153,14.6554,14.5361,14.5761,14.5761,10704824,-0.016098,14.7385,14.8703,15.2391,1.606017,2018,10,3,4
2018-10-26,14.833,14.9241,14.7321,14.8232,14.8232,24459916,1.694884,14.7227,14.8605,15.2363,1.658816,2018,10,4,4
2018-10-29,14.9192,15.057,14.712,14.8491,14.8491,17700499,0.175056,14.7046,14.8523,15.2331,1.654835,2018,10,0,4
2018-10-30,14.9065,14.9518,14.8373,14.8825,14.8825,12798239,0.224928,14.7027,14.8379,15.231,1.600729,2018,10,1,4
2018-10-31,14.7432,14.9055,14.6386,14.8005,14.8005,13035648,-0.551167,14.6863,14.8344,15.2283,1.570243,2018,10,2,4
2018-11-01,14.7414,14.8489,14.6813,14.7885,14.7885,22512488,-0.080855,14.6715,14.8257,15.2246,1.569553,2018,11,3,4
2018-11-02,14.8637,14.8906,14.8307,14.8576,14.8576,10671878,0.467148,14.6661,14.8127,15.2231,1.5649,2018,11,4,4
2018-11-05,14.3416,14.5426,14.2752,14.4756,14.4756,18010868,-2.571345,14.6299,14.8019,15.2189,1.615804,2018,11,0,4
2018-11-06,14.2844,14.385,14.0895,14.1894,14.1894,9260680,-1.976505,14.5877,14.7867,15.214,1.652396,2018,11,1,4
2018-11-07,14.3853,14.4688,14.2765,14.3599,14.3599,4371954,1.201147,14.5699,14.7766,15.2092,1.623728,2018,11,2,4
2018-11-08,14.4761,14.5657,14.3163,14.4054,14.4054,5643021,0.317025,14.5714,14.7735,15.2053,1.541025,2018,11,3,4
2018-11-09,14.2825,14.5059,14.1508,14.3733,14.3733,8311029,-0.222521,14.5641,14.7729,15.2033,1.524751,2018,11,4,4
2018-11-12,14.4569,14.5933,14.2497,14.3853,14.3853,8435430,0.083397,14.571,14.7771,15.2029,1.46299,2018,11,0,4
2018-11-13,14.5971,14.6636,14.4021,14.468,14.468,28315641,0.574644,14.5626,14.7751,15.2028,1.32943,2018,11,1,4
2018-11-14,14.2809,14.4791,14.1593,14.3568,14.3568,9701456,-0.768858,14.5712,14.7665,15.2016,1.138258,2018,11,2,4
2018-11-15,14.241,14.3583,14.0801,14.1972,14.1972,19876638,-1.111626,14.5531,14.749,15.2004,0.990454,2018,11,3,4
2018-11-16,14.25,14.3691,14.1309,14.25,14.25,6618634,0.371937,14.5349,14.7292,15.1986,0.990661,2018,11,4,4
2018-11-19,13.9638,14.0859,13.9286,14.0506,14.0506,8519015,-1.399398,14.5076,14.7107,15.1975,1.031026,2018,11,0,4
2018-11-20,14.1781,14.2378,14.0906,14.1502,14.1502,4111498,0.709113,14.4909,14.6964,15.1968,1.039641,2018,11,1,4
2018-11-21,13.8463,13.9906,13.6565,13.8003,13.8003,7723092,-2.47268,14.452,14.6729,15.1954,1.147983,2018,11,2,4
2018-11-22,13.998,14.1045,13.9253,14.0317,14.0317,14595244,1.676901,14.4248,14.6594,15.1956,1.22719,2018,11,3,4
2018-11-23,14.2108,14.2529,14.1029,14.1448,14.1448,9321636,0.806102,14.3908,14.6449,15.1961,1.170389,2018,11,4,4
2018-11-26,14.1155,14.3058,14.0205,14.2102,14.2102,15382352,0.462155,14.3589,14.6327,15.1977,1.177325,2018,11,0,4
2018-11-27,14.343,14.5405,14.2325,14.4293,14.4293,11627646,1.541816,14.3362,14.6264,15.2005,1.238351,2018,11,1,4
2018-11-28,14.803,14.8982,14.6998,14.7949,14.7949,9675427,2.533834,14.336,14.6242,15.2038,1.370468,2018,11,2,4
2018-11-29,15.0193,15.1637,14.8733,15.0177,15.0177,37648237,1.506133,14.3474,14.6244,15.2087,1.410469,2018,11,3,4
2018-11-30,14.5544,14.6424,14.5083,14.5962,14.5962,11929337,-2.806911,14.3343,14.6177,15.2103,1.547314,2018,11,4,4
2018-12-03,14.3637,14.4992,14.1822,14.3173,14.3173,22337289,-1.910774,14.3264,14.6002,15.2116,1.497524,2018,12,0,4
2018-12-04,14.22,14.2919,14.1181,14.1898,14.1898,7418207,-0.890275,14.3264,14.5852,15.2115,1.442442,2018,12,1,4
2018-12-05,14.2533,14.2883,14.1696,14.2046,14.2046,12499751,0.103704,14.3187,14.5677,15.2097,1.415367,2018,12,2,4
2018-12-06,14.3166,14.3851,14.2551,14.3236,14.3236,16281545,0.838146,14.3146,14.5499,15.211,1.427127,2018,12,3,4
2018-12-07,14.2081,14.2569,14.1252,14.174,14.174,10980604,-1.044859,14.3046,14.5306,15.2122,1.44504,2018,12,4,4
2018-12-10,14.1972,14.2774,14.1425,14.2226,14.2226,2081132,0.343167,14.2965,14.5108,15.2129,1.447561,2018,12,0,4
2018-12-11,14.1849,14.2157,14.0388,14.0693,14.0693,9850696,-1.077884,14.2766,14.4938,15.2128,1.457347,2018,12,1,4
2018-12-12,13.9057,14.0159,13.841,13.951,13.951,19576112,-0.840471,14.2563,14.4702,15.2115,1.459087,2018,12,2,4
2018-12-13,13.7849,13.8206,13.6343,13.6697,13.6697,15496812,-2.016369,14.2299,14.4419,15.2092,1.504345,2018,12,3,4
2018-12-14,13.5009,13.5303,13.4696,13.499,13.499,13097796,-1.248945,14.1923,14.4126,15.2058,1.51675,2018,12,4,4
2018-12-17,13.1741,13.4062,13.0158,13.247,13.247,3929619,-1.867043,14.1522,14.3736,15.2011,1.538696,2018,12,0,4
2018-12-18,13.1512,13.2038,13.0274,13.0797,13.0797,6520650,-1.263049,14.0986,14.3345,15.1941,1.534975,2018,12,1,4
2018-12-19,13.3229,13.4096,13.2296,13.3162,13.3162,13877457,1.808538,14.0744,14.3065,15.1879,1.526476,2018,12,2,4
2018-12-20,13.1963,13.2931,13.0551,13.1516,13.1516,12795834,-1.236426,14.0304,14.282,15.1803,1.479509,2018,12,3,4
2018-12-21,13.7661,13.9024,13.5634,13.699,13.699,29833508,4.1628,14.0081,14.2656,15.1758,1.774184,2018,12,4,4
2018-12-24,13.836,13.98,13.6735,13.8173,13.8173,8589473,0.863314,13.9885,14.257,15.1723,1.783653,2018,12,0,4
2018-12-25,13.8372,13.9852,13.7222,13.87,13.87,10981570,0.381624,13.9605,14.2417,15.1693,1.745036,2018,12,1,4
2018-12-26,13.7582,13.8298,13.6334,13.7047,13.7047,10028177,-1.191958,13.906,14.2321,15.1649,1.635139,2018,12,2,4
2018-12-27,13.8652,14.0201,13.7102,13.8651,13.8651,5448957,1.170524,13.8484,14.2182,15.1617,1.616495,2018,12,3,4
2018-12-28,13.7963,13.8559,13.699,13.7585,13.7585,2386935,-0.768717,13.8065,14.2011,15.1574,1.517037,2018,12,4,4
2018-12-31,13.6798,13.8353,13.6435,13.7987,13.7987,10963465,0.291593,13.7806,14.1851,15.1509,1.472022,2018,12,0,4
2019-01-01,14.3682,14.4217,14.2892,14.3426,14.3426,15615245,3.94178,13.7882,14.1823,15.1461,1.723377,2019,1,1,1
2019-01-02,14.2887,14.36,14.2539,14.3252,14.3252,5654421,-0.120801,13.7942,14.1772,15.1414,1.72386,2019,1,2,1
2019-01-03,14.6725,14.7043,14.5444,14.5761,14.5761,4070292,1.750985,13.8069,14.1772,15.1366,1.757409,2019,1,3,1
2019-01-04,14.4573,14.5663,14.3127,14.4214,14.4214,14177280,-1.061257,13.8192,14.1692,15.1315,1.757976,2019,1,4,1
2019-01-07,14.4304,14.5569,14.2902,14.4165,14.4165,6866054,-0.033602,13.8289,14.1605,15.1286,1.757264,2019,1,0,1
2019-01-08,14.8313,14.9866,14.6474,14.8025,14.8025,17000376,2.67709,13.8656,14.1589,15.1286,1.826039,2019,1,1,1
2019-01-09,14.6002,14.8035,14.456,14.6588,14.6588,29280825,-0.970956,13.901,14.1561,15.13,1.830444,2019,1,2,1
2019-01-10,15.1536,15.2554,14.9547,15.0558,15.0558,3381079,2.708786,13.9703,14.1614,15.1335,1.825631,2019,1,3,1
2019-01-11,15.3276,15.3758,15.1587,15.2065,15.2065,6299293,1.000529,14.0557,14.1684,15.1376,1.780976,2019,1,4,1
2019-01-14,15.0902,15.1872,14.9697,15.0665,15.0665,8366159,-0.920223,14.1466,14.1802,15.139,1.723254,2019,1,0,1
2019-01-15,15.2975,15.3622,15.1365,15.2008,15.2008,22534023,0.891227,14.2527,14.2005,15.1406,1.663032,2019,1,1,1
2019-01-16,15.3763,15.493,15.2949,15.4114,15.4114,3816100,1.385548,14.3574,14.2215,15.1434,1.651744,2019,1,2,1
2019-01-17,15.4905,15.7295,15.3016,15.54,15.54,29787779,0.834345,14.4769,14.2442,15.1458,1.584462,2019,1,3,1
2019-01-18,15.1589,15.2729,15.0426,15.1565,15.1565,13072373,-2.468208,14.5497,14.2598,15.1487,1.548044,2019,1,4,1
2019-01-21,15.0079,15.0502,14.9396,14.9819,14.9819,9312561,-1.152023,14.608,14.2718,15.1504,1.589428,2019,1,0,1
2019-01-22,14.8971,15.021,14.7969,14.9206,14.9206,7686691,-0.408721,14.6605,14.2808,15.1507,1.600151,2019,1,1,1
2019-01-23,14.9318,15.038,14.7939,14.8998,14.8998,6329928,-0.139754,14.7203,14.2917,15.1525,1.562682,2019,1,2,1
2019-01-24,15.0533,15.1212,14.9671,15.0349,15.0349,17701025,0.906951,14.7788,14.3084,15.1536,1.557214,2019,1,3,1
2019-01-25,15.0087,15.155,14.9229,15.0689,15.0689,4403685,0.226011,14.8443,14.3248,15.1544,1.53304,2019,1,4,1
2019-01-28,14.7915,14.8237,14.7287,14.7609,14.7609,13950121,-2.044158,14.8924,14.339,15.154,1.632825,2019,1,0,1
2019-01-29,14.8965,14.9849,14.7571,14.8452,14.8452,7074848,0.571332,14.9175,14.3529,15.1532,1.399953,2019,1,1,1
2019-01-30,14.9901,15.0271,14.9428,14.9798,14.9798,5974220,0.906838,14.9502,14.3765,15.1504,1.407108,2019,1,2,1
2019-01-31,15.1714,15.3135,14.9602,15.1017,15.1017,43848129,0.814033,14.9765,14.3979,15.148,1.368992,2019,1,3,1
2019-02-01,15.2658,15.4272,15.1795,15.3405,15.3405,13488695,1.580846,15.0225,14.4218,15.1465,1.369759,2019,2,4,1
2019-02-04,15.5511,15.5847,15.4886,15.5221,15.5221,14262811,1.183812,15.0778,14.4481,15.1464,1.380307,2019,2,0,1
2019-02-05,15.5422,15.649,15.5085,15.6153,15.6153,17722826,0.60032,15.1184,14.4718,15.1478,1.272224,2019,2,1,1
2019-02-06,15.514,15.759,15.3392,15.5834,15.5834,3549041,-0.203878,15.1646,14.4876,15.1479,1.243922,2019,2,2,1
2019-02-07,15.1423,15.3089,15.0143,15.1806,15.1806,35042029,-2.584956,15.1709,14.4908,15.1471,1.270389,2019,2,3,1
2019-02-08,15.2146,15.3367,15.1503,15.2721,15.2721,1988229,0.602766,15.1741,14.5043,15.1465,1.25776,2019,2,4,1
2019-02-11,15.2785,15.4491,15.1418,15.3121,15.3121,5307423,0.261904,15.1864,14.5242,15.1467,1.238427,2019,2,0,1
2019-02-12,15.3531,15.5615,15.1581,15.3663,15.3663,6502432,0.353898,15.1947,14.5478,15.1465,1.225854,2019,2,1,1
2019-02-13,15.1134,15.1699,15.0066,15.0629,15.0629,15909896,-1.974209,15.1773,14.5649,15.1444,1.264437,2019,2,2,1
2019-02-14,14.7968,14.8775,14.7353,14.8159,14.8159,12164282,-1.640308,15.1411,14.5748,15.1398,1.288363,2019,2,3,1
2019-02-15,14.9567,15.1205,14.8889,15.0522,15.0522,9511224,1.595341,15.1359,14.5923,15.137,1.236238,2019,2,4,1
2019-02-18,15.11,15.1514,15.0003,15.0414,15.0414,8056358,-0.071549,15.1388,14.6087,15.1345,1.207777,2019,2,0,1
2019-02-19,15.1429,15.2283,15.1085,15.1938,15.1938,5340818,1.012733,15.1525,14.6312,15.1338,1.222531,2019,2,1,1
2019-02-20,15.1924,15.2551,15.1332,15.1959,15.1959,3267255,0.014265,15.1673,14.6561,15.1336,1.22144,2019,2,2,1
2019-02-21,15.2257,15.4382,14.9865,15.1986,15.1986,12413968,0.017403,15.1755,14.6867,15.1329,1.206832,2019,2,3,1
2019-02-22,15.4208,15.499,15.3303,15.4085,15.4085,15434678,1.381113,15.1925,14.7249,15.1324,1.242259,2019,2,4,1
2019-02-25,15.3485,15.3854,15.2448,15.2816,15.2816,24137847,-0.823534,15.2185,14.7656,15.1323,1.157489,2019,2,0,1
2019-02-26,15.3281,15.372,15.2549,15.2987,15.2987,5091598,0.112166,15.2412,14.8099,15.1312,1.153865,2019,2,1,1
2019-02-27,15.1353,15.3642,14.9593,15.1876,15.1876,13897428,-0.726379,15.2516,14.8474,15.128,1.155792,2019,2,2,1
2019-02-28,15.2175,15.2942,15.01,15.086,15.086,7656818,-0.669055,15.2508,14.8861,15.1238,1.153475,2019,2,3,1
2019-03-01,15.0273,15.0834,14.9596,15.0156,15.0156,17873452,-0.466443,15.2345,14.9124,15.117,1.09528,2019,3,4,1
2019-03-04,15.0584,15.2384,14.8873,15.0672,15.0672,15782165,0.343707,15.2118,14.9374,15.1115,1.058909,2019,3,0,1
2019-03-05,15.0175,15.1045,14.8731,14.9598,14.9598,10385495,-0.71323,15.179,14.9592,15.107,1.051071,2019,3,1,1
2019-03-06,15.2599,15.3276,15.177,15.2447,15.2447,8964299,1.904211,15.1621,14.99,15.1061,1.152419,2019,3,2,1
2019-03-07,15.0617,15.0994,15.0,15.0377,15.0377,18159357,-1.357833,15.1549,15.0134,15.1024,1.040591,2019,3,3,1
2019-03-08,15.1469,15.2353,14.9099,14.9974,14.9974,12426926,-0.267643,15.1412,15.0382,15.0977,1.03035,2019,3,4,1
2019-03-11,14.8854,14.9435,14.8437,14.9018,14.9018,5986698,-0.637694,15.1207,15.0603,15.0926,1.034008,2019,3,0,1
2019-03-12,15.2112,15.3525,15.0895,15.2306,15.2306,5163906,2.206632,15.1139,15.078,15.0889,1.155553,2019,3,1,1
2019-03-13,15.2816,15.3482,15.208,15.2745,15.2745,7115128,0.288296,15.1245,15.097,15.0868,1.063075,2019,3,2,1
2019-03-14,15.5757,15.6492,15.4361,15.5092,15.5092,25871147,1.536756,15.1591,15.1157,15.083,1.030112,2019,3,3,1
2019-03-15,15.0661,15.1904,15.0334,15.1575,15.1575,23303971,-2.268218,15.1644,15.1304,15.0773,1.119744,2019,3,4,1
2019-03-18,15.0999,15.2781,15.0419,15.2196,15.2196,4439509,0.409985,15.1733,15.1465,15.0718,1.122375,2019,3,0,1
2019-03-19,15.3868,15.4818,15.3283,15.4231,15.4231,5017608,1.336911,15.1848,15.1589,15.0666,1.139002,2019,3,1,1
2019-03-20,15.3377,15.598,15.1793,15.4386,15.4386,17534583,0.100717,15.1969,15.1745,15.0609,1.138899,2019,3,2,1
2019-03-21,15.6551,15.79,15.5469,15.6817,15.6817,5302298,1.574764,15.2211,15.187,15.0563,1.186261,2019,3,3,1
2019-03-22,15.583,15.63,15.5049,15.5518,15.5518,12674362,-0.82881,15.2282,15.1939,15.0521,1.169659,2019,3,4,1
2019-03-25,15.8188,16.0095,15.6852,15.8754,15.8754,7781762,2.081117,15.2579,15.2101,15.049,1.233702,2019,3,0,1
2019-03-26,16.3178,16.476,16.2536,16.4114,16.4114,34897416,3.376548,15.3136,15.2343,15.0464,1.423143,2019,3,1,1
2019-03-27,16.3047,16.4203,16.1847,16.3002,16.3002,5726698,-0.677869,15.3692,15.2521,15.0416,1.421232,2019,3,2,1
2019-03-28,16.2276,16.2931,16.1064,16.1718,16.1718,18409730,-0.78795,15.4235,15.2647,15.0343,1.42602,2019,3,3,1
2019-03-29,16.3956,16.6439,16.2602,16.5076,16.5076,12575004,2.0765,15.4981,15.2917,15.0296,1.461593,2019,3,4,1
2019-04-01,16.9312,17.0041,16.8031,16.8758,16.8758,13368489,2.230688,15.5885,15.3296,15.0282,1.512037,2019,4,0,2
2019-04-02,16.768,16.8061,16.6754,16.7134,16.7134,2929598,-0.962438,15.6762,15.3655,15.0263,1.524226,2019,4,1,2
2019-04-03,16.6447,16.8562,16.3707,16.5814,16.5814,2472919,-0.789576,15.743,15.3991,15.0238,1.518828,2019,4,2,2
2019-04-04,16.5679,16.6684,16.3875,16.4875,16.4875,7806444,-0.566167,15.8155,15.4281,15.0196,1.479533,2019,4,3,2
2019-04-05,16.2754,16.3495,16.0598,16.1333,16.1333,13351347,-2.148432,15.8723,15.4494,15.0161,1.585007,2019,4,4,2
2019-04-08,15.8743,16.0229,15.7485,15.8969,15.8969,5283954,-1.465148,15.9221,15.4722,15.0095,1.623241,2019,4,0,2
2019-04-09,15.6552,15.7802,15.5234,15.6483,15.6483,5485588,-1.563733,15.943,15.4882,15.0021,1.613494,2019,4,1,2
2019-04-10,15.4384,15.5137,15.3889,15.4641,15.4641,13873894,-1.177135,15.9524,15.4979,14.9945,1.639832,2019,4,2,2
2019-04-11,15.4561,15.4947,15.4174,15.456,15.456,11332169,-0.052705,15.9498,15.505,14.9882,1.603341,2019,4,3,2
2019-04-12,15.6056,15.6797,15.4369,15.5105,15.5105,7883507,0.352939,15.9674,15.5084,14.9845,1.513206,2019,4,4,2
2019-04-15,15.7856,15.9103,15.7465,15.871,15.871,18579396,2.324038,16.0,15.5154,14.9816,1.590656,2019,4,0,2
2019-04-16,15.5722,15.7733,15.4255,15.6261,15.6261,5194669,-1.543422,16.0101,15.5156,14.9775,1.614584,2019,4,1,2
2019-04-17,15.9419,16.0238,15.7731,15.8546,15.8546,8324345,1.462453,16.0309,15.521,14.9762,1.644049,2019,4,2,2
2019-04-18,15.8616,15.977,15.6822,15.7971,15.7971,23066771,-0.36243,16.0367,15.5333,14.9763,1.612186,2019,4,3,2
2019-04-19,15.7573,15.817,15.7205,15.7802,15.7802,8513822,-0.107304,16.0481,15.5435,14.9767,1.599534,2019,4,4,2
2019-04-22,15.99,16.0806,15.8453,15.9356,15.9356,10313163,0.98488,16.0511,15.556,14.9759,1.545399,2019,4,0,2
2019-04-23,15.6814,15.7388,15.6027,15.66,15.66,43145595,-1.729468,16.0136,15.5618,14.9742,1.375951,2019,4,1,2
2019-04-24,15.8428,15.9028,15.6887,15.7483,15.7483,3842490,0.563854,15.986,15.5755,14.9748,1.382446,2019,4,2,2
2019-04-25,15.7892,15.8538,15.7199,15.7845,15.7845,13492954,0.229976,15.9666,15.5949,14.9758,1.376955,2019,4,3,2
2019-04-26,15.9627,16.0876,15.7731,15.8975,15.8975,24796751,0.715646,15.9361,15.6118,14.9778,1.294251,2019,4,4,2
2019-04-29,16.1298,16.1687,15.9226,15.9611,15.9611,7108182,0.400294,15.8904,15.6302,14.9832,1.173922,2019,4,0,2
2019-04-30,16.5821,16.6566,16.4682,16.5425,16.5425,22818906,3.642852,15.8818,15.6572,14.9915,1.450406,2019,4,1,2
2019-05-01,16.3697,16.6293,16.1069,16.3665,16.3665,5393097,-1.064436,15.8711,15.6806,14.9992,1.459144,2019,5,2,2
2019-05-02,16.2689,16.4585,16.0329,16.222,16.222,6242190,-0.882792,15.8578,15.7011,15.0053,1.466678,2019,5,3,2
2019-05-03,16.0358,16.1721,15.9232,16.0593,16.0593,12120483,-1.00278,15.8541,15.7141,15.0085,1.402228,2019,5,4,2
2019-05-06,16.0703,16.1283,15.8609,15.9183,15.9183,15206233,-0.878133,15.8552,15.7268,15.0097,1.37615,2019,5,0,2
2019-05-07,15.7732,15.8031,15.7321,15.7619,15.7619,18784418,-0.982473,15.8609,15.7361,15.0105,1.346866,2019,5,1,2
2019-05-08,16.0246,16.1612,15.9056,16.0421,16.0421,27684147,1.777932,15.8898,15.7532,15.0139,1.367701,2019,5,2,2
2019-05-09,16.3229,16.5404,16.1607,16.3776,16.3776,10830590,2.091519,15.9358,15.779,15.0161,1.430091,2019,5,3,2
2019-05-10,16.2958,16.4736,16.0477,16.2246,16.2246,19461009,-0.934356,15.9715,15.8032,15.0176,1.456295,2019,5,4,2
2019-05-13,16.0684,16.1094,15.972,16.0129,16.0129,8237628,-1.305098,15.9786,15.8221,15.018,1.407621,2019,5,0,2
2019-05-14,16.0893,16.2296,15.9813,16.1214,16.1214,15595124,0.677456,16.0034,15.8453,15.019,1.361841,2019,5,1,2
2019-05-15,16.0179,16.0602,15.9389,15.9811,15.9811,10651105,-0.870071,16.0097,15.8601,15.0192,1.344638,2019,5,2,2
2019-05-16,16.0318,16.2616,15.9,16.1291,16.1291,12370730,0.926049,16.0263,15.8819,15.0203,1.354754,2019,5,3,2
2019-05-17,16.1836,16.2448,16.1106,16.1717,16.1717,10857804,0.264088,16.0459,15.9054,15.0224,1.354126,2019,5,4,2
2019-05-20,15.8258,15.8643,15.7588,15.7972,15.7972,4502591,-2.315516,16.039,15.9233,15.0233,1.442819,2019,5,0,2
2019-05-21,16.2752,16.34,16.1005,16.1648,16.1648,5928945,2.326986,16.0642,15.942,15.0262,1.476622,2019,5,1,2
2019-05-22,16.5428,16.6413,16.4957,16.594,16.594,12908574,2.65512,16.1065,15.9684,15.0318,1.576703,2019,5,2,2
2019-05-23,16.3428,16.4636,16.3063,16.4268,16.4268,3498526,-1.007452,16.1386,15.9867,15.0375,1.602572,2019,5,3,2
2019-05-24,16.2617,16.3559,16.2262,16.3202,16.3202,14894536,-0.649198,16.1598,16.01,15.0425,1.609032,2019,5,4,2
2019-05-27,16.2942,16.4154,16.2608,16.3818,16.3818,14510327,0.377304,16.1808,16.0332,15.0481,1.608847,2019,5,0,2
2019-05-28,16.5425,16.6565,16.3411,16.4545,16.4545,10595892,0.444038,16.1764,16.0538,15.0524,1.38612,2019,5,1,2
2019-05-29,16.7092,16.7968,16.5193,16.6063,16.6063,4829283,0.922748,16.1884,16.0772,15.0606,1.378332,2019,5,2,2
2019-05-30,17.1154,17.2518,16.9574,17.0935,17.0935,28749253,2.933702,16.232,16.1054,15.0699,1.496857,2019,5,3,2
2019-05-31,17.1082,17.2193,16.9145,17.0251,17.0251,29345362,-0.40058,16.2802,16.1349,15.0775,1.47576,2019,5,4,2
2019-06-03,16.809,17.0092,16.6,16.8,16.8,11078855,-1.321725,16.3243,16.1534,15.0864,1.497613,2019,6,0,2
2019-06-04,16.4297,16.5566,16.3092,16.436,16.436,15681563,-2.166992,16.358,16.1539,15.0938,1.571775,2019,6,1,2
2019-06-05,16.2251,16.3841,16.088,16.2468,16.2468,11132366,-1.151113,16.3683,16.1528,15.1007,1.555474,2019,6,2,2
2019-06-06,16.2135,16.2865,16.1608,16.2337,16.2337,11174811,-0.080575,16.3611,16.154,15.1091,1.481318,2019,6,3,2
2019-06-07,16.5629,16.9043,16.3262,16.6661,16.6661,11310222,2.663722,16.3832,16.1572,15.1204,1.581302,2019,6,4,2
2019-06-10,16.5415,16.6,16.4657,16.5241,16.5241,9182880,-0.852243,16.4087,16.1502,15.1322,1.562559,2019,6,0,2
2019-06-11,16.5673,16.6049,16.5323,16.5699,16.5699,14537794,0.277557,16.4311,16.1473,15.1422,1.55826,2019,6,1,2
2019-06-12,16.6049,16.7153,16.4454,16.5555,16.5555,33250732,-0.086977,16.4599,16.1468,15.151,1.541055,2019,6,2,2
2019-06-13,16.8471,16.9191,16.7688,16.8408,16.8408,4623528,1.723092,16.4954,16.1539,15.1599,1.571159,2019,6,3,2
2019-06-14,17.4524,17.6235,17.2928,17.4638,17.4638,12879777,3.699169,16.56,16.1805,15.171,1.752613,2019,6,4,2
2019-06-17,17.2372,17.3838,17.1511,17.2974,17.2974,4697576,-0.952328,16.6351,16.2085,15.1826,1.665824,2019,6,0,2
2019-06-18,17.1517,17.2587,17.0398,17.1467,17.1467,24449408,-0.871345,16.6842,16.2385,15.194,1.631098,2019,6,1,2
2019-06-19,17.4461,17.6113,17.2301,17.3948,17.3948,7226108,1.446548,16.7242,16.2771,15.2061,1.560414,2019,6,2,2
2019-06-20,17.4671,17.6065,17.4083,17.5474,17.5474,3950744,0.877434,16.7802,16.3189,15.2203,1.537389,2019,6,3,2
2019-06-21,18.0116,18.0625,17.9545,18.0053,18.0053,17700077,2.60962,16.8645,16.3688,15.236,1.598336,2019,6,4,2
2019-06-24,18.1432,18.219,18.0505,18.1263,18.1263,25824325,0.671862,16.9517,16.4139,15.2525,1.598459,2019,6,0,2
2019-06-25,17.938,18.0682,17.8596,17.9896,17.9896,13722465,-0.753896,17.0285,16.4612,15.2687,1.623672,2019,6,1,2
2019-06-26,18.0704,18.19,17.9935,18.113,18.113,10278004,0.68565,17.1038,16.5063,15.2848,1.620974,2019,6,2,2
2019-06-27,18.3928,18.5968,18.1721,18.3759,18.3759,13152089,1.451526,17.1679,16.5579,15.3016,1.532811,2019,6,3,2
2019-06-28,18.4745,18.6647,18.369,18.5587,18.5587,22379375,0.994649,17.2446,16.6135,15.3198,1.527471,2019,6,4,2
2019-07-01,18.6795,18.7175,18.6155,18.6534,18.6534,5215737,0.510565,17.3373,16.6678,15.3371,1.469908,2019,7,0,3
2019-07-02,18.836,18.9544,18.7855,18.9037,18.9037,9461713,1.341806,17.4606,16.7327,15.3569,1.333535,2019,7,1,3
2019-07-03,19.2638,19.3315,19.1149,19.1823,19.1823,7868159,1.47369,17.6074,16.8014,15.3774,1.268272,2019,7,2,3
2019-07-04,19.7042,19.8513,19.3759,19.5216,19.5216,5349943,1.769009,17.7718,16.8761,15.3989,1.264929,2019,7,3,3
2019-07-05,19.579,19.7412,19.4848,19.6466,19.6466,7405332,0.640341,17.9208,16.9511,15.4215,1.19847,2019,7,4,3
2019-07-08,19.5722,19.6117,19.4911,19.5305,19.5305,17399426,-0.591081,18.0712,17.0225,15.4431,1.180431,2019,7,0,3
2019-07-09,19.4524,19.549,19.4126,19.5091,19.5091,11485514,-0.109483,18.2181,17.0818,15.466,1.19334,2019,7,1,3
2019-07-10,19.8809,19.9646,19.7151,19.7984,19.7984,15217230,1.483024,18.3803,17.1505,15.4893,1.181669,2019,7,2,3
2019-07-11,19.3879,19.6499,19.2253,19.4865,19.4865,11531557,-1.575627,18.5126,17.2158,15.5114,1.286992,2019,7,3,3
2019-07-12,19.5689,19.6345,19.4659,19.5314,19.5314,11454042,0.230181,18.6159,17.2852,15.5342,1.085128,2019,7,4,3
2019-07-15,19.2853,19.3934,19.2449,19.3529,19.3529,5861187,-0.913743,18.7187,17.3539,15.555,1.082316,2019,7,0,3
2019-07-16,19.2858,19.3829,19.2048,19.3018,19.3018,6996106,-0.264168,18.8265,17.4247,15.5763,1.047766,2019,7,1,3
2019-07-17,19.5328,19.6992,19.4476,19.6137,19.6137,11831741,1.615869,18.9374,17.4961,15.6008,1.05563,2019,7,2,3
2019-07-18,19.6701,19.8207,19.4554,19.6056,19.6056,9527267,-0.041186,19.0403,17.5607,15.6269,1.063218,2019,7,3,3
2019-07-19,19.4898,19.6728,19.3727,19.5553,19.5553,10193085,-0.256513,19.1178,17.6273,15.6521,0.96085,2019,7,4,3
2019-07-22,19.1362,19.3279,18.9028,19.094,19.094,10920039,-2.358705,19.1662,17.6889,15.6764,1.140836,2019,7,0,3
2019-07-23,19.2283,19.451,19.0324,19.2548,19.2548,7444167,0.842073,19.2295,17.7516,15.6994,1.121349,2019,7,1,3
2019-07-24,19.3764,19.4606,19.3011,19.3853,19.3853,60363175,0.67753,19.2931,17.8197,15.7255,1.121221,2019,7,2,3
2019-07-25,19.9677,20.0492,19.8745,19.9559,19.9559,21667179,2.943672,19.3721,17.8962,15.7524,1.241815,2019,7,3,3
2019-07-26,19.7339,19.9054,19.623,19.7942,19.7942,11925711,-0.810493,19.4338,17.9687,15.7783,1.263311,2019,7,4,3
2019-07-29,19.8101,19.8861,19.7175,19.7934,19.7934,6960535,-0.003702,19.4909,18.0486,15.8043,1.264682,2019,7,0,3
2019-07-30,19.9231,20.0813,19.6446,19.8019,19.8019,6154638,0.042679,19.5358,18.1213,15.8309,1.241762,2019,7,1,3
2019-07-31,20.142,20.4562,19.8914,20.2049,20.2049,10346418,2.03504,19.5869,18.1935,15.859,1.276968,2019,7,2,3
2019-08-01,20.1968,20.2819,20.0178,20.1025,20.1025,10507437,-0.506419,19.6159,18.2671,15.8867,1.236908,2019,8,3,3
2019-08-02,20.236,20.5146,19.8385,20.1155,20.1155,2622054,0.064341,19.6394,18.343,15.9131,1.231682,2019,8,4,3
2019-08-05,20.162,20.3582,20.0322,20.228,20.228,3467070,0.559455,19.6743,18.4199,15.94,1.223308,2019,8,0,3
2019-08-06,20.0941,20.4061,19.9007,20.2117,20.2117,5547430,-0.080694,19.7094,18.495,15.9667,1.222963,2019,8,1,3
2019-08-07,20.0281,20.1201,19.912,20.0039,20.0039,10940482,-1.027986,19.7197,18.563,15.9927,1.211437,2019,8,2,3
2019-08-08,19.9503,20.1427,19.802,19.9941,19.9941,6998335,-0.04919,19.745,18.621,16.0187,1.149565,2019,8,3,3
2019-08-09,20.3997,20.4558,20.1927,20.2484,20.2484,24298273,1.271899,19.7809,18.6855,16.0457,1.177372,2019,8,4,3
2019-08-12,19.8672,20.1001,19.6315,19.8644,19.8644,4557884,-1.896347,19.8065,18.7468,16.0726,1.24432,2019,8,0,3
2019-08-13,19.776,20.0498,19.5666,19.8397,19.8397,5223863,-0.124387,19.8334,18.8148,16.1009,1.242334,2019,8,1,3
2019-08-14,19.4779,19.7017,19.3446,19.5677,19.5677,25452064,-1.370968,19.8311,18.8812,16.1269,1.235701,2019,8,2,3
2019-08-15,19.947,20.1263,19.682,19.8605,19.8605,11206311,1.496104,19.8438,18.9538,16.1542,1.280306,2019,8,3,3
2019-08-16,19.2988,19.5503,19.092,19.343,19.343,20882027,-2.605391,19.8332,19.0073,16.179,1.412927,2019,8,4,3
2019-08-19,19.1314,19.1754,19.0842,19.1281,19.1281,33545353,-1.111094,19.8349,19.0594,16.2027,1.330543,2019,8,0,3
2019-08-20,19.2614,19.4106,19.0394,19.1881,19.1881,5605735,0.313517,19.8316,19.1118,16.2263,1.318494,2019,8,1,3
2019-08-21,19.5514,19.8217,19.3196,19.5894,19.5894,10625475,2.091522,19.8418,19.1724,16.2525,1.393053,2019,8,2,3
2019-08-22,19.5094,19.6974,19.3249,19.513,19.513,7325775,-0.390124,19.8196,19.2259,16.2791,1.218567,2019,8,3,3
2019-08-23,19.2938,19.3927,19.1962,19.2951,19.2951,3035320,-1.116623,19.7947,19.2625,16.3043,1.229764,2019,8,4,3
2019-08-26,19.8432,19.9563,19.6763,19.7891,19.7891,9956075,2.560273,19.7944,19.3123,16.333,1.3684,2019,8,0,3
2019-08-27,19.3447,19.3841,19.2598,19.2991,19.2991,20464675,-2.475914,19.7693,19.3554,16.3587,1.476629,2019,8,1,3
2019-08-28,18.5961,18.6603,18.5483,18.6124,18.6124,19229614,-3.558048,19.6897,19.3797,16.3828,1.573812,2019,8,2,3
2019-08-29,18.7038,18.7672,18.6357,18.6991,18.6991,12673313,0.465413,19.6195,19.4028,16.4061,1.585243,2019,8,3,3
2019-08-30,18.4929,18.6828,18.3309,18.5205,18.5205,7617737,-0.955028,19.5398,19.4131,16.428,1.587632,2019,8,4,3
2019-09-02,18.0956,18.3128,17.9866,18.2032,18.2032,7278193,-1.713352,19.4385,19.4146,16.448,1.596644,2019,9,0,3
2019-09-03,18.3884,18.5166,18.2414,18.3695,18.3695,20235591,0.913786,19.3464,19.4222,16.4677,1.626057,2019,9,1,3
2019-09-04,18.5458,18.7017,18.2517,18.4065,18.4065,6174520,0.201233,19.2665,19.4281,16.4857,1.626852,2019,9,2,3
2019-09-05,18.1556,18.2802,18.0956,18.22,18.22,11497598,-1.013231,19.1778,19.425,16.5018,1.630108,2019,9,3,3
2019-09-06,17.7881,17.9342,17.6974,17.8432,17.8432,12549809,-2.067755,19.0576,19.4107,16.518,1.615333,2019,9,4,3
2019-09-09,17.9951,18.2176,17.8361,18.058,18.058,23804484,1.20373,18.9673,19.3988,16.5367,1.634812,2019,9,0,3
2019-09-10,18.2641,18.3944,18.0814,18.2113,18.2113,16741267,0.848868,18.8858,19.3849,16.5568,1.659712,2019,9,1,3
2019-09-11,18.1911,18.2269,18.1227,18.1585,18.1585,3891558,-0.289915,18.8154,19.3644,16.5766,1.644444,2019,9,2,3
2019-09-12,18.6252,18.7181,18.5442,18.637,18.637,5937853,2.635265,18.7542,19.3467,16.5981,1.729642,2019,9,3,3
2019-09-13,18.2368,18.4747,18.0668,18.304,18.304,15441975,-1.786682,18.7023,19.3199,16.6188,1.681299,2019,9,4,3
2019-09-16,17.8652,17.9271,17.7967,17.8586,17.8586,11536851,-2.433618,18.6388,19.2864,16.637,1.741378,2019,9,0,3
2019-09-17,17.5452,17.9004,17.3021,17.6557,17.6557,7487049,-1.135858,18.5622,19.2494,16.6549,1.743418,2019,9,1,3
2019-09-18,17.6405,17.8281,17.443,17.6304,17.6304,15136994,-0.143436,18.4642,19.206,16.6733,1.644055,2019,9,2,3
2019-09-19,17.7439,17.7785,17.6477,17.6822,17.6822,9476867,0.293805,18.3727,19.1699,16.6934,1.65382,2019,9,3,3
2019-09-20,17.5167,17.6907,17.4313,17.6048,17.6048,8981562,-0.437624,18.2882,19.1314,16.7139,1.646983,2019,9,4,3
2019-09-23,17.5781,17.7288,17.5361,17.6865,17.6865,13953030,0.464039,18.183,19.0981,16.7361,1.506407,2019,9,0,3
2019-09-24,17.4513,17.4922,17.3012,17.3418,17.3418,8927414,-1.949211,18.0852,19.0589,16.7574,1.475233,2019,9,1,3
2019-09-25,17.6684,17.854,17.5264,17.7117,17.7117,29067091,2.133181,18.0401,19.0208,16.7794,1.406242,2019,9,2,3
2019-09-26,17.7574,17.8092,17.6255,17.6771,17.6771,5181429,-0.195704,17.989,18.9823,16.802,1.396566,2019,9,3,3
2019-09-27,17.9503,18.0589,17.8528,17.9614,17.9614,15621252,1.608331,17.9611,18.9504,16.8233,1.447228,2019,9,4,3
2019-09-30,18.0249,18.2587,17.803,18.0366,18.0366,20489418,0.419091,17.9527,18.9292,16.8444,1.403349,2019,9,0,3
2019-10-01,18.1736,18.3106,18.0051,18.1418,18.1418,3907080,0.583246,17.9414,18.907,16.8658,1.393479,2019,10,1,4
2019-10-02,18.212,18.3936,18.0954,18.2766,18.2766,7470771,0.742817,17.9349,18.8848,16.8886,1.403905,2019,10,2,4
2019-10-03,18.3863,18.4239,18.3389,18.3765,18.3765,17602185,0.546856,17.9427,18.8532,16.9112,1.389434,2019,10,3,4
2019-10-04,18.5008,18.5828,18.4472,18.5291,18.5291,18657201,0.830222,17.977,18.8279,16.935,1.305303,2019,10,4,4
2019-10-07,18.7718,19.0027,18.6412,18.8714,18.8714,9836486,1.847606,18.0176,18.8095,16.9604,1.33895,2019,10,0,4
2019-10-08,18.9189,18.9733,18.839,18.8933,18.8933,5267501,0.116044,18.0518,18.7913,16.9832,1.3311,2019,10,1,4
2019-10-09,19.0402,19.1773,18.9233,19.0603,19.0603,16683659,0.883672,18.0968,18.7684,17.0068,1.334581,2019,10,2,4
2019-10-10,18.9856,19.0588,18.9243,18.9975,18.9975,17349627,-0.329374,18.1149,18.7463,17.0289,1.215131,2019,10,3,4
2019-10-11,19.2785,19.5291,19.1223,19.3722,19.3722,5516124,1.97238,18.1683,18.7314,17.0537,1.198078,2019,10,4,4
2019-10-14,19.2549,19.3192,19.0692,19.1331,19.1331,4856023,-1.234466,18.232,18.7095,17.0773,1.078607,2019,10,0,4
2019-10-15,19.6811,19.7349,19.5588,19.6123,19.6123,13633217,2.504785,18.3298,18.6976,17.1013,1.120887,2019,10,1,4
2019-10-16,19.6289,19.7839,19.3991,19.5535,19.5535,12372643,-0.299952,18.426,18.6885,17.1258,1.12639,2019,10,2,4
2019-10-17,19.0649,19.1489,19.0043,19.0882,19.0882,9945410,-2.379601,18.4963,18.6704,17.146,1.300449,2019,10,3,4
2019-10-18,18.9567,19.1993,18.8469,19.0887,19.0887,12032058,0.002785,18.5705,18.6472,17.1654,1.289355,2019,10,4,4
2019-10-21,19.0055,19.0979,18.7664,18.8581,18.8581,6502160,-1.207985,18.6291,18.6271,17.1843,1.33914,2019,10,0,4
2019-10-22,19.0605,19.1741,18.9516,19.0652,19.0652,2737788,1.09775,18.7152,18.6116,17.2037,1.235541,2019,10,1,4
2019-10-23,18.7874,18.9742,18.6574,18.8438,18.8438,7660887,-1.161089,18.7718,18.5971,17.2208,1.223368,2019,10,2,4
2019-10-24,18.7187,18.9433,18.4633,18.6876,18.6876,9698645,-0.829056,18.8224,18.5737,17.2366,1.245348,2019,10,3,4
2019-10-25,18.2158,18.365,17.9826,18.1311,18.1311,10941223,-2.977682,18.8308,18.5494,17.2514,1.401422,2019,10,4,4
2019-10-28,17.9914,18.1913,17.7931,17.993,17.993,4604730,-0.761676,18.8287,18.5267,17.2665,1.410183,2019,10,0,4
2019-10-29,17.4153,17.5489,17.1938,17.3267,17.3267,4761402,-3.703258,18.7879,18.4895,17.2785,1.62572,2019,10,1,4
2019-10-30,16.9897,17.0261,16.8802,16.9164,16.9164,8727182,-2.367866,18.7199,18.4361,17.2886,1.677055,2019,10,2,4
2019-10-31,17.0454,17.2563,16.9089,17.1191,17.1191,16955680,1.198443,18.657,18.3882,17.299,1.701998,2019,10,3,4
2019-11-01,17.2802,17.4159,17.1913,17.3268,17.3268,21074551,1.213272,18.5969,18.3488,17.3103,1.717939,2019,11,4,4
2019-11-04,17.5066,17.6152,17.3315,17.4398,17.4398,18427412,0.65169,18.5253,18.3018,17.3237,1.65827,2019,11,0,4
2019-11-05,17.0006,17.3203,16.8688,17.1871,17.1871,6344985,-1.448898,18.44,18.2596,17.3354,1.670481,2019,11,1,4
2019-11-06,17.17,17.2439,17.1065,17.1803,17.1803,4035302,-0.039458,18.346,18.2309,17.3464,1.643978,2019,11,2,4
2019-11-07,17.0869,17.3043,16.9685,17.1852,17.1852,10838765,0.028624,18.2554,18.2007,17.3568,1.647935,2019,11,3,4
2019-11-08,16.8604,16.9719,16.7811,16.8926,16.8926,15768410,-1.702985,18.1314,18.1681,17.3646,1.56192,2019,11,4,4
2019-11-11,17.2652,17.5081,17.0432,17.2859,17.2859,14799530,2.328313,18.0391,18.1498,17.3734,1.692006,2019,11,0,4
2019-11-12,17.4929,17.674,17.3372,17.5181,17.5181,3022661,1.343196,17.9344,18.1327,17.3829,1.601199,2019,11,1,4
2019-11-13,17.4217,17.5972,17.285,17.4602,17.4602,5070510,-0.330066,17.8297,18.1138,17.3923,1.600965,2019,11,2,4
2019-11-14,17.3922,17.5964,17.2652,17.4689,17.4689,7936415,0.049435,17.7487,18.0988,17.4037,1.546245,2019,11,3,4
2019-11-15,17.6857,17.8002,17.4116,17.5251,17.5251,11403830,0.321785,17.6706,18.0924,17.415,1.552586,2019,11,4,4
2019-11-18,17.1163,17.2299,16.8767,16.9894,16.9894,20671679,-3.056553,17.5771,18.071,17.4234,1.653999,2019,11,0,4
2019-11-19,16.8597,16.9962,16.8021,16.9384,16.9384,9248830,-0.300339,17.4708,18.0456,17.4313,1.611593,2019,11,1,4
2019-11-20,16.8845,16.9333,16.7298,16.7783,16.7783,11618172,-0.94518,17.3675,18.018,17.4398,1.608196,2019,11,2,4
2019-11-21,16.5163,16.638,16.4213,16.5428,16.5428,10814727,-1.403664,17.2603,17.9761,17.4485,1.618236,2019,11,3,4
2019-11-22,16.503,16.5897,16.4079,16.4945,16.4945,12777729,-0.291846,17.1784,17.9399,17.4557,1.518481,2019,11,4,4
2019-11-25,16.958,17.1597,16.7606,16.9623,16.9623,14975675,2.836056,17.1269,17.922,17.4653,1.684946,2019,11,0,4
2019-11-26,17.094,17.1701,17.0631,17.1392,17.1392,10039728,1.042917,17.1175,17.9117,17.475,1.50186,2019,11,1,4
2019-11-27,17.0698,17.1646,16.9084,17.0029,17.0029,7902357,-0.795483,17.1218,17.8991,17.4841,1.412272,2019,11,2,4
2019-11-28,17.171,17.267,17.0663,17.1623,17.1623,9960739,0.937816,17.124,17.8887,17.4939,1.402138,2019,11,3,4
2019-11-29,17.4996,17.6302,17.4025,17.533,17.533,15223488,2.159777,17.1343,17.8873,17.5045,1.459274,2019,11,4,4
2019-12-02,17.687,17.9041,17.5633,17.7797,17.7797,11999808,1.407409,17.1513,17.8891,17.517,1.484711,2019,12,0,4
2019-12-03,17.7309,17.9418,17.5841,17.7945,17.7945,10220301,0.082942,17.1817,17.8982,17.5295,1.439029,2019,12,1,4
2019-12-04,17.5049,17.6874,17.4385,17.6205,17.6205,21439806,-0.977483,17.2037,17.8964,17.5416,1.461789,2019,12,2,4
2019-12-05,17.8084,17.8433,17.7725,17.8075,17.8075,11349119,1.061018,17.2348,17.899,17.5552,1.47593,2019,12,3,4
2019-12-06,17.8257,17.9533,17.7841,17.9115,17.9115,6048892,0.583847,17.2858,17.898,17.5697,1.408747,2019,12,4,4
2019-12-09,18.1301,18.1976,18.0818,18.1493,18.1493,17156981,1.328049,17.3289,17.9002,17.5851,1.349561,2019,12,0,4
2019-12-10,18.4154,18.4836,18.2473,18.3151,18.3151,4162220,0.913053,17.3688,17.9037,17.6019,1.334612,2019,12,1,4
2019-12-11,18.6823,18.778,18.4978,18.5931,18.5931,5431552,1.517935,17.4254,17.91,17.6186,1.357487,2019,12,2,4
2019-12-12,18.4257,18.5262,18.3276,18.4281,18.4281,11538089,-0.887277,17.4734,17.9111,17.6356,1.383355,2019,12,3,4
2019-12-13,18.7735,18.9027,18.6509,18.78,18.78,14993206,1.909857,17.5361,17.9161,17.6545,1.430839,2019,12,4,4
2019-12-16,18.9585,19.0185,18.7575,18.817,18.817,3939199,0.196988,17.6275,17.915,17.6741,1.186509,2019,12,0,4
2019-12-17,19.424,19.5703,19.2375,19.3836,19.3836,10074962,3.010763,17.7498,17.9248,17.6948,1.292465,2019,12,1,4
2019-12-18,19.1277,19.2696,19.0112,19.1528,19.1528,6900993,-1.190391,17.8685,17.9266,17.7142,1.309784,2019,12,2,4
2019-12-19,19.5141,19.7907,19.3504,19.626,19.626,8854807,2.470546,18.0226,17.9392,17.7348,1.272589,2019,12,3,4
2019-12-20,19.6804,19.749,19.5809,19.6495,19.6495,14428125,0.11944,18.1804,17.9448,17.7573,1.256114,2019,12,4,4
2019-12-23,19.4872,19.7073,19.2034,19.4227,19.4227,15076884,-1.153799,18.3034,17.9506,17.7783,1.246972,2019,12,0,4
2019-12-24,19.2031,19.2908,19.1642,19.2518,19.2518,9313405,-0.880231,18.409,17.9433,17.7974,1.29143,2019,12,1,4
2019-12-25,19.1552,19.3641,18.9242,19.1329,19.1329,6481827,-0.617537,18.5155,17.9349,17.8159,1.281955,2019,12,2,4
2019-12-26,19.2028,19.3529,19.0809,19.2308,19.2308,3922126,0.511811,18.619,17.9378,17.8337,1.279577,2019,12,3,4
2019-12-27,19.3418,19.4684,19.2295,19.3561,19.3561,21184029,0.651263,18.7101,17.9431,17.8527,1.224737,2019,12,4,4
2019-12-30,18.9713,19.2667,18.8676,19.162,19.162,13724232,-1.002649,18.7792,17.9492,17.8691,1.249375,2019,12,0,4
2019-12-31,19.1146,19.3077,18.9386,19.1316,19.1316,5401936,-0.158813,18.8461,17.9505,17.8827,1.253587,2019,12,1,4
2020-01-01,19.8002,19.896,19.6283,19.7237,19.7237,19716954,3.095114,18.9513,17.9681,17.8998,1.35018,2020,1,2,1
2020-01-02,20.1497,20.295,20.0558,20.2008,20.2008,11292637,2.418753,19.0709,17.9984,17.92,1.408819,2020,1,3,1
2020-01-03,20.2941,20.3924,20.1915,20.2898,20.2898,7325292,0.440936,19.1898,18.0416,17.9389,1.409491,2020,1,4,1
2020-01-06,20.1965,20.3172,20.1373,20.2578,20.2578,10715694,-0.157905,19.2953,18.0869,17.9558,1.410183,2020,1,0,1
2020-01-07,20.2809,20.3899,20.143,20.2517,20.2517,5157756,-0.029876,19.3921,18.1454,17.9735,1.41353,2020,1,1,1
2020-01-08,20.3785,20.4741,20.3006,20.3962,20.3962,7430693,0.713053,19.4822,18.215,17.9926,1.394753,2020,1,2,1
2020-01-09,19.9635,20.1006,19.902,20.0388,20.0388,11673586,-1.751956,19.5628,18.2734,18.0103,1.45139,2020,1,3,1
2020-01-10,20.0308,20.0995,19.8563,19.9246,19.9246,6608056,-0.569864,19.62,18.3253,18.0293,1.423954,2020,1,4,1
2020-01-13,19.4648,19.5344,19.3234,19.3927,19.3927,18508497,-2.669666,19.6488,18.3644,18.0468,1.572056,2020,1,0,1
2020-01-14,19.4395,19.5333,19.393,19.4867,19.4867,26922418,0.484588,19.654,18.4104,18.0659,1.425845,2020,1,1,1
2020-01-15,19.6914,19.7701,19.5737,19.6523,19.6523,5945240,0.849703,19.6789,18.4598,18.0869,1.406321,2020,1,2,1
2020-01-16,19.5252,19.607,19.4018,19.4834,19.4834,3456506,-0.859471,19.6718,18.5058,18.107,1.309434,2020,1,3,1
2020-01-17,19.9719,20.0253,19.8674,19.9207,19.9207,3463935,2.24471,19.6854,18.5663,18.1291,1.40482,2020,1,4,1
2020-01-20,19.392,19.6523,19.265,19.5243,19.5243,10277105,-1.989673,19.6904,18.6111,18.1473,1.454932,2020,1,0,1
2020-01-21,19.1506,19.1882,19.0362,19.0738,19.0738,7912790,-2.307806,19.6815,18.6422,18.1646,1.535066,2020,1,1,1
2020-01-22,19.0821,19.2346,18.9735,19.1257,19.1257,9554916,0.27235,19.6812,18.6755,18.1809,1.530189,2020,1,2,1
2020-01-23,19.3854,19.552,19.2469,19.4132,19.4132,11228449,1.503355,19.6903,18.7144,18.199,1.56304,2020,1,3,1
2020-01-24,20.0952,20.1563,19.8249,19.8854,19.8854,4509104,2.432232,19.7168,18.7616,18.2195,1.647044,2020,1,4,1
2020-01-27,19.746,19.8017,19.6666,19.7222,19.7222,3138198,-0.820639,19.7448,18.8163,18.2385,1.640843,2020,1,0,1
2020-01-28,19.9878,20.13,19.8767,20.0187,20.0187,12384635,1.503385,19.7891,18.8779,18.2603,1.665912,2020,1,1,1
2020-01-29,19.8028,20.0564,19.7262,19.9791,19.9791,9021730,-0.198133,19.8019,18.9419,18.2814,1.525717,2020,1,2,1
2020-01-30,20.0111,20.0863,19.8257,19.9005,19.9005,6685771,-0.393426,19.7869,19.009,18.302,1.424624,2020,1,3,1
2020-01-31,20.031,20.2289,19.942,20.1394,20.1394,3662184,1.200576,19.7794,19.0819,18.3232,1.448751,2020,1,4,1
2020-02-03,20.2266,20.388,20.147,20.3081,20.3081,12379089,0.837856,19.7819,19.1489,18.3449,1.461081,2020,2,0,1
2020-02-04,19.7704,19.9107,19.6565,19.7967,19.7967,26026834,-2.518508,19.7591,19.202,18.3612,1.567852,2020,2,1,1
2020-02-05,20.329,20.3802,20.1636,20.2145,20.2145,13359832,2.1108,19.75,19.2662,18.3805,1.635771,2020,2,2,1
2020-02-06,20.6682,20.7415,20.5314,20.6045,20.6045,6632398,1.929102,19.7783,19.3351,18.4024,1.639146,2020,2,3,1
2020-02-07,20.3624,20.4126,20.325,20.3753,20.3753,10065414,-1.112434,19.8009,19.3919,18.424,1.656125,2020,2,4,1
2020-02-10,20.4915,20.7336,20.2245,20.4663,20.4663,3838047,0.44661,19.8545,19.4457,18.4467,1.520393,2020,2,0,1
2020-02-11,20.5371,20.6395,20.4843,20.5866,20.5866,16856902,0.587853,19.9095,19.5015,18.4708,1.521297,2020,2,1,1
2020-02-12,20.6453,20.9017,20.3775,20.6338,20.6338,8786879,0.229155,19.9586,19.5618,18.4938,1.51551,2020,2,2,1
2020-02-13,20.4356,20.5077,20.3575,20.4296,20.4296,3322603,-0.989392,20.0059,19.6142,18.514,1.520807,2020,2,3,1
2020-02-14,20.2727,20.3801,20.0876,20.1945,20.1945,8234803,-1.150876,20.0196,19.6599,18.5339,1.475064,2020,2,4,1
2020-02-17,20.2415,20.3142,20.091,20.1635,20.1635,10888796,-0.153644,20.0516,19.7002,18.5546,1.394501,2020,2,0,1
2020-02-18,20.5364,20.6042,20.4283,20.4959,20.4959,8676243,1.648854,20.1227,19.7438,18.5765,1.302011,2020,2,1,1
2020-02-19,20.6047,20.7899,20.4496,20.6346,20.6346,7690803,0.676646,20.1981,19.7846,18.5998,1.303581,2020,2,2,1
2020-02-20,20.5499,20.711,20.3285,20.4891,20.4891,4382384,-0.705061,20.2519,19.8258,18.6216,1.297693,2020,2,3,1
2020-02-21,20.6912,20.8088,20.5814,20.6989,20.6989,13516413,1.023691,20.2926,19.8642,18.6442,1.20988,2020,2,4,1
2020-02-24,19.6985,19.8758,19.6072,19.7841,19.7841,10434688,-4.419228,20.2957,19.8835,18.6641,1.581394,2020,2,0,1
2020-02-25,20.081,20.1634,20.0312,20.1135,20.1135,2912045,1.664652,20.3004,19.8981,18.6839,1.589704,2020,2,1,1
2020-02-26,19.5775,19.6446,19.5038,19.5709,19.5709,9952632,-2.697678,20.28,19.9065,18.6988,1.703256,2020,2,2,1
2020-02-27,19.5289,19.6605,19.3269,19.458,19.458,16084532,-0.576522,20.2579,19.9031,18.7139,1.705468,2020,2,3,1
2020-02-28,19.1135,19.242,18.999,19.1275,19.1275,8534636,-1.698706,20.2073,19.8927,18.728,1.712451,2020,2,4,1
2020-03-02,18.6695,18.8969,18.5335,18.7602,18.7602,31583817,-1.920119,20.1299,19.8795,18.7399,1.73174,2020,3,0,1
2020-03-03,19.1032,19.2128,18.9893,19.0989,19.0989,14017927,1.805063,20.095,19.8764,18.7531,1.720723,2020,3,1,1
2020-03-04,18.9791,19.0192,18.9305,18.9705,18.9705,11129578,-0.672027,20.0328,19.8732,18.7649,1.637507,2020,3,2,1
2020-03-05,19.0919,19.133,19.0368,19.0778,19.0778,8239572,0.565323,19.9565,19.8701,18.7748,1.566467,2020,3,3,1
2020-03-06,19.1415,19.1826,19.0302,19.0713,19.0713,7731106,-0.034015,19.8913,19.8644,18.7851,1.558192,2020,3,4,1
2020-03-09,19.2944,19.3431,19.1677,19.2161,19.2161,7860170,0.759516,19.8288,19.8655,18.7971,1.567819,2020,3,0,1
2020-03-10,19.1985,19.3889,19.0541,19.2442,19.2442,6867720,0.146061,19.7616,19.8677,18.8112,1.557689,2020,3,1,1
2020-03-11,18.8331,18.9212,18.7916,18.8796,18.8796,15249043,-1.894344,19.6739,19.8508,18.8243,1.589971,2020,3,2,1
2020-03-12,19.0955,19.3129,18.9585,19.1753,19.1753,5969930,1.566067,19.6112,19.8303,18.839,1.64449,2020,3,3,1
2020-03-13,19.0946,19.165,18.9711,19.0413,19.0413,4785326,-0.698626,19.5536,19.8054,18.8509,1.635306,2020,3,4,1
2020-03-16,18.7166,18.7664,18.5593,18.6088,18.6088,5973281,-2.271591,19.4758,19.7724,18.8613,1.694161,2020,3,0,1
2020-03-17,18.4871,18.653,18.3448,18.5104,18.5104,30199778,-0.528576,19.3765,19.7376,18.8711,1.625026,2020,3,1,1
2020-03-18,18.9324,19.0397,18.8435,18.9507,18.9507,16106791,2.378336,19.2924,19.7086,18.883,1.730738,2020,3,2,1
2020-03-19,19.3202,19.4339,19.0946,19.2075,19.2075,12172161,1.355425,19.2283,19.692,18.8949,1.773082,2020,3,3,1
2020-03-20,19.1562,19.4192,18.8551,19.1176,19.1176,4640803,-0.468421,19.1492,19.6759,18.9031,1.745302,2020,3,4,1
2020-03-23,19.0642,19.1228,18.9726,19.031,19.031,12686168,-0.452781,19.1116,19.6686,18.9118,1.46529,2020,3,0,1
2020-03-24,18.8647,19.1051,18.7152,18.955,18.955,8058173,-0.399623,19.0536,19.658,18.9208,1.39947,2020,3,1,1
2020-03-25,19.6163,19.6659,19.5137,19.5632,19.5632,14753248,3.208621,19.0532,19.6562,18.9317,1.484551,2020,3,2,1
2020-03-26,19.6081,19.767,19.5226,19.6812,19.6812,4986762,0.603559,19.0644,19.6602,18.9424,1.483529,2020,3,3,1
2020-03-27,19.7224,19.9278,19.6074,19.8123,19.8123,9972476,0.665763,19.0986,19.658,18.9514,1.428569,2020,3,4,1
2020-03-30,20.0933,20.2751,19.9396,20.1212,20.1212,8108763,1.559399,19.1667,19.67,18.9614,1.369263,2020,3,0,1
2020-03-31,20.143,20.3291,20.0045,20.1903,20.1903,5399364,0.343412,19.2213,19.6923,18.9724,1.326392,2020,3,1,1
2020-04-01,20.0901,20.2283,19.9698,20.1079,20.1079,13445546,-0.407958,19.2781,19.7119,18.9823,1.317633,2020,4,2,2
2020-04-02,19.9313,20.1133,19.8653,20.0469,20.0469,3373476,-0.303626,19.3266,19.7246,18.9907,1.322732,2020,4,3,2
2020-04-03,20.102,20.1933,19.9342,20.0252,20.0252,11470170,-0.108253,19.3743,19.7274,18.998,1.323694,2020,4,4,2
2020-04-06,20.1059,20.1742,19.9476,20.0156,20.0156,12178624,-0.047951,19.4143,19.7333,19.0048,1.319727,2020,4,0,2
2020-04-07,20.0786,20.3633,19.9526,20.2363,20.2363,5748508,1.10248,19.4639,19.7376,19.0115,1.334449,2020,4,1,2
2020-04-08,20.3295,20.3878,20.1922,20.2503,20.2503,4957880,0.069191,19.5324,19.743,19.0168,1.236219,2020,4,2,2
2020-04-09,20.4048,20.6127,20.2638,20.4712,20.4712,8508526,1.09102,19.5972,19.7545,19.0216,1.216192,2020,4,3,2
2020-04-10,20.5109,20.6908,20.2615,20.4408,20.4408,9756646,-0.148373,19.6672,19.7605,19.0256,1.197674,2020,4,4,2
2020-04-13,20.4557,20.5881,20.3289,20.4613,20.4613,7444796,0.10002,19.7598,19.7636,19.0302,1.028684,2020,4,0,2
2020-04-14,19.8466,19.9621,19.7289,19.8443,19.8443,16828797,-3.015072,19.8265,19.7645,19.0319,1.277285,2020,4,1,2
2020-04-15,20.1113,20.176,20.0616,20.1262,20.1262,29494148,1.420553,19.8853,19.7627,19.0335,1.213862,2020,4,2,2
2020-04-16,20.3329,20.3995,20.1685,20.2348,20.2348,6532055,0.539314,19.9366,19.7553,19.0373,1.1903,2020,4,3,2
2020-04-17,20.4381,20.6286,20.3498,20.5399,20.5399,3707911,1.507929,20.0077,19.7586,19.0423,1.207891,2020,4,4,2
2020-04-20,19.6928,19.856,19.4821,19.645,19.645,25094929,-4.356939,20.0384,19.7422,19.0438,1.599303,2020,4,0,2
2020-04-21,20.3655,20.4436,20.1984,20.2761,20.2761,35638673,3.212774,20.1045,19.736,19.0486,1.730085,2020,4,1,2
2020-04-22,20.2953,20.3356,20.197,20.2373,20.2373,10515064,-0.191763,20.1382,19.7281,19.0518,1.596485,2020,4,2,2
2020-04-23,20.7698,20.9503,20.3996,20.5785,20.5785,5546522,1.685938,20.1831,19.731,19.0566,1.629539,2020,4,3,2
2020-04-24,20.213,20.4203,20.049,20.2559,20.2559,9792466,-1.567617,20.2052,19.7323,19.0601,1.674436,2020,4,4,2
2020-04-27,20.5265,20.5912,20.3838,20.4482,20.4482,4858427,0.949623,20.2216,19.738,19.0669,1.652334,2020,4,0,2
2020-04-28,20.1193,20.3701,19.8772,20.1279,20.1279,15510318,-1.566617,20.2185,19.7306,19.0713,1.691869,2020,4,1,2
2020-04-29,20.0476,20.1811,19.8163,19.9492,19.9492,4193278,-0.887924,20.2105,19.7169,19.0741,1.701312,2020,4,2,2
2020-04-30,20.5349,20.5881,20.4823,20.5355,20.5355,10497385,2.939319,20.235,19.7178,19.077,1.82358,2020,4,3,2
2020-05-01,20.4473,20.8348,20.0922,20.4791,20.4791,4620306,-0.274674,20.2577,19.7134,19.0804,1.825134,2020,5,4,2
2020-05-04,20.658,20.9241,20.286,20.5507,20.5507,9233762,0.34946,20.2844,19.7288,19.0842,1.82528,2020,5,0,2
2020-05-05,20.7817,20.8783,20.7262,20.8227,20.8227,8098944,1.3235,20.3137,19.743,19.0893,1.83202,2020,5,1,2
2020-05-06,20.8577,21.0247,20.8095,20.9763,20.9763,10197786,0.737661,20.35,19.7711,19.0932,1.836389,2020,5,2,2
2020-05-07,20.9763,21.158,20.8383,21.0197,21.0197,8443393,0.207254,20.3775,19.8023,19.0977,1.82422,2020,5,3,2
2020-05-08,21.1829,21.3942,20.9197,21.1305,21.1305,4889857,0.527055,20.412,19.8424,19.1028,1.824692,2020,5,4,2
2020-05-11,22.009,22.2217,21.6756,21.8871,21.8871,19709516,3.580581,20.4832,19.9049,19.1111,1.976154,2020,5,0,2
2020-05-12,21.858,22.0848,21.6217,21.8483,21.8483,8045235,-0.177255,20.5834,19.9599,19.1193,1.816822,2020,5,1,2
2020-05-13,22.011,22.1164,21.7908,21.8956,21.8956,4611574,0.216218,20.6719,20.0184,19.1288,1.804549,2020,5,2,2
2020-05-14,22.1007,22.3236,21.9991,22.2215,22.2215,39694353,1.488422,20.7713,20.0813,19.1399,1.819778,2020,5,3,2
2020-05-15,22.5247,22.6591,22.4304,22.5647,22.5647,13886450,1.544654,20.8725,20.1511,19.1515,1.820882,2020,5,4,2
2020-05-18,22.9092,23.0947,22.7503,22.9357,22.9357,9657720,1.644044,21.037,20.2255,19.1668,1.434009,2020,5,0,2
2020-05-19,23.1071,23.2924,22.9324,23.1176,23.1176,21644707,0.793364,21.1791,20.303,19.1832,1.315782,2020,5,1,2
2020-05-20,22.6879,22.981,22.3873,22.6803,22.6803,33471778,-1.891788,21.3012,20.379,19.1988,1.424533,2020,5,2,2
2020-05-21,23.2683,23.4061,23.0669,23.2042,23.2042,10642651,2.309946,21.4325,20.4596,19.2155,1.456482,2020,5,3,2
2020-05-22,22.7229,22.8948,22.5916,22.7634,22.7634,13670710,-1.89982,21.5579,20.534,19.2326,1.484279,2020,5,4,2
2020-05-25,22.8477,23.1102,22.5727,22.835,22.835,4699644,0.314669,21.6772,20.6185,19.2511,1.483099,2020,5,0,2
2020-05-26,22.5399,22.6002,22.4836,22.5439,22.5439,9214877,-1.274616,21.798,20.6992,19.2679,1.462314,2020,5,1,2
2020-05-27,22.4125,22.622,22.2868,22.4958,22.4958,7403134,-0.213492,21.9254,20.7701,19.2824,1.434224,2020,5,2,2
2020-05-28,22.5714,22.6356,22.5176,22.5817,22.5817,9618221,0.381836,22.0277,20.8376,19.2978,1.32573,2020,5,3,2
2020-05-29,22.6512,22.7549,22.5607,22.6642,22.6642,10479264,0.365485,22.1369,20.9085,19.3146,1.314117,2020,5,4,2
2020-06-01,22.766,22.8395,22.7076,22.781,22.781,12341195,0.515274,22.2485,20.9835,19.3296,1.313532,2020,6,0,2
2020-06-02,23.3069,23.3903,23.2205,23.3039,23.3039,13366160,2.295234,22.3725,21.0705,19.3496,1.361724,2020,6,1,2
2020-06-03,23.431,23.6248,23.2301,23.4239,23.4239,4265301,0.514787,22.4949,21.1477,19.3737,1.361219,2020,6,2,2
2020-06-04,23.2573,23.4194,23.1356,23.2976,23.2976,5049626,-0.539273,22.6088,21.22,19.3967,1.381545,2020,6,3,2
2020-06-05,23.717,23.8191,23.4954,23.5969,23.5969,7226167,1.28488,22.7321,21.2957,19.4221,1.391964,2020,6,4,2
2020-06-08,23.8635,24.0559,23.7837,23.9757,23.9757,8887715,1.605202,22.8365,21.3728,19.4509,1.226841,2020,6,0,2
2020-06-09,23.4171,23.546,23.356,23.4848,23.4848,21309959,-2.047356,22.9184,21.4387,19.4765,1.343955,2020,6,1,2
2020-06-10,23.9192,24.0765,23.5006,23.6561,23.6561,4558298,0.729521,23.0064,21.5097,19.5027,1.345756,2020,6,2,2
2020-06-11,23.7638,23.9266,23.7003,23.8628,23.8628,7574286,0.873754,23.0885,21.586,19.531,1.326375,2020,6,3,2
2020-06-12,23.5821,24.001,23.2932,23.7105,23.7105,15992470,-0.638295,23.1458,21.6597,19.5603,1.313979,2020,6,4,2
2020-06-15,24.2293,24.2937,24.0942,24.1584,24.1584,9160256,1.888772,23.2069,21.7426,19.5908,1.328641,2020,6,0,2
2020-06-16,23.8542,24.2623,23.6476,24.054,24.054,11460259,-0.431892,23.2537,21.8189,19.62,1.331407,2020,6,1,2
2020-06-17,24.0293,24.2654,23.816,24.0519,24.0519,7370485,-0.008844,23.3223,21.895,19.6495,1.238507,2020,6,2,2
2020-06-18,24.148,24.2594,23.8321,23.9425,23.9425,10185413,-0.454834,23.3592,21.9644,19.676,1.153916,2020,6,3,2
2020-06-19,23.756,23.9845,23.6758,23.9038,23.9038,7201234,-0.161781,23.4162,22.0336,19.704,1.051264,2020,6,4,2
2020-06-22,23.2824,23.6518,23.1005,23.4684,23.4684,16366008,-1.82112,23.4479,22.0938,19.732,1.148341,2020,6,0,2
2020-06-23,22.7909,23.019,22.7009,22.9284,22.9284,4657085,-2.301095,23.4671,22.1555,19.7584,1.234731,2020,6,1,2
2020-06-24,23.5392,23.6598,23.3348,23.4549,23.4549,9321389,2.296435,23.5151,22.222,19.7875,1.326227,2020,6,2,2
2020-06-25,23.2291,23.4904,22.8648,23.125,23.125,12285403,-1.406653,23.5422,22.2798,19.8147,1.373988,2020,6,3,2
2020-06-26,22.7096,22.8085,22.6574,22.7562,22.7562,14591158,-1.594813,23.5468,22.3242,19.8405,1.425117,2020,6,4,2
2020-06-29,22.0651,22.3211,21.7497,22.005,22.005,32972735,-3.301364,23.508,22.3714,19.8621,1.601341,2020,6,0,2
2020-06-30,21.9145,21.9831,21.7251,21.7933,21.7933,7555989,-0.961881,23.4325,22.4017,19.8844,1.500875,2020,6,1,2
2020-07-01,21.5174,21.5585,21.3239,21.3647,21.3647,27234303,-1.966671,23.3295,22.4243,19.9026,1.530185,2020,7,2,3
2020-07-02,21.8822,21.9771,21.809,21.9038,21.9038,8039229,2.523522,23.2599,22.4508,19.9238,1.667642,2020,7,3,3
2020-07-03,22.0335,22.2794,21.9926,22.2382,22.2382,23093256,1.526508,23.1919,22.4904,19.9451,1.680514,2020,7,4,3
2020-07-06,21.9336,22.1313,21.8085,22.0059,22.0059,15823587,-1.044777,23.0934,22.5216,19.965,1.627464,2020,7,0,3
2020-07-07,22.7128,22.8825,22.5822,22.7517,22.7517,7656292,3.389077,23.0568,22.574,19.988,1.786711,2020,7,1,3
2020-07-08,23.0506,23.1411,22.9842,23.0745,23.0745,12309932,1.419097,23.0277,22.6365,20.012,1.810931,2020,7,2,3
2020-07-09,22.9266,22.9871,22.8834,22.9439,22.9439,8641201,-0.566134,22.9817,22.6847,20.0349,1.798389,2020,7,3,3
2020-07-10,22.1673,22.311,21.9255,22.0685,22.0685,20881148,-3.815147,22.8996,22.7165,20.0526,1.972765,2020,7,4,3
2020-07-13,22.947,23.1318,22.6466,22.8306,22.8306,11667867,3.453045,22.8333,22.7621,20.0724,2.093104,2020,7,0,3
2020-07-14,22.3282,22.4551,22.2168,22.3436,22.3436,9553439,-2.133119,22.7477,22.7925,20.0896,2.134552,2020,7,1,3
2020-07-15,21.8869,21.9844,21.6941,21.7912,21.7912,27413203,-2.472367,22.6347,22.8088,20.1033,2.184535,2020,7,2,3
2020-07-16,22.1676,22.3141,21.9896,22.1359,22.1359,9888651,1.582191,22.5444,22.8311,20.1189,2.232231,2020,7,3,3
2020-07-17,22.956,23.0522,22.854,22.9501,22.9501,22454765,3.678041,22.4967,22.8675,20.1368,2.409016,2020,7,4,3
2020-07-20,23.5007,23.6312,23.2857,23.4158,23.4158,9767620,2.028947,22.4941,22.8981,20.1583,2.424404,2020,7,0,3
2020-07-21,23.6009,23.7294,23.4655,23.5941,23.5941,25032894,0.761445,22.5273,22.933,20.1782,2.36633,2020,7,1,3
2020-07-22,23.9774,24.2244,23.5367,23.7816,23.7816,6165269,0.795095,22.5437,22.9707,20.1993,2.318648,2020,7,2,3
2020-07-23,23.9214,24.1576,23.8242,24.0599,24.0599,6814195,1.169919,22.5904,23.0075,20.2242,2.302362,2020,7,3,3
2020-07-24,24.2524,24.5598,23.9955,24.3024,24.3024,23954491,1.008157,22.6677,23.0423,20.2502,2.267471,2020,7,4,3
2020-07-27,24.3577,24.5576,24.1703,24.3701,24.3701,6465585,0.278301,22.786,23.071,20.2778,2.09878,2020,7,0,3
2020-07-28,24.4152,24.7024,24.0857,24.3724,24.3724,20946603,0.009462,22.9149,23.096,20.3043,2.073461,2020,7,1,3
2020-07-29,24.4374,24.4915,24.2603,24.3141,24.3141,14315863,-0.239106,23.0624,23.1287,20.3317,1.99628,2020,7,2,3
2020-07-30,24.003,24.0659,23.9425,24.0053,24.0053,9166709,-1.269915,23.1675,23.1447,20.3583,1.990868,2020,7,3,3
2020-07-31,23.7413,23.9575,23.6613,23.8771,23.8771,2984689,-0.534217,23.2494,23.167,20.387,1.987066,2020,7,4,3
2020-08-03,23.3258,23.4845,23.0893,23.2475,23.2475,12191338,-2.636998,23.3115,23.1753,20.4133,2.076808,2020,8,0,3
2020-08-04,23.273,23.4458,23.0306,23.2029,23.2029,8829568,-0.191661,23.3341,23.1884,20.4426,1.946306,2020,8,1,3
2020-08-05,22.6724,22.942,22.5811,22.8499,22.8499,21094660,-1.521393,23.3228,23.1955,20.4723,1.953757,2020,8,2,3
2020-08-06,22.4699,22.57,22.37,22.4702,22.4702,27761438,-1.661669,23.2992,23.1933,20.4991,1.98467,2020,8,3,3
2020-08-07,22.3941,22.6122,22.3198,22.5374,22.5374,5620372,0.299196,23.3226,23.1908,20.5251,1.780466,2020,8,4,3
2020-08-10,22.9534,23.1538,22.8145,23.0146,23.0146,18302398,2.117139,23.3318,23.1954,20.553,1.670513,2020,8,0,3
2020-08-11,23.2448,23.3913,23.1828,23.3291,23.3291,16076986,1.366447,23.3811,23.1959,20.5837,1.61168,2020,8,1,3
2020-08-12,22.8448,23.0288,22.5877,22.7711,22.7711,22698702,-2.391712,23.4301,23.1829,20.6117,1.604652,2020,8,2,3
2020-08-13,22.4468,22.5503,22.3328,22.4363,22.4363,14010872,-1.470353,23.4451,23.1657,20.6379,1.614649,2020,8,3,3
2020-08-14,22.6462,22.8493,22.5606,22.7632,22.7632,3210615,1.457256,23.4358,23.149,20.6673,1.418635,2020,8,4,3
2020-08-17,22.5119,22.5802,22.3648,22.4329,22.4329,9434095,-1.451244,23.3866,23.1181,20.693,1.365055,2020,8,0,3
2020-08-18,22.2412,22.4356,22.1754,22.3695,22.3695,4225648,-0.282725,23.3254,23.0958,20.7173,1.345969,2020,8,1,3
2020-08-19,22.5977,22.6392,22.5264,22.5679,22.5679,8330100,0.887087,23.2647,23.0741,20.7428,1.349907,2020,8,2,3
2020-08-20,22.178,22.3253,22.1034,22.2504,22.2504,18513082,-1.406696,23.1742,23.0418,20.7667,1.329772,2020,8,3,3
2020-08-21,22.2701,22.3605,22.2125,22.3027,22.3027,10057954,0.235043,23.0742,23.0137,20.7906,1.298103,2020,8,4,3
2020-08-24,21.918,21.9797,21.8122,21.8738,21.8738,22178950,-1.923033,22.9494,22.968,20.815,1.328708,2020,8,0,3
2020-08-25,21.7482,21.8911,21.5604,21.7029,21.7029,11367378,-0.781298,22.8159,22.9209,20.8388,1.323551,2020,8,1,3
2020-08-26,21.9541,22.1007,21.6915,21.8373,21.8373,4122704,0.619146,22.6921,22.8766,20.8641,1.348522,2020,8,2,3
2020-08-27,21.3365,21.5242,21.1559,21.3435,21.3435,2578518,-2.261175,22.559,22.8247,20.8881,1.394686,2020,8,3,3
2020-08-28,21.5493,21.7536,21.3188,21.5229,21.5229,10204969,0.84032,22.4413,22.7771,20.9133,1.430299,2020,8,4,3
2020-08-31,21.5149,21.7173,21.3504,21.5526,21.5526,7230394,0.138098,22.3566,22.7387,20.9362,1.344945,2020,8,0,3
2020-09-01,21.783,21.8389,21.7113,21.7671,21.7671,5329088,0.995335,22.2848,22.7155,20.9594,1.37895,2020,9,1,3
2020-09-02,21.9108,22.0441,21.7392,21.8723,21.8723,3160973,0.483132,22.2359,22.6839,20.9837,1.358956,2020,9,2,3
2020-09-03,22.3415,22.4456,22.2462,22.3502,22.3502,7349627,2.185152,22.2299,22.6684,21.0097,1.413744,2020,9,3,3
2020-09-04,22.2518,22.4576,22.208,22.4135,22.4135,7520642,0.283,22.2237,22.6615,21.0341,1.413558,2020,9,4,3
2020-09-07,22.32,22.5711,22.0397,22.2904,22.2904,13245956,-0.548991,22.1875,22.6672,21.0566,1.32451,2020,9,0,3
2020-09-08,22.3882,22.4988,22.245,22.3556,22.3556,9480487,0.292096,22.1388,22.6785,21.0794,1.280777,2020,9,1,3
2020-09-09,22.4997,22.6895,22.3716,22.5611,22.5611,24820396,0.919416,22.1283,22.7024,21.1041,1.194337,2020,9,2,3
2020-09-10,22.4812,22.7458,22.3335,22.5973,22.5973,4435456,0.16053,22.1364,22.7163,21.1281,1.146209,2020,9,3,3
2020-09-11,22.7641,22.851,22.5441,22.6305,22.6305,13970627,0.146722,22.1297,22.7241,21.1517,1.097469,2020,9,4,3
2020-09-14,22.4563,22.589,22.2797,22.4122,22.4122,9833199,-0.964398,22.1287,22.7322,21.173,1.069169,2020,9,0,3
2020-09-15,22.1939,22.2646,22.1435,22.2142,22.2142,14300420,-0.883468,22.1209,22.7215,21.1925,1.085863,2020,9,1,3
2020-09-16,21.6771,21.9475,21.5065,21.7761,21.7761,8633979,-1.972236,22.0813,22.6955,21.2084,1.145469,2020,9,2,3
2020-09-17,22.3124,22.619,22.0802,22.386,22.386,23509975,2.800938,22.0881,22.6844,21.2282,1.284727,2020,9,3,3
2020-09-18,22.1096,22.1901,21.915,21.995,21.995,12945699,-1.746567,22.0727,22.6829,21.2443,1.343803,2020,9,4,3
2020-09-21,21.8143,21.8665,21.7501,21.8023,21.8023,6262705,-0.87648,22.0692,22.6623,21.2592,1.286634,2020,9,0,3
2020-09-22,21.5599,21.6876,21.4799,21.6074,21.6074,9374768,-0.893597,22.0644,22.6476,21.2703,1.290423,2020,9,1,3
2020-09-23,21.9867,22.1512,21.7778,21.9419,21.9419,9041611,1.548121,22.0696,22.6506,21.2842,1.330515,2020,9,2,3
2020-09-24,21.8118,21.9645,21.7307,21.8831,21.8831,11306287,-0.268319,22.0966,22.6456,21.2955,1.219726,2020,9,3,3
2020-09-25,22.4665,22.536,22.2634,22.3325,22.3325,5527832,2.053571,22.1371,22.6332,21.3089,1.285223,2020,9,4,3
2020-09-28,22.2588,22.3037,22.0944,22.139,22.139,9234123,-0.866296,22.1664,22.6077,21.3225,1.306905,2020,9,0,3
2020-09-29,22.2265,22.3277,22.1671,22.2681,22.2681,11317324,0.583146,22.1914,22.5811,21.3376,1.295951,2020,9,1,3
2020-09-30,21.968,22.1339,21.8578,22.0234,22.0234,9973522,-1.098947,22.199,22.546,21.3521,1.32078,2020,9,2,3
2020-10-01,22.5332,22.9407,22.3659,22.7717,22.7717,29747476,3.397723,22.2201,22.5202,21.3698,1.446181,2020,10,3,4
2020-10-02,22.2584,22.5579,22.0927,22.3911,22.3911,17055141,-1.67111,22.2189,22.482,21.3849,1.498467,2020,10,4,4
2020-10-05,22.4085,22.6225,22.3157,22.5292,22.5292,8940541,0.616757,22.2309,22.4452,21.4018,1.498432,2020,10,0,4
2020-10-06,22.7874,22.9577,22.6049,22.7751,22.7751,11078053,1.091445,22.2519,22.4132,21.42,1.515404,2020,10,1,4
2020-10-07,22.9138,23.038,22.8197,22.9437,22.9437,10956846,0.74029,22.271,22.3858,21.4361,1.510852,2020,10,2,4
2020-10-08,22.781,22.9678,22.7179,22.9043,22.9043,10541302,-0.172005,22.2863,22.3638,21.4496,1.511921,2020,10,3,4
2020-10-09,22.8595,22.9844,22.7603,22.8852,22.8852,2719846,-0.083262,22.2991,22.344,21.4626,1.512248,2020,10,4,4
2020-10-12,22.9738,23.1294,22.7722,22.9275,22.9275,6922192,0.184692,22.3248,22.3376,21.4759,1.492712,2020,10,0,4
2020-10-13,22.9521,23.1502,22.7061,22.9037,22.9037,3351111,-0.103523,22.3593,22.3316,21.4892,1.475084,2020,10,1,4
2020-10-14,23.0858,23.4128,22.9368,23.2626,23.2626,22540804,1.566907,22.4336,22.3398,21.5035,1.416547,2020,10,2,4
2020-10-15,24.0426,24.1441,23.9534,24.0549,24.0549,12794398,3.406034,22.5171,22.3715,21.5236,1.477041,2020,10,3,4
2020-10-16,23.7273,24.0441,23.5437,23.8594,23.8594,8291610,-0.813015,22.6103,22.398,21.5433,1.420278,2020,10,4,4
2020-10-19,23.4643,23.5493,23.2952,23.3799,23.3799,19321015,-2.009386,22.6892,22.4053,21.5632,1.495202,2020,10,0,4
2020-10-20,23.4431,23.5943,23.2192,23.3698,23.3698,10396410,-0.043289,22.7773,22.4061,21.5826,1.469535,2020,10,1,4
2020-10-21,24.2083,24.3755,24.1287,24.2956,24.2956,7161861,3.961479,22.895,22.4366,21.6059,1.655795,2020,10,2,4
2020-10-22,23.9326,24.1201,23.8189,24.0061,24.0061,9515829,-1.191506,23.0011,22.468,21.6285,1.691518,2020,10,3,4
2020-10-23,24.5606,24.7341,24.4327,24.606,24.606,9732673,2.498793,23.1148,22.5048,21.6519,1.716103,2020,10,4,4
2020-10-26,24.9969,25.3881,24.8344,25.2242,25.2242,4185361,2.512278,23.2691,22.5607,21.6804,1.740669,2020,10,0,4
2020-10-27,25.0353,25.2452,24.7921,25.0017,25.0017,6227893,-0.881827,23.4058,22.6133,21.71,1.774944,2020,10,1,4
2020-10-28,25.1795,25.447,24.9398,25.207,25.207,8332991,0.821119,23.5649,22.6661,21.7404,1.729828,2020,10,2,4
2020-10-29,25.9111,26.0608,25.6619,25.811,25.811,10961147,2.395953,23.7169,22.7373,21.7724,1.660453,2020,10,3,4
2020-10-30,25.5281,25.8212,25.3485,25.6408,25.6408,3723801,-0.659341,23.8794,22.8041,21.8012,1.600627,2020,10,4,4
2020-11-02,25.4806,25.6466,25.3781,25.5438,25.5438,17177958,-0.378219,24.0301,22.8775,21.8303,1.61845,2020,11,0,4
2020-11-03,25.1521,25.3684,25.0888,25.3046,25.3046,8947048,-0.936337,24.1566,22.9495,21.8567,1.651992,2020,11,1,4
2020-11-04,24.8083,25.1246,24.593,24.9084,24.9084,10785627,-1.565918,24.2548,23.0109,21.8814,1.71656,2020,11,2,4
2020-11-05,24.5465,24.7696,24.4405,24.6631,24.6631,12197731,-0.984819,24.3428,23.0773,21.9052,1.7409,2020,11,3,4
2020-11-06,24.3094,24.4107,24.112,24.2129,24.2129,6839718,-1.825252,24.4092,23.1311,21.9256,1.807842,2020,11,4,4
2020-11-09,24.1705,24.4327,23.9767,24.2382,24.2382,10739593,0.104597,24.4747,23.1848,21.9452,1.808194,2020,11,0,4
2020-11-10,23.9831,24.1537,23.8006,23.9712,23.9712,7848767,-1.101825,24.5281,23.2289,21.9661,1.833342,2020,11,1,4
2020-11-11,24.0372,24.1595,23.9518,24.0739,24.0739,5070204,0.428516,24.5686,23.2729,21.9854,1.807593,2020,11,2,4
2020-11-12,23.4096,23.5885,23.3505,23.5291,23.5291,16511561,-2.263051,24.5423,23.2965,22.0,1.718522,2020,11,3,4
2020-11-13,23.6583,23.8755,23.4572,23.6743,23.6743,21979680,0.616924,24.5331,23.3217,22.0165,1.71689,2020,11,4,4
2020-11-16,24.0545,24.1661,23.8857,23.997,23.997,15683130,1.36345,24.5639,23.3559,22.0342,1.676903,2020,11,0,4
2020-11-17,23.1876,23.4231,23.0653,23.3002,23.3002,22244477,-2.904045,24.5605,23.3747,22.0477,1.81038,2020,11,1,4
2020-11-18,23.542,23.6064,23.4018,23.466,23.466,6681223,0.711932,24.519,23.3928,22.0619,1.565435,2020,11,2,4
2020-11-19,23.8491,24.0254,23.7544,23.9304,23.9304,4258091,1.979014,24.5152,23.4195,22.0794,1.615421,2020,11,3,4
2020-11-20,23.4742,23.6511,23.343,23.5196,23.5196,26393614,-1.7166,24.4609,23.4373,22.096,1.545243,2020,11,4,4
2020-11-23,24.1939,24.2383,24.0984,24.1427,24.1427,41608482,2.648952,24.4068,23.4719,22.1159,1.558183,2020,11,0,4
2020-11-24,24.2508,24.3843,24.1821,24.3153,24.3153,23056086,0.715211,24.3725,23.5139,22.135,1.562713,2020,11,1,4
2020-11-25,24.0797,24.1661,23.9898,24.0761,24.0761,7839920,-0.983851,24.3159,23.5599,22.1522,1.557156,2020,11,2,4
2020-11-26,24.0488,24.2066,23.9214,24.0791,24.0791,4011419,0.012439,24.2293,23.5938,22.1702,1.432839,2020,11,3,4
2020-11-27,24.3169,24.3979,24.2233,24.3043,24.3043,5002931,0.935142,24.1625,23.64,22.1882,1.458091,2020,11,4,4
2020-11-30,24.1204,24.5894,23.8855,24.3523,24.3523,3027971,0.197637,24.1029,23.691,22.211,1.461258,2020,11,0,4
2020-12-01,24.3891,24.6296,24.3288,24.5689,24.5689,8823398,0.889453,24.0662,23.7502,22.2333,1.471697,2020,12,1,4
2020-12-02,24.3053,24.4652,24.086,24.2455,24.2455,26557515,-1.316257,24.033,23.7963,22.2567,1.459952,2020,12,2,4
2020-12-03,24.4309,24.6379,24.1238,24.3299,24.3299,7857979,0.348143,24.0163,23.8452,22.281,1.449,2020,12,3,4
2020-12-04,23.7488,23.8965,23.688,23.8356,23.8356,13569632,-2.031934,23.9975,23.8753,22.3046,1.462938,2020,12,4,4
2020-12-07,23.8053,23.997,23.6371,23.8286,23.8286,18368861,-0.029364,23.977,23.9091,22.3299,1.462411,2020,12,0,4
2020-12-08,23.5666,23.7761,23.3296,23.5388,23.5388,7822973,-1.215919,23.9554,23.9345,22.3521,1.466843,2020,12,1,4
2020-12-09,23.3834,23.5084,23.194,23.3187,23.3187,32255898,-0.935149,23.9176,23.9604,22.3739,1.473605,2020,12,2,4
2020-12-10,23.6025,23.9745,23.425,23.7955,23.7955,37028716,2.044632,23.9309,23.9809,22.3975,1.463104,2020,12,3,4
2020-12-11,24.1345,24.3744,23.981,24.2203,24.2203,9989007,1.785409,23.9582,24.0174,22.4232,1.508855,2020,12,4,4
2020-12-14,24.4372,24.5424,24.3647,24.4698,24.4698,6810530,1.029895,23.9819,24.0563,22.4495,1.496236,2020,12,0,4
2020-12-15,24.1602,24.3814,23.8718,24.0924,24.0924,15963163,-1.542062,24.0215,24.0826,22.4737,1.378264,2020,12,1,4
2020-12-16,24.2496,24.3161,23.9438,24.0097,24.0097,6942075,-0.343552,24.0487,24.1039,22.4994,1.376883,2020,12,2,4
2020-12-17,24.4579,24.5598,24.3785,24.4802,24.4802,5533414,1.95988,24.0762,24.1354,22.5259,1.375532,2020,12,3,4
2020-12-18,24.4188,24.6219,24.3542,24.557,24.557,18334885,0.313459,24.128,24.1689,22.5535,1.305804,2020,12,4,4
2020-12-21,25.4767,25.748,25.1649,25.4358,25.4358,28068078,3.578669,24.1927,24.219,22.5876,1.409131,2020,12,0,4
2020-12-22,25.7284,25.8847,25.4377,25.5932,25.5932,9862665,0.61883,24.2566,24.2728,22.623,1.407694,2020,12,1,4
2020-12-23,25.6826,25.7368,25.6174,25.6715,25.6715,3978788,0.306162,24.3364,24.321,22.6566,1.376634,2020,12,2,4
2020-12-24,25.4633,25.6678,25.352,25.556,25.556,4171533,-0.450039,24.4102,24.351,22.6884,1.386106,2020,12,3,4
2020-12-25,25.7116,26.0289,25.2973,25.6135,25.6135,8914281,0.224766,24.4757,24.3861,22.7208,1.378246,2020,12,4,4
2020-12-28,25.6291,25.6952,25.4954,25.5613,25.5613,6168910,-0.203656,24.5361,24.4297,22.7535,1.382295,2020,12,0,4
2020-12-29,25.7346,25.9049,25.6706,25.8407,25.8407,7929234,1.093059,24.5997,24.4792,22.7879,1.387978,2020,12,1,4
2020-12-30,26.2543,26.4086,26.0602,26.2143,26.2143,18980105,1.445687,24.6981,24.5175,22.8212,1.359826,2020,12,2,4
2020-12-31,26.0042,26.1375,25.7682,25.9009,25.9009,15425756,-1.195332,24.7767,24.5554,22.8523,1.405931,2020,12,3,4
2021-01-01,25.5057,25.6229,25.269,25.3857,25.3857,25713467,-1.989199,24.8542,24.571,22.8801,1.402191,2021,1,4,1
2021-01-04,24.6916,24.8375,24.5524,24.6982,24.6982,6873293,-2.708177,24.8977,24.5605,22.903,1.557181,2021,1,0,1
2021-01-05,24.876,25.1847,24.6034,24.9117,24.9117,7627098,0.864297,24.9663,24.5587,22.9266,1.52746,2021,1,1,1
2021-01-06,24.6406,24.7314,24.4298,24.5202,24.5202,16642328,-1.571524,25.0264,24.545,22.9487,1.560698,2021,1,2,1
2021-01-07,23.6418,23.9138,23.4856,23.7568,23.7568,17194916,-3.113327,25.0245,24.5039,22.9672,1.672935,2021,1,3,1
2021-01-08,23.9808,24.1843,23.7356,23.9388,23.9388,23113368,0.766065,25.0104,24.4698,22.9868,1.630842,2021,1,4,1
2021-01-11,24.737,25.0029,24.6081,24.8733,24.8733,18032626,3.903696,25.0306,24.4564,23.0111,1.843363,2021,1,0,1
2021-01-12,24.9975,25.094,24.7953,24.8914,24.8914,24601139,0.073009,25.0705,24.4482,23.0344,1.802667,2021,1,1,1
2021-01-13,25.1983,25.3157,25.1071,25.2244,25.2244,13981274,1.337562,25.1312,24.4545,23.0592,1.81618,2021,1,2,1
2021-01-14,25.3966,25.5101,25.1554,25.2684,25.2684,15657667,0.174358,25.1707,24.4666,23.0832,1.771702,2021,1,3,1
2021-01-15,25.2924,25.3538,25.1816,25.2428,25.2428,6721834,-0.10105,25.2049,24.4872,23.1072,1.772402,2021,1,4,1
2021-01-18,25.4774,25.8539,25.2275,25.6027,25.6027,10337275,1.425691,25.2133,24.5145,23.133,1.611442,2021,1,0,1
2021-01-19,25.641,25.8032,25.3345,25.4957,25.4957,14978182,-0.41786,25.2084,24.545,23.1612,1.608685,2021,1,1,1
2021-01-20,25.7633,26.0094,25.3599,25.6044,25.6044,22844819,0.426354,25.2051,24.5756,23.1886,1.61014,2021,1,2,1
2021-01-21,25.8229,25.9093,25.646,25.7321,25.7321,13620349,0.498465,25.2139,24.6196,23.2161,1.61018,2021,1,3,1
2021-01-22,25.3979,25.6834,25.1906,25.4755,25.4755,9143343,-0.996961,25.207,24.6557,23.2408,1.626162,2021,1,4,1
2021-01-25,25.8288,26.0817,25.6079,25.8605,25.8605,23723425,1.511172,25.2219,24.6929,23.2718,1.660506,2021,1,0,1
2021-01-26,25.8056,25.9246,25.6717,25.7906,25.7906,2263747,-0.270191,25.2194,24.7427,23.2994,1.644256,2021,1,1,1
2021-01-27,25.4257,25.6335,25.29,25.4975,25.4975,4191588,-1.136715,25.1836,24.7834,23.3257,1.626311,2021,1,2,1
2021-01-28,25.8815,26.104,25.4866,25.7075,25.7075,14010309,0.823876,25.1739,24.8189,23.3514,1.619092,2021,1,3,1
2021-01-29,25.3762,25.4485,25.2893,25.3615,25.3615,10269275,-1.345836,25.1727,24.8558,23.3769,1.584026,2021,1,4,1
2021-02-01,25.1047,25.5477,24.9378,25.3791,25.3791,11663695,0.069178,25.2067,24.8805,23.4015,1.449479,2021,2,0,1
2021-02-02,25.4164,25.5652,25.2333,25.3819,25.3819,8333616,0.011071,25.2303,24.9018,23.4278,1.439749,2021,2,1,1
2021-02-03,25.7654,26.0335,25.5337,25.8014,25.8014,14932409,1.652613,25.2943,24.9363,23.4571,1.422746,2021,2,2,1
2021-02-04,25.9747,26.0408,25.9165,25.9825,25.9825,5592072,0.702173,25.4056,24.9744,23.4843,1.181289,2021,2,3,1
2021-02-05,25.9281,26.0241,25.8706,25.9664,25.9664,11405211,-0.06203,25.507,25.0076,23.5117,1.184333,2021,2,4,1
2021-02-08,26.3631,26.48,26.1619,26.2783,26.2783,17976918,1.20117,25.5772,25.0461,23.5404,0.880381,2021,2,0,1
2021-02-09,26.9333,27.1046,26.6428,26.8133,26.8133,23278665,2.035667,25.6733,25.091,23.5703,0.96185,2021,2,1,1
2021-02-10,27.0443,27.1006,26.9573,27.0137,27.0137,30751115,0.747445,25.7628,25.1464,23.6005,0.939625,2021,2,2,1
2021-02-11,26.9531,27.2787,26.6645,26.9897,26.9897,9426135,-0.088627,25.8489,25.1996,23.6304,0.944005,2021,2,3,1
2021-02-12,26.4264,26.5068,26.3504,26.4308,26.4308,13416940,-2.070939,25.9083,25.2515,23.6569,1.084175,2021,2,4,1
2021-02-15,25.9933,26.0833,25.9013,25.9913,25.9913,4292500,-1.66292,25.9277,25.2948,23.6774,1.124968,2021,2,0,1
2021-02-16,25.7806,26.1102,25.5348,25.8636,25.8636,6389959,-0.491107,25.9461,25.3412,23.6975,1.126797,2021,2,1,1
2021-02-17,25.6802,25.7588,25.5425,25.6209,25.6209,8474989,-0.938573,25.9469,25.3873,23.7161,1.145743,2021,2,2,1
2021-02-18,25.5944,25.6818,25.4602,25.5474,25.5474,15887979,-0.286791,25.9377,25.4223,23.7327,1.141551,2021,2,3,1
2021-02-19,25.7263,25.8912,25.4049,25.5688,25.5688,5637346,0.083624,25.9423,25.4493,23.7477,1.11871,2021,2,4,1
2021-02-22,25.9,26.0041,25.667,25.7706,25.7706,14920637,0.789268,25.9378,25.4753,23.7619,1.079155,2021,2,0,1
2021-02-23,25.6671,25.9298,25.4756,25.7377,25.7377,8196094,-0.127384,25.9352,25.5082,23.775,1.077828,2021,2,1,1
2021-02-24,26.0055,26.0738,25.8524,25.9204,25.9204,8207320,0.709895,25.9563,25.5464,23.7912,1.054598,2021,2,2,1
2021-02-25,25.8379,26.0668,25.7081,25.9366,25.9366,9403903,0.062156,25.9678,25.5756,23.8049,1.040266,2021,2,3,1
2021-02-26,25.2286,25.459,24.9287,25.1585,25.1585,10239421,-2.999715,25.9576,25.5876,23.8169,1.209064,2021,2,4,1
2021-03-01,24.7583,24.9599,24.6083,24.8096,24.8096,7924104,-1.387085,25.9292,25.5751,23.8267,1.245865,2021,3,0,1
2021-03-02,24.6669,24.9033,24.5324,24.7682,24.7682,2972460,-0.166546,25.8985,25.5586,23.8379,1.245619,2021,3,1,1
2021-03-03,24.359,24.4099,24.2809,24.3318,24.3318,9367629,-1.762312,25.825,25.5318,23.847,1.224458,2021,3,2,1
2021-03-04,24.3093,24.6622,24.2202,24.5722,24.5722,7172034,0.988151,25.7545,25.5121,23.857,1.238194,2021,3,3,1
2021-03-05,24.9767,25.349,24.7819,25.1529,25.1529,8580297,2.36317,25.7138,25.5029,23.8694,1.371362,2021,3,4,1
2021-03-08,25.5988,25.827,25.389,25.617,25.617,13996066,1.845179,25.6808,25.504,23.8836,1.411727,2021,3,0,1
2021-03-09,25.5382,25.627,25.441,25.5298,25.5298,12688611,-0.34042,25.6166,25.4978,23.8947,1.317813,2021,3,1,1
2021-03-10,26.0585,26.2408,25.9149,26.097,26.097,13193458,2.221844,25.5707,25.4954,23.9081,1.413527,2021,3,2,1
2021-03-11,25.9749,26.2347,25.8809,26.14,26.14,15015427,0.16486,25.5283,25.5002,23.9223,1.415364,2021,3,3,1
2021-03-12,25.9066,26.1919,25.707,25.9916,25.9916,12590023,-0.5677,25.5063,25.5123,23.9343,1.346226,2021,3,4,1
2021-03-15,25.7789,25.8992,25.6186,25.7387,25.7387,8019480,-0.973324,25.4937,25.5332,23.9431,1.31181,2021,3,0,1
2021-03-16,25.6725,26.0133,25.2729,25.6129,25.6129,6655129,-0.488535,25.4811,25.5472,23.9537,1.311764,2021,3,1,1
2021-03-17,25.4555,25.5533,25.3593,25.4571,25.4571,10832918,-0.608197,25.4729,25.5659,23.9628,1.301903,2021,3,2,1
2021-03-18,25.6366,25.7951,25.3607,25.5185,25.5185,11830361,0.241019,25.4715,25.6011,23.971,1.301645,2021,3,3,1
2021-03-19,25.6155,25.7277,25.4628,25.5748,25.5748,19322195,0.220731,25.4718,25.6339,23.9804,1.302456,2021,3,4,1
2021-03-22,25.4927,25.6677,25.3944,25.5691,25.5691,16421160,-0.022171,25.4617,25.6478,23.9874,1.289453,2021,3,0,1
2021-03-23,25.7009,25.8107,25.6201,25.7298,25.7298,6502843,0.628354,25.4613,25.6646,23.9958,1.297537,2021,3,1,1
2021-03-24,26.0321,26.3869,25.8254,26.179,26.179,10107491,1.745851,25.4743,25.6836,24.0064,1.346837,2021,3,2,1
2021-03-25,26.5209,26.6458,26.4076,26.5324,26.5324,15153178,1.349851,25.504,25.7089,24.0194,1.377464,2021,3,3,1
2021-03-26,26.0299,26.181,25.7642,25.9147,25.9147,22422750,-2.328195,25.5419,25.7224,24.0294,1.303551,2021,3,4,1
2021-03-29,24.9752,25.282,24.601,24.9069,24.9069,25424411,-3.88868,25.5467,25.7084,24.0366,1.555165,2021,3,0,1
2021-03-30,25.4026,25.5179,25.1463,25.261,25.261,9857376,1.421493,25.5714,25.7038,24.0483,1.584798,2021,3,1,1
2021-03-31,24.7108,24.8543,24.5974,24.7408,24.7408,5355166,-2.059376,25.5918,25.6865,24.0547,1.604544,2021,3,2,1
2021-04-01,24.7981,24.9155,24.5485,24.6653,24.6653,4662210,-0.305118,25.5965,25.6651,24.0624,1.5927,2021,4,3,2
2021-04-02,24.2229,24.296,24.1684,24.2416,24.2416,12715072,-1.717698,25.5509,25.6405,24.0698,1.538689,2021,4,4,2
2021-04-05,23.7424,23.8125,23.5339,23.6035,23.6035,15134908,-2.632263,25.4502,25.5953,24.0778,1.555231,2021,4,0,2
2021-04-06,23.8228,23.9955,23.6522,23.8249,23.8249,4907235,0.938069,25.365,25.556,24.088,1.583689,2021,4,1,2
2021-04-07,24.1895,24.2547,24.0563,24.1213,24.1213,10236119,1.244046,25.2662,25.5285,24.1018,1.514239,2021,4,2,2
2021-04-08,24.0729,24.2008,23.8046,23.9317,23.9317,13534953,-0.786117,25.1558,25.493,24.1119,1.511095,2021,4,3,2
2021-04-09,23.0063,23.2745,22.7561,23.0241,23.0241,7170648,-3.792246,25.0074,25.4462,24.1158,1.688265,2021,4,4,2
2021-04-12,22.8956,22.9422,22.829,22.8756,22.8756,17540505,-0.644996,24.8643,25.3962,24.1202,1.685942,2021,4,0,2
2021-04-13,23.1718,23.2991,22.9264,23.053,23.053,7359934,0.775354,24.7363,25.3496,24.1217,1.712796,2021,4,1,2
2021-04-14,22.5688,22.6874,22.4623,22.5808,22.5808,24129343,-2.048382,24.5924,25.2852,24.1192,1.747029,2021,4,2,2
2021-04-15,22.5714,22.7717,22.4915,22.6913,22.6913,6374748,0.489555,24.4511,25.2193,24.118,1.754068,2021,4,3,2
2021-04-16,22.927,23.0025,22.6573,22.7322,22.7322,4476111,0.179916,24.309,25.1547,24.1213,1.753123,2021,4,4,2
2021-04-19,22.9312,23.2241,22.6819,22.9743,22.9743,7358508,1.065331,24.1792,25.0886,24.122,1.78762,2021,4,0,2
2021-04-20,23.0698,23.3345,22.7906,23.0551,23.0551,8085828,0.351777,24.0455,25.0134,24.1256,1.779334,2021,4,1,2
2021-04-21,22.8617,23.0444,22.5745,22.7564,22.7564,8000238,-1.295644,23.8743,24.9283,24.1304,1.702723,2021,4,2,2
2021-04-22,23.152,23.2945,23.0662,23.2085,23.2085,9765072,1.98638,23.7082,24.8526,24.1357,1.748087,2021,4,3,2
2021-04-23,23.0941,23.352,22.9304,23.1876,23.1876,9950607,-0.089782,23.5718,24.7878,24.1369,1.706301,2021,4,4,2
2021-04-26,23.2359,23.3165,23.1318,23.2123,23.2123,7372735,0.106504,23.4871,24.7322,24.1359,1.51705,2021,4,0,2
2021-04-27,22.7565,22.9717,22.7061,22.9209,22.9209,9644177,-1.255552,23.3701,24.6733,24.1326,1.470784,2021,4,1,2
2021-04-28,22.7814,22.8876,22.7015,22.8076,22.8076,3153765,-0.494144,23.2734,24.6171,24.1277,1.422877,2021,4,2,2
2021-04-29,22.5682,22.6296,22.4848,22.5461,22.5461,12466734,-1.146486,23.1674,24.5571,24.1201,1.432446,2021,4,3,2
2021-04-30,22.5096,22.6292,22.4144,22.5339,22.5339,7665416,-0.05426,23.0821,24.4964,24.1113,1.402226,2021,4,4,2
2021-05-03,23.0154,23.361,22.8141,23.1584,23.1584,32361267,2.771366,23.0598,24.4441,24.1052,1.459783,2021,5,0,2
2021-05-04,22.8599,22.9634,22.6122,22.7151,22.7151,6329654,-1.914305,23.0043,24.3837,24.0969,1.49352,2021,5,1,2
2021-05-05,22.2164,22.3683,22.0553,22.2072,22.2072,3939718,-2.235805,22.9086,24.3094,24.0864,1.51559,2021,5,2,2
2021-05-06,22.8794,23.0702,22.5594,22.7491,22.7491,17114454,2.440388,22.8495,24.2456,24.0801,1.639185,2021,5,3,2
2021-05-07,22.6949,22.9384,22.4754,22.7186,22.7186,10113987,-0.134407,22.8342,24.1968,24.0743,1.410061,2021,5,4,2
2021-05-10,22.4521,22.9129,22.072,22.5315,22.5315,5093887,-0.823629,22.817,24.1513,24.0707,1.414537,2021,5,0,2
2021-05-11,22.952,23.1171,22.7624,22.9274,22.9274,4298414,1.75709,22.8107,24.1145,24.0694,1.461534,2021,5,1,2
2021-05-12,22.7358,22.8229,22.6683,22.7554,22.7554,23164501,-0.749968,22.8194,24.0829,24.0689,1.393831,2021,5,2,2
2021-05-13,23.3079,23.6945,23.033,23.4183,23.4183,29267993,2.912937,22.8558,24.0599,24.0736,1.532682,2021,5,3,2
2021-05-14,23.8218,23.9279,23.577,23.6825,23.6825,2199909,1.12846,22.9033,24.0305,24.0794,1.547644,2021,5,4,2
2021-05-17,23.4709,23.6337,23.3669,23.5295,23.5295,6867583,-0.646288,22.9311,23.9887,24.0819,1.545547,2021,5,0,2
2021-05-18,24.135,24.5823,23.8688,24.314,24.314,35726919,3.334293,22.994,23.9644,24.0869,1.703785,2021,5,1,2
2021-05-19,24.2284,24.3621,23.9674,24.1004,24.1004,7078289,-0.878737,23.0612,23.9245,24.0935,1.685952,2021,5,2,2
2021-05-20,24.3308,24.6215,24.0897,24.38,24.38,7327098,1.160177,23.1198,23.8893,24.1032,1.65226,2021,5,3,2
2021-05-21,24.4354,24.5945,24.3361,24.495,24.495,7385615,0.47171,23.1852,23.8593,24.1119,1.650784,2021,5,4,2
2021-05-24,24.7996,25.2577,24.5198,24.9759,24.9759,5655950,1.963537,23.2733,23.8441,24.1246,1.691787,2021,5,0,2
2021-05-25,25.7317,25.8708,25.4157,25.5538,25.5538,4177477,2.313699,23.405,23.8429,24.1405,1.698383,2021,5,1,2
2021-05-26,25.4154,25.8464,25.1177,25.5472,25.5472,15121786,-0.025893,23.542,23.8447,24.1554,1.686289,2021,5,2,2
2021-05-27,25.2454,25.2943,25.1906,25.2395,25.2395,3293147,-1.204278,23.6766,23.8391,24.1704,1.689454,2021,5,3,2
2021-05-28,25.4934,25.7936,25.1016,25.4007,25.4007,10456979,0.638522,23.82,23.8356,24.1858,1.682869,2021,5,4,2
2021-05-31,25.1681,25.2521,25.0418,25.1257,25.1257,16598889,-1.082637,23.9183,23.8268,24.2021,1.64301,2021,5,0,2
2021-06-01,25.8669,26.1237,25.6162,25.873,25.873,5283951,2.97442,24.0762,23.8296,24.223,1.64091,2021,6,1,2
2021-06-02,25.7231,25.9909,25.6323,25.8994,25.8994,4688182,0.10195,24.2608,23.824,24.2433,1.500615,2021,6,2,2
2021-06-03,25.6468,25.8831,25.4943,25.7301,25.7301,18745382,-0.653508,24.4099,23.808,24.2652,1.480049,2021,6,3,2
2021-06-04,25.7967,25.847,25.727,25.7773,25.7773,11416946,0.183211,24.5628,23.8052,24.2865,1.473128,2021,6,4,2
2021-06-07,25.1513,25.2784,25.1039,25.2308,25.2308,7916900,-2.120216,24.6978,23.8117,24.3049,1.566663,2021,6,0,2
2021-06-08,24.8683,24.9695,24.747,24.8481,24.8481,21526268,-1.516541,24.7938,23.8035,24.3203,1.60757,2021,6,1,2
2021-06-09,25.357,25.5691,25.0767,25.2881,25.2881,22241432,1.770616,24.9205,23.8144,24.3373,1.610214,2021,6,2,2
2021-06-10,25.1188,25.2355,24.9063,25.0225,25.0225,11397535,-1.050378,25.0007,23.8215,24.3507,1.545556,2021,6,3,2
2021-06-11,24.4974,24.9821,24.1353,24.6182,24.6182,6192535,-1.61563,25.0475,23.8291,24.3617,1.593234,2021,6,4,2
2021-06-14,25.0306,25.1513,24.6929,24.8125,24.8125,7220382,0.789479,25.1116,23.8533,24.3743,1.585141,2021,6,0,2
2021-06-15,25.3235,25.4284,25.1413,25.246,25.246,12761594,1.746738,25.1582,23.8817,24.3888,1.458731,2021,6,1,2
2021-06-16,25.5013,25.6249,25.3779,25.5015,25.5015,8575649,1.012064,25.2283,23.9093,24.4035,1.446473,2021,6,2,2
2021-06-17,25.9731,26.0227,25.8111,25.8604,25.8604,17953870,1.40758,25.3023,23.9479,24.4198,1.455312,2021,6,3,2
2021-06-18,25.7791,25.9994,25.3192,25.5374,25.5374,4003156,-1.248986,25.3544,23.9981,24.4343,1.495265,2021,6,4,2
2021-06-21,24.8255,25.1322,24.6635,24.9692,24.9692,4749135,-2.224906,25.3541,24.04,24.4471,1.530982,2021,6,0,2
2021-06-22,25.4962,25.5894,25.426,25.5192,25.5192,12760271,2.202455,25.3523,24.0893,24.4637,1.522349,2021,6,1,2
2021-06-23,25.1307,25.4274,25.0759,25.3721,25.3721,6647295,-0.576349,25.3436,24.1451,24.4816,1.527887,2021,6,2,2
2021-06-24,25.2753,25.391,25.1402,25.2558,25.2558,5997207,-0.458276,25.3444,24.1964,24.496,1.506496,2021,6,3,2
2021-06-25,25.7779,25.8838,25.6346,25.7403,25.7403,3811839,1.918336,25.3614,24.2566,24.5147,1.560629,2021,6,4,2
2021-06-28,25.9221,26.0594,25.7888,25.9261,25.9261,9254663,0.721902,25.4014,24.3156,24.5353,1.542051,2021,6,0,2
2021-06-29,26.0023,26.1823,25.8909,26.0706,26.0706,8609574,0.55712,25.4113,24.3759,24.5576,1.398584,2021,6,1,2
2021-06-30,26.6609,26.941,26.6016,26.8813,26.8813,18982493,3.109677,25.4604,24.4584,24.5823,1.55745,2021,6,2,2
2021-07-01,26.6092,26.9342,26.2449,26.5695,26.5695,10294687,-1.159978,25.5023,24.5257,24.6058,1.576026,2021,7,3,3
2021-07-02,27.0495,27.2831,26.6608,26.893,26.893,9165575,1.217525,25.5581,24.5998,24.6286,1.593275,2021,7,4,3
2021-07-05,26.7991,27.1497,26.5127,26.8626,26.8626,16576390,-0.112817,25.6397,24.6728,24.6522,1.498212,2021,7,0,3
2021-07-06,26.9653,27.1153,26.7682,26.9179,26.9179,3789481,0.205873,25.7432,24.7527,24.6754,1.434986,2021,7,1,3
2021-07-07,27.3085,27.6198,27.1704,27.4808,27.4808,15559046,2.09127,25.8528,24.8462,24.7027,1.452663,2021,7,2,3
2021-07-08,27.675,27.7671,27.5326,27.6245,27.6245,3240424,0.522781,25.9829,24.9477,24.727,1.410456,2021,7,3,3
2021-07-09,27.7351,27.933,27.5812,27.7788,27.7788,5375102,0.558619,26.141,25.0526,24.7539,1.31922,2021,7,4,3
2021-07-12,28.0675,28.2391,27.9819,28.1533,28.1533,4892686,1.348136,26.308,25.1525,24.7821,1.329009,2021,7,0,3
2021-07-13,27.8342,28.1836,27.5705,27.9191,27.9191,14934933,-0.831872,26.4417,25.2566,24.8078,1.341211,2021,7,1,3
2021-07-14,27.4488,27.6474,27.2937,27.4921,27.4921,10081762,-1.529554,26.5412,25.3623,24.8305,1.410079,2021,7,2,3
2021-07-15,27.0353,27.1958,26.8337,26.994,26.994,10863976,-1.81179,26.5979,25.4472,24.851,1.469803,2021,7,3,3
2021-07-16,26.0031,26.3651,25.7795,26.1403,26.1403,6807866,-3.16243,26.628,25.5157,24.8672,1.624887,2021,7,4,3
2021-07-19,26.8629,27.1027,26.6661,26.9056,26.9056,10485312,2.927576,26.7248,25.6031,24.8871,1.640374,2021,7,0,3
2021-07-20,26.3995,26.8112,25.9922,26.4039,26.4039,6982891,-1.864688,26.7691,25.6727,24.9046,1.655487,2021,7,1,3
2021-07-21,26.1542,26.419,26.0055,26.2696,26.2696,11098774,-0.508467,26.814,25.7429,24.9197,1.653916,2021,7,2,3
2021-07-22,26.3041,26.4723,25.9495,26.1164,26.1164,4931912,-0.583218,26.857,25.7969,24.93,1.656715,2021,7,3,3
2021-07-23,26.1062,26.3077,25.9944,26.1956,26.1956,18840404,0.303125,26.8798,25.8472,24.9417,1.606148,2021,7,4,3
2021-07-26,26.4018,26.5485,26.3262,26.4727,26.4727,3540194,1.057858,26.9071,25.906,24.9571,1.614729,2021,7,0,3
2021-07-27,26.6605,26.8163,26.6097,26.7652,26.7652,6008803,1.105037,26.9418,25.9551,24.9741,1.627194,2021,7,1,3
2021-07-28,26.6664,26.8026,26.3407,26.476,26.476,26666452,-1.080836,26.9215,26.0026,24.985,1.489181,2021,7,2,3
2021-07-29,26.4183,26.4918,26.2866,26.36,26.36,6703910,-0.438027,26.9111,26.0422,24.9968,1.469877,2021,7,3,3
2021-07-30,26.3252,26.5689,26.1811,26.4242,26.4242,3811430,0.243773,26.8876,26.0808,25.0059,1.442272,2021,7,4,3
2021-08-02,26.3926,26.6448,26.0252,26.2763,26.2763,10150914,-0.559737,26.8583,26.1068,25.0111,1.446297,2021,8,0,3
2021-08-03,26.8849,26.9719,26.7763,26.8633,26.8633,8643105,2.233795,26.8556,26.133,25.0204,1.537127,2021,8,1,3
2021-08-04,27.0304,27.2001,26.8332,27.0026,27.0026,5344875,0.518698,26.8317,26.1621,25.0294,1.463014,2021,8,2,3
2021-08-05,27.2013,27.3421,27.0981,27.2388,27.2388,4863872,0.874645,26.8124,26.202,25.0365,1.472697,2021,8,3,3
2021-08-06,27.361,27.585,27.2197,27.4433,27.4433,48393015,0.750579,26.7956,26.2429,25.0456,1.477558,2021,8,4,3
2021-08-09,27.8929,28.3199,27.4288,27.8553,27.8553,8914252,1.501288,26.7807,26.2975,25.0571,1.485563,2021,8,0,3
2021-08-10,27.7907,27.9155,27.7267,27.8514,27.8514,2526572,-0.013831,26.7773,26.3371,25.0698,1.473907,2021,8,1,3
2021-08-11,27.4279,27.5291,27.1296,27.23,27.23,28549276,-2.231063,26.7642,26.3637,25.0815,1.51981,2021,8,2,3
2021-08-12,27.1872,27.4719,27.0419,27.3259,27.3259,12353134,0.35213,26.7808,26.3956,25.0948,1.462757,2021,8,3,3
2021-08-13,27.1553,27.2278,26.9174,26.9894,26.9894,6310198,-1.231289,26.8233,26.4198,25.1087,1.291811,2021,8,4,3
2021-08-16,26.7002,26.8192,26.5932,26.7121,26.7121,5519241,-1.027547,26.8136,26.4495,25.121,1.141043,2021,8,0,3
2021-08-17,26.9213,26.9949,26.8155,26.8891,26.8891,13560870,0.662534,26.8379,26.4903,25.1356,1.064529,2021,8,1,3
2021-08-18,27.4179,27.6015,27.1439,27.3268,27.3268,9108499,1.627965,26.8907,26.531,25.1519,1.106976,2021,8,2,3
2021-08-19,27.1962,27.341,27.1203,27.2649,27.2649,2633408,-0.226617,26.9481,26.5759,25.1706,1.096463,2021,8,3,3
2021-08-20,27.4161,27.6578,27.0807,27.3216,27.3216,24348160,0.207978,27.0044,26.63,25.1888,1.096295,2021,8,4,3
2021-08-23,27.6452,28.0584,27.5359,27.9479,27.9479,8929516,2.292324,27.0782,26.6927,25.2085,1.177882,2021,8,0,3
2021-08-24,27.8843,28.1443,27.7053,27.9648,27.9648,19861827,0.060475,27.1382,26.747,25.2319,1.16234,2021,8,1,3
2021-08-25,28.8645,29.0567,28.7797,28.9716,28.9716,29200652,3.600157,27.263,26.8165,25.2594,1.34267,2021,8,2,3
2021-08-26,28.9665,29.2697,28.8101,29.1125,29.1125,4812478,0.486241,27.4006,26.8815,25.2853,1.325939,2021,8,3,3
2021-08-27,28.2114,28.3243,28.1228,28.2357,28.2357,24105323,-3.011752,27.4912,26.9355,25.3089,1.542057,2021,8,4,3
2021-08-30,28.5077,28.6892,28.2827,28.4638,28.4638,6279261,0.807964,27.6005,27.0054,25.3305,1.530181,2021,8,0,3
2021-08-31,28.611,28.7063,28.4359,28.5309,28.5309,2732870,0.235566,27.6839,27.0656,25.3516,1.468962,2021,8,1,3
2021-09-01,29.0135,29.2039,28.7955,28.9856,28.9856,8146483,1.593876,27.7831,27.1379,25.3761,1.49635,2021,9,2,3
2021-09-02,29.0941,29.3129,28.9534,29.1718,29.1718,11451898,0.642325,27.8797,27.2162,25.4016,1.493088,2021,9,3,3
2021-09-03,29.0436,29.1223,28.9222,29.0008,29.0008,6775279,-0.586207,27.9576,27.2814,25.4251,1.504278,2021,9,4,3
2021-09-06,28.3747,28.4663,28.2691,28.3606,28.3606,9657852,-2.207393,27.9829,27.3301,25.4451,1.573714,2021,9,0,3
2021-09-07,28.2822,28.4946,27.9652,28.1767,28.1767,17962063,-0.648386,27.9991,27.3722,25.4631,1.582537,2021,9,1,3
2021-09-08,27.8119,28.0027,27.5356,27.7258,27.7258,11301925,-1.600445,28.0239,27.3891,25.4805,1.539988,2021,9,2,3
2021-09-09,27.405,27.5296,27.2771,27.4017,27.4017,5964244,-1.168892,28.0277,27.4057,25.4959,1.564324,2021,9,3,3
2021-09-10,27.4683,27.7101,27.326,27.5673,27.5673,13654763,0.604189,28.0566,27.4192,25.5146,1.540373,2021,9,4,3
2021-09-13,28.1039,28.4362,27.8459,28.1775,28.1775,12909063,2.213753,28.1299,27.4455,25.5363,1.583499,2021,9,0,3
2021-09-14,28.1896,28.3222,28.1192,28.2517,28.2517,1854566,0.263212,28.198,27.4722,25.5599,1.580927,2021,9,1,3
2021-09-15,27.6157,27.7595,27.5069,27.6506,27.6506,14842139,-2.127686,28.2142,27.4756,25.5815,1.632026,2021,9,2,3
2021-09-16,27.7823,27.8473,27.6875,27.7525,27.7525,10863518,0.36857,28.2386,27.4781,25.6013,1.631729,2021,9,3,3
2021-09-17,28.2465,28.3466,28.0661,28.1659,28.1659,10474182,1.489673,28.2808,27.4859,25.621,1.661045,2021,9,4,3
2021-09-20,27.809,28.1328,27.491,27.8147,27.8147,17109277,-1.246866,28.2741,27.4791,25.6378,1.610273,2021,9,0,3
2021-09-21,27.6739,27.7753,27.5707,27.6721,27.6721,5895140,-0.512849,28.2595,27.4742,25.6557,1.614021,2021,9,1,3
2021-09-22,27.6099,27.7001,27.504,27.5941,27.5941,10343079,-0.281782,28.1906,27.4762,25.6736,1.367836,2021,9,2,3
2021-09-23,27.1304,27.3181,26.9991,27.1865,27.1865,4061319,-1.477064,28.0943,27.4801,25.6871,1.383758,2021,9,3,3
2021-09-24,27.2748,27.5172,27.1343,27.3761,27.3761,11628223,0.69749,28.0513,27.5048,25.7012,1.247641,2021,9,4,3
2021-09-27,27.056,27.516,26.7893,27.2474,27.2474,28264260,-0.470403,27.9905,27.5116,25.7103,1.228743,2021,9,0,3
2021-09-28,27.2661,27.6422,26.9668,27.3421,27.3421,4709260,0.3477,27.9311,27.5304,25.719,1.231141,2021,9,1,3
2021-09-29,26.9502,27.1683,26.6816,26.8993,26.8993,6740675,-1.619492,27.8268,27.543,25.7252,1.193065,2021,9,2,3
2021-09-30,26.5777,26.7293,26.5012,26.6526,26.6526,6191968,-0.916976,27.7008,27.5537,25.7306,1.174507,2021,9,3,3
2021-10-01,26.8505,27.0353,26.6914,26.876,26.876,10086764,0.838159,27.5946,27.5673,25.737,1.208133,2021,10,4,4
2021-10-04,26.705,26.7633,26.5971,26.6553,26.6553,4927777,-0.821387,27.5093,27.571,25.7424,1.13489,2021,10,0,4
2021-10-05,27.3364,27.5351,27.0812,27.2795,27.2795,15014770,2.341982,27.4644,27.5812,25.7496,1.275351,2021,10,1,4
2021-10-06,26.9204,27.136,26.8218,27.0371,27.0371,15681719,-0.888703,27.43,27.5925,25.7537,1.242368,2021,10,2,4
2021-10-07,27.1619,27.354,26.8626,27.054,27.054,11161234,0.062408,27.4126,27.6064,25.7595,1.217835,2021,10,3,4
2021-10-08,27.481,27.7179,27.1219,27.3577,27.3577,3383411,1.122483,27.4021,27.625,25.7694,1.237989,2021,10,4,4
2021-10-11,26.5735,26.7568,26.5112,26.6942,26.6942,21759867,-2.425188,27.328,27.6334,25.7793,1.229848,2021,10,0,4
2021-10-12,25.8354,25.995,25.7614,25.9208,25.9208,22417157,-2.897259,27.2114,27.6145,25.7844,1.35534,2021,10,1,4
2021-10-13,25.3949,25.5912,25.0792,25.2745,25.2745,19897080,-2.493236,27.0926,27.58,25.7882,1.381776,2021,10,2,4
2021-10-14,25.6977,25.8865,25.5242,25.7128,25.7128,13416947,1.73427,26.9906,27.5494,25.7979,1.455568,2021,10,3,4
2021-10-15,25.2247,25.5693,25.1072,25.4507,25.4507,11010687,-1.019512,26.8549,27.5096,25.8055,1.393581,2021,10,4,4
2021-10-18,26.235,26.5049,26.1135,26.3827,26.3827,25363948,3.661939,26.7833,27.4801,25.813,1.661042,2021,10,0,4
2021-10-19,26.0699,26.1595,26.0064,26.0959,26.0959,30945059,-1.086915,26.7045,27.445,25.8191,1.670739,2021,10,1,4
2021-10-20,25.9888,26.1663,25.933,26.1102,26.1102,4565498,0.054882,26.6303,27.4226,25.8235,1.672411,2021,10,2,4
2021-10-21,26.6117,26.8958,26.3722,26.6558,26.6558,21529937,2.08951,26.6037,27.4092,25.8304,1.725424,2021,10,3,4
2021-10-22,27.392,27.5437,27.2367,27.3884,27.3884,11660736,2.748408,26.6044,27.4172,25.8412,1.831995,2021,10,4,4
2021-10-25,28.3153,28.5499,27.9174,28.1506,28.1506,11408975,2.7829,26.6495,27.446,25.8539,1.928238,2021,10,0,4
2021-10-26,28.5275,28.7336,28.3548,28.5607,28.5607,4095809,1.456737,26.7104,27.4794,25.8692,1.949124,2021,10,1,4
2021-10-27,29.0148,29.0758,28.8302,28.8909,28.8909,8284690,1.156003,26.81,27.5107,25.8857,1.908425,2021,10,2,4
2021-10-28,29.1982,29.2849,28.9462,29.0323,29.0323,4826161,0.489523,26.929,27.546,25.9022,1.884068,2021,10,3,4
2021-10-29,29.4207,29.5152,29.1589,29.2529,29.2529,6969902,0.759816,27.0478,27.5847,25.921,1.88329,2021,10,4,4
2021-11-01,28.9206,29.161,28.6476,28.8877,28.8877,5185946,-1.248478,27.1595,27.6035,25.9362,1.900703,2021,11,0,4
2021-11-02,28.1937,28.4954,28.1159,28.4169,28.4169,8135876,-1.629708,27.2163,27.6125,25.9493,1.896811,2021,11,1,4
2021-11-03,28.3606,28.4432,28.226,28.3084,28.3084,6750451,-0.381678,27.2799,27.5992,25.9634,1.884541,2021,11,2,4
2021-11-04,28.2491,28.4553,27.9257,28.1311,28.1311,9546924,-0.626351,27.3338,27.5796,25.9755,1.894356,2021,11,3,4
2021-11-05,27.8292,27.9922,27.6752,27.8382,27.8382,3675136,-1.041331,27.3578,27.5717,25.9879,1.901421,2021,11,4,4
2021-11-08,28.2282,28.4902,27.7724,28.0326,28.0326,3826707,0.698267,27.4247,27.563,26.0011,1.808749,2021,11,0,4
2021-11-09,28.4312,28.6913,28.0746,28.3338,28.3338,12053661,1.074493,27.5454,27.5591,26.0159,1.655345,2021,11,1,4
2021-11-10,28.3289,28.6015,27.9927,28.2646,28.2646,5200400,-0.243982,27.6949,27.5447,26.0282,1.514644,2021,11,2,4
2021-11-11,28.9107,29.0144,28.6823,28.7856,28.7856,20760687,1.842994,27.8485,27.537,26.0422,1.519225,2021,11,3,4
2021-11-12,28.2141,28.2977,28.0929,28.1765,28.1765,13117008,-2.115938,27.9848,27.5205,26.0533,1.597622,2021,11,4,4
2021-11-15,27.711,28.2944,27.4097,27.9901,27.9901,13046417,-0.661422,28.0652,27.5131,26.0618,1.434586,2021,11,0,4
2021-11-16,27.5331,27.6981,27.4234,27.5882,27.5882,24084595,-1.436005,28.1398,27.5013,26.0657,1.454411,2021,11,1,4
2021-11-17,26.8506,27.0329,26.5411,26.7226,26.7226,10946909,-3.137389,28.1704,27.4812,26.0643,1.644178,2021,11,2,4
2021-11-18,26.5275,26.739,26.4024,26.6135,26.6135,6132416,-0.408477,28.1683,27.4655,26.0624,1.581063,2021,11,3,4
2021-11-19,26.4672,26.556,26.4021,26.4908,26.4908,14746472,-0.460762,28.1234,27.4439,26.0627,1.44485,2021,11,4,4
2021-11-22,26.9072,27.1929,26.735,27.0201,27.0201,15115256,1.997833,28.0669,27.4208,26.0678,1.369488,2021,11,0,4
2021-11-23,27.3869,27.4635,27.1168,27.1928,27.1928,8057871,0.639326,27.9985,27.3996,26.0745,1.329179,2021,11,1,4
2021-11-24,26.868,26.9561,26.6011,26.6885,26.6885,25403904,-1.854632,27.8884,27.3804,26.0798,1.333628,2021,11,2,4
2021-11-25,27.2574,27.5472,27.065,27.3541,27.3541,10470992,2.493846,27.8044,27.3724,26.0888,1.47119,2021,11,3,4
2021-11-26,27.7813,27.9487,27.5975,27.7649,27.7649,10573341,1.501883,27.73,27.3644,26.0998,1.50788,2021,11,4,4
2021-11-29,27.8324,28.1996,27.542,27.9084,27.9084,8935517,0.516692,27.6811,27.3663,26.1105,1.49798,2021,11,0,4
2021-11-30,27.7797,27.9277,27.5638,27.7115,27.7115,5214917,-0.705316,27.6458,27.367,26.1204,1.464178,2021,11,1,4
2021-12-01,27.2699,27.5358,26.9491,27.2144,27.2144,11443035,-1.793832,27.5911,27.3594,26.1268,1.510996,2021,12,2,4
2021-12-02,27.0615,27.1418,26.8939,26.9739,26.9739,21792640,-0.883634,27.5333,27.3552,26.132,1.516029,2021,12,3,4
2021-12-03,27.3668,27.4164,27.2811,27.3305,27.3305,13174601,1.322018,27.5079,27.3543,26.1429,1.538841,2021,12,4,4
2021-12-06,28.3404,28.537,27.8172,28.0115,28.0115,12113374,2.491633,27.5068,27.3696,26.1589,1.635815,2021,12,0,4
2021-12-07,28.4371,28.7802,28.2123,28.5545,28.5545,10021137,1.938463,27.5178,27.3938,26.1778,1.67634,2021,12,1,4
2021-12-08,28.0355,28.2945,27.9701,28.2286,28.2286,12009409,-1.141222,27.516,27.4204,26.1973,1.696567,2021,12,2,4
2021-12-09,27.6009,27.7457,27.4998,27.6444,27.6444,17847190,-2.069675,27.459,27.4402,26.2127,1.699335,2021,12,3,4
2021-12-10,27.431,27.6613,27.3743,27.6042,27.6042,11866610,-0.145592,27.4304,27.4548,26.2249,1.637699,2021,12,4,4
2021-12-13,26.6136,26.8651,26.5226,26.7735,26.7735,10623559,-3.009269,27.3695,27.4572,26.2307,1.760382,2021,12,0,4
2021-12-14,26.7138,26.9843,26.5514,26.8212,26.8212,10067473,0.178413,27.3312,27.448,26.2372,1.737942,2021,12,1,4
2021-12-15,26.5803,26.7273,26.5319,26.6787,26.6787,11809861,-0.531474,27.329,27.4408,26.2401,1.591876,2021,12,2,4
2021-12-16,26.3108,26.5377,26.1853,26.4117,26.4117,5255453,-1.000814,27.3189,27.428,26.2414,1.605404,2021,12,3,4
2021-12-17,25.7578,26.0068,25.4561,25.7045,25.7045,13718801,-2.677372,27.2796,27.3949,26.24,1.71011,2021,12,4,4
2021-12-20,25.7885,25.9346,25.6948,25.8408,25.8408,2417916,0.530016,27.2206,27.3778,26.2405,1.643901,2021,12,0,4
2021-12-21,25.5512,25.6539,25.467,25.5696,25.5696,12953034,-1.049454,27.1395,27.3708,26.2403,1.641348,2021,12,1,4
2021-12-22,25.1511,25.3797,24.8336,25.0614,25.0614,16711204,-1.987473,27.0581,27.3666,26.2383,1.648248,2021,12,2,4
2021-12-23,23.8588,24.2774,23.5146,23.9322,23.9322,24350822,-4.505917,26.887,27.331,26.2304,1.762721,2021,12,3,4
2021-12-24,23.8699,23.9827,23.7824,23.8952,23.8952,6507146,-0.154547,26.6935,27.2998,26.222,1.693805,2021,12,4,4
2021-12-27,24.5393,24.5946,24.4482,24.5035,24.5035,14410949,2.545615,26.5233,27.2623,26.2167,1.828086,2021,12,0,4
2021-12-28,24.88,25.1818,24.7738,25.0748,25.0748,27365511,2.331495,26.3915,27.2418,26.2134,1.944151,2021,12,1,4
2021-12-29,24.6148,24.9257,24.5418,24.8519,24.8519,22035520,-0.888716,26.2733,27.2167,26.2068,1.922386,2021,12,2,4
2021-12-30,24.6148,24.6662,24.5294,24.5808,24.5808,9595499,-1.091049,26.1537,27.1752,26.197,1.925489,2021,12,3,4
2021-12-31,24.7608,24.9394,24.5339,24.7122,24.7122,9622539,0.534641,26.0228,27.1216,26.191,1.895254,2021,12,4,4
2022-01-03,24.4986,24.5528,24.2442,24.298,24.298,20891559,-1.676038,25.8371,27.0446,26.1879,1.776107,2022,1,0,1
2022-01-04,24.3877,24.519,24.241,24.3722,24.3722,3449068,0.305572,25.628,26.9608,26.1835,1.683889,2022,1,1,1
2022-01-05,24.6959,24.8577,24.4539,24.6152,24.6152,7890961,0.996652,25.4473,26.8753,26.1829,1.726739,2022,1,2,1
2022-01-06,25.0067,25.0974,24.9356,25.0262,25.0262,23685026,1.669989,25.3164,26.7952,26.1847,1.768958,2022,1,3,1
2022-01-07,24.9682,25.0762,24.8306,24.9385,24.9385,15371686,-0.350409,25.1831,26.7089,26.1882,1.767504,2022,1,4,1
2022-01-10,24.9797,25.0819,24.7127,24.8142,24.8142,10984572,-0.498503,25.0851,26.6274,26.1942,1.665487,2022,1,0,1
2022-01-11,24.2342,24.5621,24.115,24.4418,24.4418,4228779,-1.500626,24.9662,26.5479,26.1973,1.678866,2022,1,1,1
2022-01-12,24.1405,24.1937,24.0475,24.1006,24.1006,9962390,-1.39601,24.8373,26.4638,26.1972,1.692154,2022,1,2,1
2022-01-13,24.1925,24.2375,23.9429,23.9876,23.9876,6144480,-0.469,24.7161,26.3809,26.1975,1.687929,2022,1,3,1
2022-01-14,24.1181,24.2171,23.9921,24.091,24.091,10595053,0.430878,24.6354,26.306,26.2028,1.615185,2022,1,4,1
2022-01-17,24.5514,24.6273,24.3151,24.3904,24.3904,6131340,1.243029,24.5629,26.2331,26.2104,1.642369,2022,1,0,1
2022-01-18,23.9994,24.3154,23.7447,24.06,24.06,5510780,-1.354816,24.4874,26.1476,26.2154,1.651337,2022,1,1,1
2022-01-19,24.5656,24.664,24.4704,24.5688,24.5688,3277469,2.114689,24.4628,26.0737,26.2254,1.683939,2022,1,2,1
2022-01-20,24.4321,24.5692,24.2918,24.4288,24.4288,18559692,-0.569583,24.4876,25.9866,26.234,1.333734,2022,1,3,1
2022-01-21,24.1675,24.4625,24.0895,24.3838,24.3838,6526098,-0.184133,24.512,25.9107,26.2423,1.334061,2022,1,4,1
2022-01-24,23.962,24.1463,23.8905,24.0745,24.0745,11050141,-1.268614,24.4906,25.8324,26.2478,1.236573,2022,1,0,1
2022-01-25,23.0676,23.3207,22.9169,23.1693,23.1693,14232020,-3.760062,24.3953,25.744,26.2484,1.355551,2022,1,1,1
2022-01-26,23.5421,23.6649,23.3425,23.4649,23.4649,5278848,1.275981,24.3259,25.6789,26.2519,1.39899,2022,1,2,1
2022-01-27,23.7895,24.0085,23.4886,23.7068,23.7068,4525451,1.030915,24.2822,25.6208,26.2544,1.414412,2022,1,3,1
2022-01-28,23.6151,23.6759,23.5239,23.5846,23.5846,4830238,-0.515691,24.2259,25.5626,26.2564,1.406299,2022,1,4,1
2022-01-31,23.6665,23.7641,23.4914,23.5887,23.5887,5202026,0.017574,24.1904,25.494,26.2583,1.364622,2022,1,0,1
2022-02-01,23.7361,23.9046,23.5833,23.7517,23.7517,11336335,0.690962,24.1594,25.4252,26.2624,1.373921,2022,2,1,1
2022-02-02,23.2837,23.3452,23.111,23.1723,23.1723,7445125,-2.439621,24.0872,25.3549,26.2642,1.440211,2022,2,2,1
2022-02-03,22.9781,23.0736,22.8817,22.9773,22.9773,26684954,-0.841457,23.9848,25.2673,26.2664,1.367842,2022,2,3,1
2022-02-04,23.2493,23.2922,23.201,23.2439,23.2439,18215484,1.160395,23.9,25.1769,26.27,1.412708,2022,2,4,1
2022-02-07,22.7701,22.869,22.6956,22.7943,22.7943,18118927,-1.934103,23.7991,25.0746,26.2681,1.456876,2022,2,0,1
2022-02-08,22.9542,23.1953,22.6511,22.8915,22.8915,8078029,0.426387,23.7215,24.9782,26.269,1.444864,2022,2,1,1
2022-02-09,22.3829,22.4979,22.3058,22.4207,22.4207,28182097,-2.056944,23.6375,24.8823,26.2701,1.478018,2022,2,2,1
2022-02-10,22.6702,22.7413,22.5111,22.582,22.582,8021862,0.719431,23.5673,24.7945,26.2692,1.496759,2022,2,3,1
2022-02-11,22.469,22.667,22.3736,22.5712,22.5712,7926419,-0.047788,23.4913,24.6993,26.2685,1.488417,2022,2,4,1
2022-02-14,21.9292,22.1552,21.8007,22.0261,22.0261,13243907,-2.415118,23.3731,24.5796,26.266,1.511511,2022,2,0,1
2022-02-15,22.4852,22.5888,22.3202,22.4236,22.4236,16510524,1.804697,23.2912,24.457,26.2635,1.580725,2022,2,1,1
2022-02-16,22.1734,22.2722,22.0826,22.1813,22.1813,14284387,-1.080456,23.1719,24.336,26.2606,1.477729,2022,2,2,1
2022-02-17,21.8816,21.9987,21.8045,21.9214,21.9214,7441896,-1.171547,23.0465,24.2216,26.2531,1.485346,2022,2,3,1
2022-02-18,22.0807,22.3694,21.7147,22.0024,22.0024,6237880,0.369239,22.9274,24.1096,26.2447,1.497223,2022,2,4,1
2022-02-21,22.3406,22.5123,22.2236,22.395,22.395,15863055,1.784703,22.8434,24.022,26.239,1.568871,2022,2,0,1
2022-02-22,22.0419,22.1434,21.9582,22.0596,22.0596,16024376,-1.497819,22.788,23.9268,26.2278,1.380216,2022,2,1,1
2022-02-23,22.2162,22.263,22.0461,22.0926,22.0926,6506887,0.149563,22.7194,23.835,26.2177,1.337594,2022,2,2,1
2022-02-24,22.3837,22.4665,22.1644,22.2467,22.2467,3514414,0.697518,22.6463,23.7517,26.2071,1.322224,2022,2,3,1
2022-02-25,22.6284,22.6978,22.418,22.487,22.487,8573925,1.080042,22.5915,23.6874,26.197,1.35679,2022,2,4,1
2022-02-28,22.5254,22.7305,22.346,22.5509,22.5509,12288783,0.284195,22.5396,23.6216,26.1849,1.360646,2022,2,0,1
2022-03-01,22.5403,22.8434,22.1283,22.4299,22.4299,26183346,-0.536417,22.4735,23.5588,26.1693,1.345183,2022,3,1,1
2022-03-02,22.073,22.4509,21.7804,22.1571,22.1571,4858714,-1.21608,22.4227,23.5007,26.1523,1.26723,2022,3,2,1
2022-03-03,22.1164,22.2898,22.024,22.197,22.197,6415777,0.179775,22.3837,23.466,26.1371,1.261265,2022,3,3,1
2022-03-04,21.645,22.0049,21.4921,21.8505,21.8505,8341736,-1.561008,22.314,23.4251,26.1194,1.257541,2022,3,4,1
2022-03-07,21.0505,21.2466,20.7158,20.9106,20.9106,34268361,-4.301384,22.2199,23.3532,26.0983,1.506167,2022,3,0,1
2022-03-08,21.0112,21.4264,20.67,21.084,21.084,9122754,0.829341,22.1295,23.2734,26.0743,1.520702,2022,3,1,1
2022-03-09,21.3922,21.5002,21.295,21.403,21.403,6025002,1.512856,22.0786,23.2044,26.0519,1.525391,2022,3,2,1
2022-03-10,20.5959,20.7326,20.5347,20.6712,20.6712,19106298,-3.419257,21.9831,23.1263,26.0266,1.665424,2022,3,3,1
2022-03-11,20.4563,20.6002,20.2561,20.3996,20.3996,7946539,-1.313874,21.8745,23.04,25.9997,1.67426,2022,3,4,1
2022-03-14,20.6052,20.7709,20.4706,20.6362,20.6362,4717385,1.159801,21.805,22.9668,25.9767,1.648669,2022,3,0,1
2022-03-15,21.2043,21.4531,21.0674,21.3155,21.3155,7666851,3.292079,21.7496,22.9056,25.959,1.777689,2022,3,1,1
2022-03-16,21.3889,21.4387,21.3014,21.3511,21.3511,23398645,0.167057,21.7081,22.8404,25.9394,1.768433,2022,3,2,1
2022-03-17,21.025,21.2479,20.924,21.1463,21.1463,12025764,-0.959367,21.6693,22.7628,25.92,1.762771,2022,3,3,1
2022-03-18,21.05,21.2089,20.9622,21.1208,21.1208,8740624,-0.120712,21.6252,22.6864,25.9025,1.758355,2022,3,4,1
2022-03-21,21.4076,21.9243,21.0758,21.5896,21.5896,9876553,2.219562,21.585,22.6219,25.8864,1.786514,2022,3,0,1
2022-03-22,21.2824,21.5308,21.1565,21.4043,21.4043,11183108,-0.858211,21.5522,22.5612,25.8672,1.76707,2022,3,1,1
2022-03-23,21.1905,21.3432,21.0228,21.1754,21.1754,11511145,-1.069448,21.5063,22.5027,25.8455,1.777703,2022,3,2,1
2022-03-24,20.8889,21.1182,20.8256,21.0544,21.0544,10628554,-0.571421,21.4467,22.444,25.8215,1.76672,2022,3,3,1
2022-03-25,20.665,20.8792,20.5744,20.7881,20.7881,10766136,-1.264588,21.3618,22.3779,25.7978,1.75083,2022,3,4,1
2022-03-28,20.8665,20.9842,20.7491,20.8667,20.8667,14488658,0.378172,21.2776,22.3075,25.7772,1.752824,2022,3,0,1
2022-03-29,21.3676,21.6438,21.1384,21.4141,21.4141,12258690,2.623259,21.2268,22.2545,25.7567,1.875394,2022,3,1,1
2022-03-30,21.7176,21.7614,21.5024,21.5459,21.5459,4993147,0.615308,21.1962,22.1941,25.7376,1.868623,2022,3,2,1
2022-03-31,21.6474,21.7444,21.3935,21.4898,21.4898,5829392,-0.26054,21.1609,22.1353,25.7188,1.86746,2022,3,3,1
2022-04-01,21.3479,21.6518,21.1193,21.4223,21.4223,2593730,-0.313863,21.1394,22.0761,25.6972,1.838288,2022,4,4,2
2022-04-04,20.9949,21.0812,20.862,20.9482,20.9482,39210077,-2.213248,21.1413,22.0135,25.6723,1.634028,2022,4,0,2
2022-04-05,21.3271,21.3987,21.192,21.2634,21.2634,17405032,1.504787,21.1503,21.9754,25.6482,1.658399,2022,4,1,2
2022-04-06,21.2192,21.4925,20.9973,21.2701,21.2701,4892257,0.031382,21.1436,21.9315,25.6202,1.622573,2022,4,2,2
2022-04-07,21.1168,21.5261,20.8364,21.2439,21.2439,6921627,-0.122921,21.1723,21.8823,25.5936,1.412829,2022,4,3,2
2022-04-08,22.2924,22.424,22.1619,22.2935,22.2935,10599560,4.940439,21.267,21.8565,25.5706,1.729363,2022,4,4,2
2022-04-11,22.3891,22.4456,22.3482,22.4046,22.4046,22188568,0.49861,21.3554,21.8328,25.5483,1.721561,2022,4,0,2
2022-04-12,22.1224,22.3263,21.9575,22.1611,22.1611,4162864,-1.087061,21.3977,21.801,25.5245,1.612878,2022,4,1,2
2022-04-13,22.0724,22.2576,21.8485,22.0334,22.0334,9561921,-0.576163,21.4318,21.7782,25.4972,1.622377,2022,4,2,2
2022-04-14,22.3623,22.526,22.2662,22.4296,22.4296,10143963,1.798322,21.496,21.7672,25.4713,1.638476,2022,4,3,2
2022-04-15,22.373,22.7186,22.132,22.4765,22.4765,13687062,0.20921,21.5637,21.7519,25.4448,1.635595,2022,4,4,2
2022-04-18,22.0093,22.0933,21.9158,21.9997,21.9997,10774054,-2.12142,21.5842,21.736,25.414,1.658688,2022,4,0,2
2022-04-19,22.3552,22.4251,22.251,22.3208,22.3208,3587096,1.459293,21.6301,21.7246,25.386,1.668627,2022,4,1,2
2022-04-20,22.0044,22.1491,21.9638,22.1084,22.1084,8202908,-0.951371,21.6767,21.7183,25.3591,1.664017,2022,4,2,2
2022-04-21,22.8298,23.043,22.5329,22.7453,22.7453,6964657,2.880813,21.7613,21.7216,25.3378,1.753297,2022,4,3,2
2022-04-22,22.9531,23.3088,22.7624,23.1168,23.1168,11088223,1.633264,21.8777,21.7325,25.3227,1.727927,2022,4,4,2
2022-04-25,22.9044,23.0661,22.796,22.9575,22.9575,21540248,-0.689219,21.9822,21.7511,25.303,1.74974,2022,4,0,2
2022-04-26,23.3735,23.4964,23.2748,23.3977,23.3977,3877354,1.917352,22.0814,21.7706,25.288,1.711202,2022,4,1,2
2022-04-27,23.3522,23.6296,23.135,23.4118,23.4118,5009328,0.060368,22.1747,21.7952,25.2737,1.713009,2022,4,2,2
2022-04-28,23.6478,23.8782,23.4713,23.7014,23.7014,7145194,1.236868,22.2853,21.8308,25.2616,1.713967,2022,4,3,2
2022-04-29,24.0366,24.2455,23.6508,23.8581,23.8581,7198635,0.661189,22.4071,21.8679,25.2499,1.70329,2022,4,4,2
2022-05-02,23.4565,23.6182,23.3752,23.5366,23.5366,15878972,-1.347254,22.5365,21.8908,25.2352,1.639049,2022,5,0,2
2022-05-03,23.5249,23.7313,23.0929,23.2974,23.2974,8689490,-1.016489,22.6382,21.9155,25.2179,1.662333,2022,5,1,2
2022-05-04,23.6915,23.743,23.5987,23.6501,23.6501,13329515,1.514096,22.7572,21.9467,25.2038,1.674723,2022,5,2,2
2022-05-05,23.5259,23.7762,23.267,23.5172,23.5172,6117065,-0.562077,22.8709,21.9721,25.1895,1.686776,2022,5,3,2
2022-05-06,23.4079,23.5502,23.2213,23.3634,23.3634,10392700,-0.654118,22.9244,21.9896,25.1742,1.344878,2022,5,4,2
2022-05-09,23.2535,23.3612,22.9139,23.0205,23.0205,16557779,-1.467566,22.9552,21.999,25.158,1.396112,2022,5,0,2
2022-05-10,23.0735,23.2849,22.9546,23.1656,23.1656,5801109,0.630095,23.0054,22.0137,25.1395,1.368897,2022,5,1,2
2022-05-11,23.7712,23.9241,23.7255,23.8782,23.8782,20416007,3.076301,23.0976,22.0481,25.1238,1.493542,2022,5,2,2
2022-05-12,23.4067,23.6938,23.1912,23.4776,23.4776,11072578,-1.677655,23.15,22.0738,25.105,1.525795,2022,5,3,2
2022-05-13,23.479,23.5398,23.4152,23.476,23.476,15000699,-0.0069,23.2,22.1063,25.0852,1.526786,2022,5,4,2
2022-05-16,23.798,24.2591,23.5042,23.9634,23.9634,9973142,2.076147,23.2982,22.1673,25.0657,1.47432,2022,5,0,2
2022-05-17,23.9173,24.017,23.8155,23.9152,23.9152,10461604,-0.201169,23.3779,22.2239,25.0461,1.460508,2022,5,1,2
2022-05-18,24.2219,24.2722,24.009,24.0589,24.0589,8740316,0.601015,23.4754,22.2771,25.0302,1.428287,2022,5,2,2
2022-05-19,23.6685,23.8333,23.4895,23.6542,23.6542,10135462,-1.682322,23.5209,22.3367,25.0118,1.38039,2022,5,3,2
2022-05-20,23.7651,23.8598,23.6983,23.7929,23.7929,10434773,0.586734,23.5547,22.4046,24.9959,1.342725,2022,5,4,2
2022-05-23,23.6518,23.7769,23.5854,23.7104,23.7104,11808601,-0.346886,23.5923,22.4661,24.9809,1.333577,2022,5,0,2
2022-05-24,24.1334,24.3033,23.8777,24.047,24.047,4837986,1.419457,23.6248,22.5207,24.9666,1.303548,2022,5,1,2
2022-05-25,24.3738,24.526,24.3026,24.4546,24.4546,25212166,1.695073,23.6769,22.5828,24.9523,1.34844,2022,5,2,2
2022-05-26,25.5631,25.7362,25.2039,25.3757,25.3757,4524240,3.766728,23.7606,22.6674,24.9428,1.551548,2022,5,3,2
2022-05-27,25.7468,25.8965,25.4007,25.5492,25.5492,6024990,0.683783,23.8452,22.7559,24.934,1.551792,2022,5,4,2
2022-05-30,25.65,25.8716,25.4024,25.6237,25.6237,7999601,0.291542,23.9496,22.8366,24.9224,1.499602,2022,5,0,2
2022-05-31,25.6455,25.7041,25.588,25.6466,25.6466,10428823,0.089461,24.067,22.9215,24.9108,1.46316,2022,5,1,2
2022-06-01,25.5636,25.7185,25.3043,25.4586,25.4586,23639617,-0.733194,24.1574,23.0071,24.8932,1.466789,2022,6,2,2
2022-06-02,25.6514,25.8204,25.3712,25.5395,25.5395,2789618,0.317831,24.2586,23.0968,24.8753,1.450172,2022,6,3,2
2022-06-03,25.2946,25.4571,25.2143,25.3765,25.3765,6657368,-0.638453,24.3592,23.1886,24.861,1.449563,2022,6,4,2
2022-06-06,25.3407,25.5325,25.2027,25.3942,25.3942,2264130,0.069778,24.4779,23.2791,24.8457,1.383221,2022,6,0,2
2022-06-07,25.7126,25.9321,25.6303,25.8494,25.8494,11024692,1.792497,24.6121,23.3678,24.8323,1.413036,2022,6,1,2
2022-06-08,25.4449,25.498,25.3503,25.4033,25.4033,12722881,-1.725418,24.6883,23.445,24.8144,1.370086,2022,6,2,2
2022-06-09,25.8597,25.9675,25.6834,25.791,25.791,27024069,1.525823,24.804,23.531,24.7975,1.310341,2022,6,3,2
2022-06-10,26.1044,26.33,26.0209,26.2461,26.2461,11583280,1.764661,24.9425,23.6275,24.7837,1.335399,2022,6,4,2
2022-06-13,26.0887,26.4337,25.7918,26.1363,26.1363,16224608,-0.418322,25.0512,23.7313,24.7726,1.303195,2022,6,0,2
2022-06-14,25.1073,25.4247,24.927,25.2434,25.2434,19389602,-3.416341,25.1176,23.8109,24.7579,1.559863,2022,6,1,2
2022-06-15,24.8803,25.1265,24.7246,24.9701,24.9701,7509888,-1.082527,25.1631,23.8849,24.7441,1.586942,2022,6,2,2
2022-06-16,25.4744,25.5364,25.3565,25.4183,25.4183,4646644,1.795001,25.2513,23.9683,24.7342,1.560356,2022,6,3,2
2022-06-17,25.2887,25.4726,25.1796,25.3631,25.3631,9845771,-0.217126,25.3298,24.0297,24.7232,1.564877,2022,6,4,2
2022-06-20,24.9078,25.1453,24.7005,24.9378,24.9378,4382778,-1.67698,25.3912,24.0804,24.707,1.622437,2022,6,0,2
2022-06-21,24.5516,24.885,24.3801,24.7124,24.7124,20575976,-0.903828,25.4245,24.1314,24.6893,1.618609,2022,6,1,2
2022-06-22,25.0107,25.2985,24.7045,24.992,24.992,8882933,1.131456,25.4514,24.1906,24.676,1.595009,2022,6,2,2
2022-06-23,25.155,25.217,25.0975,25.1595,25.1595,18569298,0.669984,25.4405,24.2452,24.663,1.354649,2022,6,3,2
2022-06-24,24.9555,25.1454,24.8389,25.0285,25.0285,6624960,-0.520543,25.4145,24.2962,24.6473,1.347813,2022,6,4,2
2022-06-27,24.834,25.0129,24.6741,24.8528,24.8528,10729372,-0.701911,25.376,24.3533,24.6325,1.351149,2022,6,0,2
2022-06-28,24.6902,24.7427,24.6199,24.6724,24.6724,10397336,-0.725959,25.3273,24.4003,24.6175,1.35603,2022,6,1,2
2022-06-29,24.2211,24.3865,24.1352,24.3003,24.3003,10171159,-1.508035,25.2693,24.4442,24.6011,1.38332,2022,6,2,2
2022-06-30,24.7191,25.1606,24.4263,24.866,24.866,8978308,2.327655,25.2357,24.4866,24.5895,1.493336,2022,6,3,2
2022-07-01,24.8898,25.1152,24.4875,24.7113,24.7113,11391229,-0.621927,25.2024,24.5185,24.5761,1.49304,2022,7,4,3
2022-07-04,25.0677,25.3164,24.8831,25.1314,25.1314,6123504,1.699806,25.1893,24.562,24.5656,1.54756,2022,7,0,3
2022-07-05,25.6555,25.8315,25.4894,25.6654,25.6654,5483410,2.125003,25.1801,24.6073,24.5572,1.569914,2022,7,1,3
2022-07-06,26.1048,26.2494,25.8556,25.9997,25.9997,21199412,1.302423,25.2099,24.6591,24.5527,1.542964,2022,7,2,3
2022-07-07,26.1385,26.2111,25.7031,25.7747,25.7747,14536506,-0.865406,25.2091,24.7005,24.5483,1.521396,2022,7,3,3
2022-07-08,25.7498,25.9821,25.6469,25.8787,25.8787,8991471,0.403453,25.1907,24.7409,24.5433,1.468184,2022,7,4,3
2022-07-11,25.8617,25.9313,25.7458,25.8153,25.8153,22792858,-0.244834,25.1747,24.7865,24.5391,1.466469,2022,7,0,3
2022-07-12,25.3408,25.6426,25.1116,25.4127,25.4127,8971075,-1.559421,25.1831,24.8288,24.5298,1.29044,2022,7,1,3
2022-07-13,25.4369,25.6118,25.3172,25.4919,25.4919,18789528,0.311404,25.2092,24.8657,24.522,1.263917,2022,7,2,3
2022-07-14,24.923,25.101,24.8173,24.995,24.995,12422599,-1.94908,25.188,24.8952,24.5118,1.278558,2022,7,3,3
2022-07-15,25.2899,25.5025,25.1921,25.4043,25.4043,5719599,1.637452,25.1901,24.936,24.502,1.333855,2022,7,4,3
2022-07-18,25.1791,25.408,24.9544,25.1833,25.1833,28502487,-0.870053,25.2024,24.9793,24.4944,1.291464,2022,7,0,3
2022-07-19,25.071,25.2904,25.0008,25.2198,25.2198,14915501,0.14493,25.2278,25.0204,24.4909,1.271541,2022,7,1,3
2022-07-20,25.3825,25.5752,25.0948,25.2868,25.2868,7834040,0.265737,25.2425,25.0485,24.491,1.249458,2022,7,2,3
2022-07-21,25.1527,25.3823,24.9175,25.1471,25.1471,13750062,-0.552149,25.2419,25.0819,24.4882,1.24825,2022,7,3,3
2022-07-22,25.3727,25.5469,25.156,25.3299,25.3299,7185101,0.726727,25.2569,25.119,24.4876,1.251768,2022,7,4,3
2022-07-25,25.0606,25.1679,25.0003,25.1075,25.1075,15487875,-0.878149,25.2697,25.1419,24.4812,1.258072,2022,7,0,3
2022-07-26,25.3608,25.5639,25.1953,25.3981,25.3981,2341761,1.157686,25.306,25.1716,24.4777,1.266734,2022,7,1,3
2022-07-27,24.8707,25.0101,24.7029,24.8421,24.8421,6280722,-2.189129,25.333,25.1872,24.4714,1.321693,2022,7,2,3
2022-07-28,24.7415,24.9525,24.6466,24.8572,24.8572,14571202,0.06065,25.3326,25.2113,24.4624,1.21519,2022,7,3,3
2022-07-29,25.5113,25.7613,25.2982,25.5479,25.5479,10610943,2.778627,25.3744,25.2464,24.4532,1.352913,2022,7,4,3
2022-08-01,25.0323,25.2814,24.8702,25.1187,25.1187,12157344,-1.679989,25.3738,25.2745,24.438,1.363506,2022,8,0,3
2022-08-02,24.7377,24.9546,24.6096,24.8261,24.8261,4406137,-1.164719,25.3318,25.2901,24.4193,1.290961,2022,8,1,3
2022-08-03,24.7754,25.188,24.5753,24.9862,24.9862,27350610,0.644871,25.2812,25.3008,24.3998,1.259802,2022,8,2,3
2022-08-04,25.1532,25.3913,24.7822,25.0191,25.0191,16772098,0.131659,25.2434,25.2936,24.3797,1.251413,2022,8,3,3
2022-08-05,25.0467,25.2369,24.9259,25.1157,25.1157,7637972,0.386068,25.2052,25.285,24.359,1.251021,2022,8,4,3
2022-08-08,25.3809,25.5157,25.1291,25.2633,25.2633,7008484,0.5876,25.1776,25.2777,24.3409,1.261228,2022,8,0,3
2022-08-09,25.5731,25.6433,25.3943,25.4642,25.4642,17179887,0.795355,25.1802,25.2741,24.3262,1.227319,2022,8,1,3
2022-08-10,25.7116,25.9487,25.608,25.8445,25.8445,34018546,1.493557,25.1978,25.2818,24.3138,1.269956,2022,8,2,3
2022-08-11,25.8394,26.0046,25.7873,25.9523,25.9523,15355898,0.417096,25.2457,25.2901,24.3029,1.178237,2022,8,3,3
2022-08-12,26.0696,26.3349,25.5426,25.8053,25.8053,32801467,-0.566731,25.2658,25.2986,24.2928,1.138602,2022,8,4,3
2022-08-15,26.1978,26.3072,25.907,26.0156,26.0156,5343670,0.815076,25.3074,25.3111,24.2827,1.126535,2022,8,0,3
2022-08-16,26.6995,26.8001,26.6023,26.7029,26.7029,7411668,2.641709,25.3815,25.3281,24.2745,1.254798,2022,8,1,3
2022-08-17,26.6093,26.7095,26.4818,26.5819,26.5819,4276638,-0.452916,25.4463,25.3517,24.2661,1.265878,2022,8,2,3
2022-08-18,26.0621,26.3012,25.8893,26.128,26.128,14051173,-1.707547,25.4953,25.3585,24.2528,1.329542,2022,8,3,3
2022-08-19,26.5516,26.7431,26.3146,26.5057,26.5057,11422267,1.445616,25.5541,25.3637,24.2445,1.354028,2022,8,4,3
2022-08-22,26.3186,26.5848,26.1288,26.3943,26.3943,7919231,-0.420207,25.6185,25.3688,24.2365,1.337976,2022,8,0,3
2022-08-23,25.2659,25.5377,25.2016,25.4729,25.4729,22405823,-3.490942,25.6222,25.3734,24.2259,1.559094,2022,8,1,3
2022-08-24,25.6179,25.842,25.5304,25.754,25.754,20415135,1.103429,25.6678,25.3891,24.2211,1.484921,2022,8,2,3
2022-08-25,25.5011,25.5494,25.4506,25.4989,25.4989,3843638,-0.990416,25.6999,25.3907,24.2155,1.508191,2022,8,3,3
2022-08-26,25.3062,25.4801,25.2476,25.4212,25.4212,5933478,-0.304813,25.6935,25.3919,24.2102,1.375886,2022,8,4,3
2022-08-29,25.4996,25.7018,25.3043,25.5065,25.5065,13960651,0.335396,25.7129,25.4032,24.2026,1.320266,2022,8,0,3
2022-08-30,25.4266,25.7143,25.2494,25.5364,25.5364,6183985,0.117313,25.7484,25.4197,24.1943,1.287105,2022,8,1,3
2022-08-31,25.684,25.9053,25.5438,25.7647,25.7647,5833684,0.893874,25.7874,25.4352,24.1897,1.293342,2022,8,2,3
2022-09-01,25.6356,25.8092,25.3753,25.5484,25.5484,17235684,-0.839468,25.8138,25.4429,24.1807,1.312608,2022,9,3,3
2022-09-02,25.7269,25.8467,25.5817,25.7014,25.7014,4129943,0.599054,25.8431,25.4564,24.1704,1.3158,2022,9,4,3
2022-09-05,25.5539,25.7114,25.3975,25.5549,25.5549,7441219,-0.569987,25.8577,25.4704,24.1586,1.31977,2022,9,0,3
2022-09-06,25.8854,26.1431,25.5379,25.7947,25.7947,11555204,0.938257,25.8742,25.4929,24.149,1.324307,2022,9,1,3
2022-09-07,26.0346,26.1317,25.8878,25.9846,25.9846,6498668,0.736358,25.8812,25.5266,24.1429,1.291983,2022,9,2,3
2022-09-08,25.7161,25.8465,25.4385,25.5681,25.5681,16968218,-1.602832,25.862,25.5406,24.1358,1.33865,2022,9,3,3
2022-09-09,25.8934,26.1315,25.7034,25.9412,25.9412,7322002,1.458904,25.8688,25.5652,24.1289,1.374909,2022,9,4,3
2022-09-12,25.6377,25.8211,25.4987,25.6819,25.6819,22388167,-0.999504,25.8521,25.5762,24.1172,1.380603,2022,9,0,3
2022-09-13,25.8127,26.0192,25.7415,25.9477,25.9477,8938582,1.035023,25.8144,25.5819,24.1042,1.256575,2022,9,1,3
2022-09-14,25.9952,26.1459,25.8894,26.0399,26.0399,12815412,0.355468,25.7873,25.5827,24.0933,1.258836,2022,9,2,3
2022-09-15,26.8085,26.9398,26.5746,26.7054,26.7054,18754889,2.555694,25.8161,25.6013,24.0886,1.33039,2022,9,3,3
2022-09-16,26.6882,26.9491,26.2907,26.5502,26.5502,6131967,-0.581331,25.8184,25.6147,24.0833,1.300792,2022,9,4,3
2022-09-19,26.4499,26.5614,26.2376,26.3487,26.3487,2690403,-0.759047,25.8161,25.6254,24.0812,1.308959,2022,9,0,3
2022-09-20,26.094,26.5903,25.7886,26.2827,26.2827,10432094,-0.250431,25.8566,25.6428,24.0785,1.023621,2022,9,1,3
2022-09-21,26.2193,26.3065,26.0195,26.1062,26.1062,9483949,-0.671335,25.8742,25.6551,24.0756,1.014559,2022,9,2,3
2022-09-22,26.1723,26.5327,26.0069,26.3662,26.3662,13368469,0.995674,25.9175,25.6825,24.0754,1.002137,2022,9,3,3
2022-09-23,25.7607,25.8308,25.5986,25.6685,25.6685,10779545,-2.646138,25.9299,25.6878,24.0752,1.181486,2022,9,4,3
2022-09-26,25.1814,25.4997,24.9006,25.2185,25.2185,8384283,-1.753027,25.9155,25.6885,24.0721,1.245935,2022,9,0,3
2022-09-27,24.849,25.016,24.6128,24.7794,24.7794,36158424,-1.741317,25.8777,25.6797,24.0681,1.300949,2022,9,1,3
2022-09-28,24.9724,25.2302,24.8491,25.1062,25.1062,4168045,1.319105,25.8447,25.6761,24.0684,1.322078,2022,9,2,3
2022-09-29,25.8381,25.888,25.668,25.7176,25.7176,18334450,2.435194,25.8532,25.6875,24.0773,1.427031,2022,9,3,3
2022-09-30,25.4821,25.6843,25.4305,25.6323,25.6323,6044165,-0.331562,25.8497,25.6935,24.086,1.423102,2022,9,4,3
2022-10-03,25.4561,25.7642,25.217,25.5244,25.5244,7093543,-0.421215,25.8482,25.7019,24.0911,1.420373,2022,10,0,4
2022-10-04,25.4085,25.6714,25.2481,25.5104,25.5104,6686569,-0.054876,25.834,25.7041,24.0933,1.403234,2022,10,1,4
2022-10-05,25.7326,26.0309,25.6171,25.9145,25.9145,6480836,1.584153,25.8305,25.7255,24.0986,1.440426,2022,10,2,4
2022-10-06,25.5152,25.8105,25.2103,25.5055,25.5055,14884621,-1.578134,25.8274,25.7385,24.1032,1.438993,2022,10,3,4
2022-10-07,25.7411,25.7933,25.5047,25.5565,25.5565,19162068,0.199797,25.8081,25.7387,24.1074,1.398673,2022,10,4,4
2022-10-10,26.1655,26.2438,25.8117,25.8893,25.8893,13333122,1.302203,25.8185,25.7541,24.1154,1.412394,2022,10,0,4
2022-10-11,26.0464,26.3024,25.7803,26.0363,26.0363,9472900,0.567678,25.8229,25.7783,24.1237,1.399037,2022,10,1,4
2022-10-12,26.1762,26.2741,25.9623,26.0598,26.0598,4506342,0.090432,25.8239,25.7998,24.1309,1.397009,2022,10,2,4
2022-10-13,26.4247,26.5631,26.262,26.4002,26.4002,13721563,1.30627,25.8087,25.8274,24.1378,1.302032,2022,10,3,4
2022-10-14,25.3225,25.3957,25.1991,25.2721,25.2721,55218478,-4.273148,25.7448,25.8305,24.1395,1.607321,2022,10,4,4
2022-10-17,25.4593,25.5798,25.3739,25.4942,25.4942,7475655,0.878892,25.702,25.8351,24.1429,1.620831,2022,10,0,4
2022-10-18,25.2245,25.3415,25.0879,25.2049,25.2049,7850218,-1.134978,25.6481,25.83,24.1467,1.635656,2022,10,1,4
2022-10-19,24.532,24.6563,24.3554,24.4794,24.4794,9099654,-2.878338,25.5668,25.8027,24.1486,1.74048,2022,10,2,4
2022-10-20,24.5913,24.729,24.5107,24.6483,24.6483,6781807,0.690056,25.4809,25.7766,24.1519,1.729752,2022,10,3,4
2022-10-21,25.1263,25.2788,24.9816,25.1341,25.1341,2136312,1.970848,25.4542,25.7632,24.1571,1.711233,2022,10,4,4
2022-10-24,25.0448,25.129,24.9665,25.0507,25.0507,10880114,-0.331885,25.4458,25.7439,24.1604,1.667539,2022,10,0,4
2022-10-25,25.4627,25.6547,25.1875,25.3789,25.3789,6062603,1.310126,25.4758,25.7174,24.167,1.641149,2022,10,1,4
2022-10-26,25.8456,26.0773,25.725,25.9563,25.9563,4398810,2.275189,25.5183,25.7049,24.1739,1.690707,2022,10,2,4
2022-10-27,26.4149,26.734,26.1014,26.4204,26.4204,16987068,1.788113,25.5534,25.7107,24.1839,1.651012,2022,10,3,4
2022-10-28,27.2199,27.3376,26.8965,27.0133,27.0133,6014375,2.24406,25.6225,25.7209,24.197,1.710999,2022,10,4,4
2022-10-31,27.3722,27.4257,27.192,27.2453,27.2453,7640944,0.858938,25.7085,25.7379,24.2129,1.707455,2022,10,0,4
2022-11-01,27.3497,27.4872,27.0661,27.2029,27.2029,19886093,-0.155708,25.7931,25.7725,24.233,1.708833,2022,11,1,4
2022-11-02,26.4795,26.5555,26.4009,26.4769,26.4769,5318213,-2.668846,25.8213,25.7869,24.2481,1.8071,2022,11,2,4
2022-11-03,26.3552,26.6231,26.0539,26.3214,26.3214,3566334,-0.587172,25.8621,25.8034,24.2612,1.77123,2022,11,3,4
2022-11-04,26.0379,26.153,25.8193,25.9339,25.9339,12212853,-1.472153,25.8809,25.8136,24.2729,1.808934,2022,11,4,4
2022-11-07,26.8987,27.0881,26.5436,26.7318,26.7318,25463566,3.076741,25.9231,25.8381,24.2886,1.912147,2022,11,0,4
2022-11-08,26.3912,26.664,26.3265,26.5988,26.5988,3421766,-0.497571,25.9512,25.8594,24.3029,1.915547,2022,11,1,4
2022-11-09,26.4483,26.763,26.2745,26.5882,26.5882,10298454,-0.039835,25.9776,25.8759,24.32,1.915891,2022,11,2,4
2022-11-10,26.8888,27.0206,26.6176,26.7487,26.7487,12696917,0.603562,25.995,25.8999,24.3388,1.899324,2022,11,3,4
2022-11-11,26.674,27.0557,26.3224,26.7036,26.7036,2404096,-0.168653,26.0666,25.9199,24.3561,1.602423,2022,11,4,4
2022-11-14,27.2477,27.6381,26.9315,27.3211,27.3211,18755561,2.312303,26.1579,25.9552,24.3787,1.661216,2022,11,0,4
2022-11-15,26.8567,27.079,26.7703,26.9921,26.9921,16836024,-1.203983,26.2473,25.9792,24.3992,1.664552,2022,11,1,4
2022-11-16,26.9439,27.1531,26.7949,27.0038,27.0038,6692442,0.043248,26.3735,25.9996,24.4222,1.484168,2022,11,2,4
2022-11-17,26.4864,26.7038,26.4187,26.6358,26.6358,21646521,-1.362862,26.4729,26.0209,24.4424,1.540428,2022,11,3,4
2022-11-18,26.2664,26.3359,25.9796,26.0485,26.0485,22953949,-2.204731,26.5186,26.0231,24.4598,1.598164,2022,11,4,4
2022-11-21,25.7593,25.8904,25.6305,25.7616,25.7616,10406377,-1.101508,26.5542,26.0247,24.4785,1.620525,2022,11,0,4
2022-11-22,25.6993,25.7759,25.6286,25.7052,25.7052,6369468,-0.218905,26.5705,26.0198,24.4949,1.598959,2022,11,1,4
2022-11-23,25.5588,25.6793,25.3786,25.4988,25.4988,5185160,-0.802997,26.5476,26.009,24.5115,1.52245,2022,11,2,4
2022-11-24,25.2943,25.3889,25.103,25.1973,25.1973,9693670,-1.182493,26.4864,25.9788,24.5279,1.474987,2022,11,3,4
2022-11-25,24.7284,24.8543,24.5097,24.6352,24.6352,16399150,-2.230843,26.3675,25.9405,24.541,1.418845,2022,11,4,4
2022-11-28,24.6909,24.9052,24.372,24.5853,24.5853,6852926,-0.202293,26.2345,25.9053,24.552,1.386792,2022,11,0,4
2022-11-29,23.9518,24.0724,23.8919,24.0124,24.0124,3161693,-2.330528,26.075,25.8599,24.5617,1.442264,2022,11,1,4
2022-11-30,24.2507,24.3915,24.1389,24.2796,24.2796,20897465,1.112903,25.9652,25.8233,24.5727,1.405849,2022,11,2,4
2022-12-01,24.3726,24.4767,24.194,24.2978,24.2978,9101728,0.075058,25.864,25.782,24.5829,1.409569,2022,12,3,4
2022-12-02,23.7044,23.8907,23.5684,23.7545,23.7545,9284574,-2.236099,25.755,25.7437,24.5893,1.450209,2022,12,4,4
2022-12-05,23.6428,23.7227,23.5635,23.6433,23.6433,14638112,-0.468079,25.6006,25.7122,24.5947,1.193167,2022,12,0,4
2022-12-06,23.4151,23.5172,23.276,23.3778,23.3778,24505283,-1.122814,25.4395,25.6841,24.5995,1.198378,2022,12,1,4
2022-12-07,23.5702,23.7076,23.3594,23.4964,23.4964,1639610,0.50726,25.2849,25.6519,24.6062,1.218784,2022,12,2,4
2022-12-08,23.8028,24.1726,23.6048,23.9732,23.9732,14510639,2.02924,25.1462,25.6171,24.6151,1.330057,2022,12,3,4
2022-12-09,23.3604,23.5035,23.1512,23.2938,23.2938,5381617,-2.834044,24.9757,25.5703,24.6223,1.421508,2022,12,4,4
2022-12-12,23.3209,23.4928,23.171,23.3427,23.3427,11245219,0.209884,24.7768,25.5267,24.6344,1.257555,2022,12,0,4
2022-12-13,23.3603,23.5235,23.1317,23.2944,23.2944,8996276,-0.206816,24.5919,25.4823,24.6455,1.259469,2022,12,1,4
2022-12-14,23.611,23.7603,23.3889,23.5378,23.5378,14138017,1.044913,24.4186,25.4348,24.6562,1.310563,2022,12,2,4
2022-12-15,23.769,23.8674,23.5194,23.6171,23.6171,6327421,0.336926,24.2676,25.397,24.6709,1.318785,2022,12,3,4
2022-12-16,23.4797,23.6428,23.1911,23.3533,23.3533,3187512,-1.117294,24.1329,25.353,24.6857,1.27029,2022,12,4,4
2022-12-19,23.3747,23.5155,23.1095,23.2495,23.2495,6650643,-0.444287,24.0073,25.3002,24.6987,1.263398,2022,12,0,4
2022-12-20,23.1148,23.1951,22.9022,22.9821,22.9821,12588669,-1.150361,23.8711,25.2391,24.7071,1.269486,2022,12,1,4
2022-12-21,23.3958,23.452,23.3125,23.3686,23.3686,19578891,1.681782,23.7646,25.1853,24.7171,1.361725,2022,12,2,4
2022-12-22,23.387,23.5241,23.2468,23.384,23.384,4012509,0.065844,23.6739,25.1249,24.7283,1.353831,2022,12,3,4
2022-12-23,24.1425,24.1993,24.0019,24.0585,24.0585,23123382,2.884628,23.6451,25.1007,24.743,1.46151,2022,12,4,4
2022-12-26,24.1014,24.1893,23.9433,24.031,24.031,5547446,-0.114256,23.6174,25.0714,24.7552,1.461344,2022,12,0,4
2022-12-27,23.7413,23.8752,23.6369,23.7707,23.7707,12121396,-1.083318,23.6053,25.0427,24.7671,1.38599,2022,12,1,4
2022-12-28,23.2689,23.4086,23.0917,23.2312,23.2312,8627459,-2.269303,23.5529,25.0178,24.7773,1.4429,2022,12,2,4
2022-12-29,22.6109,22.7273,22.4977,22.6141,22.6141,13795015,-2.656665,23.4687,24.9771,24.7851,1.540438,2022,12,3,4
2022-12-30,22.0248,22.1465,21.9787,22.1003,22.1003,20013189,-2.271949,23.386,24.9164,24.7917,1.54277,2022,12,4,4
2023-01-02,22.3375,22.4912,22.0699,22.2228,22.2228,4253920,0.554434,23.315,24.8598,24.7985,1.555504,2023,1,0,1
2023-01-03,22.4289,22.7382,22.1147,22.4239,22.4239,6274314,0.904882,23.2673,24.8007,24.8035,1.564954,2023,1,1,1
2023-01-04,22.0992,22.1602,21.859,21.9195,21.9195,13052716,-2.249272,23.1884,24.72,24.8054,1.62013,2023,1,2,1
2023-01-05,22.1067,22.3564,22.0023,22.2514,22.2514,43877894,1.513836,23.1023,24.6366,24.8092,1.584259,2023,1,3,1
2023-01-06,22.0718,22.1887,22.0043,22.121,22.121,5327749,-0.585766,23.0437,24.5388,24.8127,1.475504,2023,1,4,1
2023-01-09,22.2061,22.4538,21.9554,22.2032,22.2032,29221818,0.371395,22.9867,24.4379,24.819,1.478578,2023,1,0,1
2023-01-10,22.8755,22.9552,22.6926,22.7719,22.7719,39934114,2.561502,22.9606,24.3493,24.8265,1.605897,2023,1,1,1
2023-01-11,23.1356,23.4236,22.8111,23.0986,23.0986,9681176,1.434832,22.9386,24.2818,24.8357,1.62282,2023,1,2,1
2023-01-12,23.048,23.2411,22.8267,23.0195,23.0195,7149857,-0.342852,22.9088,24.2157,24.8445,1.62071,2023,1,3,1
2023-01-13,22.6247,22.8865,22.466,22.7271,22.7271,6640020,-1.269829,22.8774,24.1516,24.8467,1.626022,2023,1,4,1
2023-01-16,21.9129,22.1871,21.7414,22.0148,22.0148,12648959,-3.134396,22.8157,24.0572,24.8448,1.759743,2023,1,0,1
2023-01-17,21.8409,21.9794,21.6745,21.8127,21.8127,4077003,-0.917742,22.7572,23.9615,24.843,1.754293,2023,1,1,1
2023-01-18,21.6643,21.9165,21.5316,21.7831,21.7831,7850091,-0.135767,22.678,23.8654,24.8418,1.695249,2023,1,2,1
2023-01-19,21.4549,21.6562,21.2996,21.5006,21.5006,24801397,-1.296951,22.5838,23.7605,24.8371,1.705563,2023,1,3,1
2023-01-20,21.547,21.6221,21.4291,21.504,21.504,5561653,0.015552,22.4561,23.6565,24.8323,1.525448,2023,1,4,1
2023-01-23,21.4895,21.7006,21.3638,21.5743,21.5743,7375646,0.327142,22.3332,23.5415,24.8301,1.535224,2023,1,0,1
2023-01-24,21.684,21.7337,21.4963,21.5457,21.5457,2959401,-0.132709,22.222,23.4326,24.8263,1.53179,2023,1,1,1
2023-01-25,21.485,21.5734,21.2923,21.3803,21.3803,11561972,-0.767575,22.1294,23.3201,24.8226,1.475171,2023,1,2,1
2023-01-26,21.3473,21.7047,21.1264,21.4824,21.4824,10266749,0.477408,22.0729,23.2171,24.8163,1.387104,2023,1,3,1
2023-01-27,21.5899,21.9417,21.3199,21.6707,21.6707,9756381,0.876692,22.0514,23.1295,24.8091,1.322375,2023,1,4,1
2023-01-30,21.1631,21.4201,21.102,21.3584,21.3584,9078438,-1.441285,22.0082,23.0414,24.8011,1.346288,2023,1,0,1
2023-01-31,21.7903,21.957,21.6924,21.8587,21.8587,9783804,2.342724,21.9799,22.9645,24.7934,1.442742,2023,1,1,1
2023-02-01,21.9318,22.0295,21.7673,21.8647,21.8647,10870429,0.027405,21.9772,22.8918,24.7856,1.35271,2023,2,2,1
2023-02-02,21.8728,22.0217,21.7604,21.9091,21.9091,8181283,0.202891,21.96,22.8261,24.7767,1.306264,2023,2,3,1
2023-02-03,22.22,22.3851,22.0143,22.1791,22.1791,12017301,1.23246,21.9629,22.7769,24.7683,1.331461,2023,2,4,1
2023-02-06,22.1528,22.3578,22.0839,22.2885,22.2885,9995001,0.49332,21.9672,22.731,24.762,1.333425,2023,2,0,1
2023-02-07,22.7091,22.7871,22.5591,22.6368,22.6368,20527744,1.562604,21.9605,22.7035,24.7587,1.249593,2023,2,1,1
2023-02-08,22.7064,22.8525,22.611,22.7569,22.7569,13276655,0.530697,21.9434,22.673,24.7543,1.209826,2023,2,2,1
2023-02-09,22.5692,22.7568,22.3805,22.5681,22.5681,10484460,-0.829803,21.9208,22.6384,24.7495,1.220511,2023,2,3,1
2023-02-10,22.706,22.7797,22.6408,22.7145,22.7145,22459399,0.648514,21.9202,22.6176,24.7463,1.198241,2023,2,4,1
2023-02-13,22.2321,22.4452,22.1332,22.3458,22.3458,13691379,-1.62312,21.9367,22.5917,24.7429,1.02504,2023,2,0,1
2023-02-14,22.3072,22.524,22.1942,22.4105,22.4105,18515268,0.289759,21.9666,22.5723,24.7391,0.998419,2023,2,1,1
2023-02-15,22.5132,22.763,22.1776,22.4264,22.4264,11677558,0.070856,21.9988,22.5509,24.7319,0.996482,2023,2,2,1
2023-02-16,22.4188,22.5411,22.261,22.3831,22.3831,2751771,-0.193049,22.0429,22.5191,24.7264,0.941134,2023,2,3,1
2023-02-17,22.4615,22.5966,22.233,22.3675,22.3675,17746470,-0.069654,22.0861,22.5006,24.7209,0.942231,2023,2,4,1
2023-02-20,21.7922,21.8419,21.7144,21.764,21.764,13487864,-2.698362,22.0956,22.469,24.7099,1.142539,2023,2,0,1
2023-02-21,21.6371,21.726,21.5359,21.6247,21.6247,8753173,-0.639838,22.0995,22.4356,24.6984,1.152392,2023,2,1,1
2023-02-22,21.5477,21.8924,21.3541,21.6975,21.6975,10106423,0.3365,22.1154,22.3988,24.6866,1.138809,2023,2,2,1
2023-02-23,21.7671,21.8817,21.6762,21.7907,21.7907,7060639,0.429573,22.1308,22.3623,24.6773,1.13798,2023,2,3,1
2023-02-24,21.4917,21.5841,21.4017,21.4941,21.4941,11697570,-1.361166,22.122,22.3251,24.6658,1.164957,2023,2,4,1
2023-02-27,22.1188,22.2807,21.7867,21.9473,21.9473,7925309,2.108766,22.1514,22.2991,24.657,1.208945,2023,2,0,1
2023-02-28,21.7579,21.828,21.6283,21.6983,21.6983,21129321,-1.134778,22.1434,22.2734,24.6452,1.122944,2023,2,1,1
2023-03-01,22.1904,22.3654,21.881,22.0549,22.0549,9889490,1.643438,22.1529,22.2471,24.6332,1.183844,2023,3,2,1
2023-03-02,22.2833,22.3542,22.1593,22.2301,22.2301,7361717,0.794572,22.1689,22.2241,24.6175,1.195205,2023,3,3,1
2023-03-03,21.9823,22.2072,21.8206,22.045,22.045,5364004,-0.832613,22.1622,22.1838,24.6,1.179461,2023,3,4,1
2023-03-06,22.6767,22.8627,22.4803,22.6661,22.6661,14551550,2.817411,22.1811,22.1565,24.5852,1.337042,2023,3,0,1
2023-03-07,22.303,22.5092,22.0759,22.2819,22.2819,12037213,-1.695119,22.1634,22.1267,24.5684,1.346922,2023,3,1,1
2023-03-08,22.5334,22.731,22.4213,22.6184,22.6184,13104556,1.510124,22.1564,22.1145,24.5542,1.387131,2023,3,2,1
2023-03-09,22.9451,23.1529,22.7729,22.9804,22.9804,5680099,1.600486,22.1771,22.1218,24.5414,1.418676,2023,3,3,1
2023-03-10,22.7458,23.0076,22.5029,22.7645,22.7645,3641561,-0.939464,22.1796,22.1351,24.5283,1.430754,2023,3,4,1
2023-03-13,23.4089,23.5458,23.1235,23.2595,23.2595,16600391,2.174545,22.2252,22.1558,24.5176,1.452942,2023,3,0,1
2023-03-14,22.989,23.353,22.8193,23.1819,23.1819,20801822,-0.333685,22.2638,22.171,24.5043,1.457833,2023,3,1,1
2023-03-15,23.4058,23.5131,23.1867,23.2935,23.2935,4735525,0.481189,22.3072,22.1984,24.4938,1.459112,2023,3,2,1
2023-03-16,23.3057,23.5653,23.1344,23.3933,23.3933,22534341,0.428752,22.3577,22.2213,24.4818,1.45692,2023,3,3,1
2023-03-17,23.2249,23.4904,23.0884,23.3531,23.3531,9812532,-0.171966,22.407,22.2459,24.4673,1.458211,2023,3,4,1
2023-03-20,23.7564,23.8468,23.5548,23.6448,23.6448,9931561,1.248995,22.501,22.2748,24.4548,1.300149,2023,3,0,1
2023-03-21,23.9981,24.0536,23.8726,23.928,23.928,7794275,1.19787,22.6162,22.2979,24.4483,1.285921,2023,3,1,1
2023-03-22,23.4135,23.4991,23.2113,23.2966,23.2966,5375646,-2.638994,22.6961,22.3018,24.4399,1.467049,2023,3,2,1
2023-03-23,23.8372,23.9171,23.6815,23.7611,23.7611,20127882,1.994015,22.7946,22.3167,24.4316,1.511625,2023,3,3,1
2023-03-24,23.3589,23.5449,22.9835,23.168,23.168,7595195,-2.496137,22.8783,22.3255,24.4206,1.601611,2023,3,4,1
2023-03-27,23.5907,23.7798,23.3494,23.5381,23.5381,6586178,1.597347,22.9579,22.356,24.4136,1.576576,2023,3,0,1
2023-03-28,23.9247,24.0453,23.8191,23.9397,23.9397,19373967,1.706308,23.0699,22.3985,24.4098,1.562518,2023,3,1,1
2023-03-29,23.576,23.7142,23.4057,23.5437,23.5437,3454293,-1.654094,23.1444,22.4337,24.4025,1.609274,2023,3,2,1
2023-03-30,23.5187,23.6191,23.3024,23.4023,23.4023,3594357,-0.600594,23.203,22.4717,24.3938,1.618719,2023,3,3,1
2023-03-31,22.9489,23.1131,22.8568,23.0207,23.0207,10537294,-1.630821,23.2518,22.5021,24.3837,1.656722,2023,3,4,1
2023-04-03,22.9006,23.0852,22.7763,22.9605,22.9605,10038940,-0.261243,23.2665,22.5298,24.3743,1.542748,2023,4,0,2
2023-04-04,22.8414,23.0639,22.6474,22.8697,22.8697,11550360,-0.395586,23.2959,22.5563,24.3652,1.490722,2023,4,1,2
2023-04-05,22.9593,23.313,22.8018,23.1542,23.1542,8315396,1.244092,23.3227,22.5918,24.3595,1.479002,2023,4,2,2
2023-04-06,23.6337,23.8117,23.4427,23.6207,23.6207,50933330,2.0145,23.3547,22.6345,24.3533,1.503399,2023,4,3,2
2023-04-07,23.9352,24.1937,23.8593,24.1172,24.1172,9850642,2.102031,23.4223,22.6835,24.3503,1.540942,2023,4,4,2
2023-04-10,23.9109,24.0509,23.7658,23.9058,23.9058,8197071,-0.876302,23.4546,22.7344,24.3442,1.495993,2023,4,0,2
2023-04-11,23.9095,24.0161,23.7209,23.827,23.827,5287180,-0.329563,23.4869,22.7738,24.335,1.495924,2023,4,1,2
2023-04-12,23.1789,23.2688,23.1334,23.2232,23.2232,13098988,-2.534395,23.4834,22.8009,24.3211,1.608325,2023,4,2,2
2023-04-13,23.1063,23.3247,22.7353,22.9523,22.9523,14300817,-1.166348,23.4613,22.8218,24.307,1.625259,2023,4,3,2
2023-04-14,23.1636,23.3887,23.0752,23.2998,23.2998,21383011,1.513766,23.4587,22.8442,24.2941,1.663636,2023,4,4,2
2023-04-17,23.9864,24.0961,23.7635,23.8727,23.8727,4844720,2.458836,23.4701,22.8759,24.2844,1.731967,2023,4,0,2
2023-04-18,23.4907,23.6323,23.2862,23.4274,23.4274,9525654,-1.864978,23.445,22.8917,24.2745,1.761428,2023,4,1,2
2023-04-19,23.0655,23.2669,23.0238,23.2249,23.2249,12283072,-0.864468,23.4414,22.9011,24.2631,1.668566,2023,4,2,2
2023-04-20,23.4773,23.5641,23.1395,23.2254,23.2254,11382942,0.0022,23.4147,22.9142,24.2543,1.601233,2023,4,3,2
2023-04-21,23.3268,23.482,23.1776,23.3327,23.3327,8770088,0.461935,23.4229,22.9266,24.2439,1.501968,2023,4,4,2
2023-04-24,22.9759,23.1636,22.8696,23.0568,23.0568,13727975,-1.182312,23.3988,22.9408,24.2333,1.479309,2023,4,0,2
2023-04-25,23.0858,23.3094,22.9934,23.2165,23.2165,5600887,0.692427,23.3627,22.9569,24.2233,1.430992,2023,4,1,2
2023-04-26,23.041,23.1976,22.9047,23.0613,23.0613,23115164,-0.668635,23.3386,22.9696,24.2121,1.392696,2023,4,2,2
2023-04-27,23.0574,23.2964,22.8302,23.0691,23.0691,14611617,0.034121,23.3219,22.9833,24.2018,1.387774,2023,4,3,2
2023-04-28,23.2804,23.4123,23.139,23.2709,23.2709,4188607,0.874453,23.3344,23.0014,24.1915,1.351354,2023,4,4,2
2023-05-01,23.254,23.444,23.0919,23.2817,23.2817,4236166,0.046634,23.3505,23.0318,24.1823,1.349222,2023,5,0,2
2023-05-02,23.1963,23.4796,22.8551,23.1377,23.1377,4800009,-0.618599,23.3639,23.062,24.171,1.354255,2023,5,1,2
2023-05-03,23.0751,23.285,22.9013,23.1109,23.1109,12294499,-0.115833,23.3617,23.0903,24.1624,1.325885,2023,5,2,2
2023-05-04,22.9133,23.2399,22.7666,23.092,23.092,3761498,-0.081658,23.3353,23.1163,24.1535,1.23812,2023,5,3,2
2023-05-05,22.9622,23.1665,22.7718,22.976,22.976,7221460,-0.502525,23.2782,23.146,24.1407,1.125527,2023,5,4,2
2023-05-08,22.6843,23.1165,22.471,22.9012,22.9012,11195836,-0.325551,23.228,23.165,24.1296,1.115733,2023,5,0,2
2023-05-09,23.4994,23.5883,23.3775,23.4662,23.4662,11391267,2.467279,23.2099,23.2004,24.1228,1.265046,2023,5,1,2
2023-05-10,23.5755,23.7351,23.5088,23.6682,23.6682,10939350,0.860791,23.2322,23.2327,24.1162,1.138196,2023,5,2,2
2023-05-11,23.5792,23.6646,23.4785,23.5638,23.5638,4594521,-0.441113,23.2628,23.2593,24.1089,1.106812,2023,5,3,2
2023-05-12,23.9379,24.0603,23.6909,23.8127,23.8127,13821109,1.05634,23.2884,23.2947,24.1024,1.081305,2023,5,4,2
2023-05-15,23.6011,23.7639,23.5285,23.691,23.691,6106216,-0.511048,23.2793,23.3152,24.0946,0.936662,2023,5,0,2
2023-05-16,24.2102,24.3302,23.9884,24.1079,24.1079,8861114,1.75952,23.3133,23.3517,24.0878,0.914128,2023,5,1,2
2023-05-17,24.1911,24.2849,24.1395,24.2331,24.2331,10180458,0.519649,23.3638,23.384,24.0797,0.88545,2023,5,2,2
2023-05-18,24.3528,24.5354,24.0019,24.1832,24.1832,8861738,-0.205995,23.4116,23.408,24.0709,0.889316,2023,5,3,2
2023-05-19,24.3002,24.5031,24.133,24.3357,24.3357,9132945,0.630501,23.4618,23.4395,24.0635,0.892662,2023,5,4,2
2023-05-22,23.6694,23.8592,23.5599,23.7492,23.7492,7617426,-2.409865,23.4964,23.4493,24.0522,1.025997,2023,5,0,2
2023-05-23,23.4107,23.558,23.1997,23.3465,23.3465,8989878,-1.695706,23.5029,23.4526,24.0354,1.096466,2023,5,1,2
2023-05-24,22.8952,22.996,22.8344,22.9351,22.9351,10884196,-1.762109,23.4966,23.4454,24.0172,1.158817,2023,5,2,2
2023-05-25,22.9218,23.1414,22.7801,22.9992,22.9992,3701130,0.279512,23.4931,23.4375,24.0015,1.160729,2023,5,3,2
2023-05-26,23.5654,23.7004,23.4758,23.6106,23.6106,9200083,2.658042,23.5101,23.4427,23.9871,1.293125,2023,5,4,2
2023-05-29,24.3978,24.4864,24.3136,24.4022,24.4022,16644653,3.352692,23.5661,23.4578,23.9771,1.48557,2023,5,0,2
2023-05-30,24.7534,24.8393,24.5357,24.6212,24.6212,4378677,0.897686,23.6403,23.4717,23.9728,1.47781,2023,5,1,2
2023-05-31,24.5955,24.9387,24.4453,24.7873,24.7873,18158631,0.674544,23.7241,23.5015,23.968,1.476065,2023,5,2,2
2023-06-01,24.0976,24.1974,23.9956,24.0954,24.0954,26977653,-2.791262,23.7743,23.5082,23.961,1.634667,2023,6,3,2
2023-06-02,23.9506,24.1172,23.7247,23.8909,23.8909,4438909,-0.848901,23.82,23.5226,23.9533,1.644592,2023,6,4,2
2023-06-05,23.6225,23.7213,23.5055,23.6042,23.6042,22453895,-1.199948,23.8552,23.524,23.9438,1.67094,2023,6,0,2
2023-06-06,23.5083,23.7847,23.1107,23.3857,23.3857,8710989,-0.925545,23.8512,23.5129,23.9331,1.595369,2023,6,1,2
2023-06-07,23.3255,23.5066,23.1514,23.3325,23.3325,10753234,-0.227822,23.8344,23.5086,23.9209,1.582792,2023,6,2,2
2023-06-08,23.1569,23.343,22.988,23.174,23.174,6750651,-0.67919,23.8149,23.5041,23.909,1.586704,2023,6,3,2
2023-06-09,22.5492,22.74,22.3055,22.4959,22.4959,22310811,-2.9262,23.749,23.4936,23.893,1.684599,2023,6,4,2
2023-06-12,22.7807,22.9052,22.6472,22.7717,22.7717,12679694,1.225972,23.7031,23.4898,23.8791,1.716033,2023,6,0,2
2023-06-13,22.3881,22.4692,22.3421,22.4231,22.4231,6434286,-1.530563,23.6188,23.4809,23.8622,1.677202,2023,6,1,2
2023-06-14,22.5749,22.6753,22.4283,22.5284,22.5284,4347916,0.469656,23.5336,23.4684,23.845,1.675878,2023,6,2,2
2023-06-15,23.1913,23.3126,23.1309,23.252,23.252,5404155,3.21197,23.487,23.461,23.8334,1.856007,2023,6,3,2
2023-06-16,22.8835,23.085,22.7385,22.9396,22.9396,11394245,-1.34368,23.4172,23.4374,23.8184,1.863126,2023,6,4,2
2023-06-19,22.0367,22.1762,21.9441,22.0834,22.0834,20024928,-3.732528,23.3339,23.401,23.8004,1.96353,2023,6,0,2
2023-06-20,22.1394,22.2726,21.8877,22.0202,22.0202,12501351,-0.286193,23.2676,23.3649,23.7807,1.93761,2023,6,1,2
2023-06-21,22.1278,22.5369,22.0091,22.4166,22.4166,10089475,1.800328,23.2417,23.3487,23.7626,1.957274,2023,6,2,2
2023-06-22,23.1365,23.249,22.9877,23.0999,23.0999,6359840,3.048333,23.2467,23.3517,23.7446,2.079353,2023,6,3,2
2023-06-23,22.6882,22.7526,22.6206,22.6851,22.6851,7256648,-1.796024,23.2005,23.3394,23.7253,2.022198,2023,6,4,2
2023-06-26,22.7197,22.948,22.6457,22.8735,22.8735,18603639,0.830592,23.124,23.3194,23.7079,1.862625,2023,6,0,2
2023-06-27,22.7576,22.8225,22.6647,22.7295,22.7295,6739504,-0.629674,23.0294,23.3054,23.6901,1.841853,2023,6,1,2
2023-06-28,22.755,22.8797,22.5874,22.7118,22.7118,8854308,-0.077597,22.9257,23.2952,23.6732,1.826744,2023,6,2,2
2023-06-29,23.6872,23.8482,23.471,23.6315,23.6315,7461389,4.049384,22.9025,23.3033,23.6595,1.992372,2023,6,3,2
2023-06-30,22.8541,23.3564,22.5996,23.0992,23.0992,14302898,-2.252717,22.8629,23.2986,23.6466,2.044979,2023,6,4,2
2023-07-03,23.3249,23.5707,22.9535,23.1981,23.1981,6597404,0.428268,22.8426,23.3015,23.6365,2.033297,2023,7,0,3
2023-07-04,23.3009,23.479,23.1921,23.3698,23.3698,17194866,0.740395,22.8418,23.3045,23.6295,2.030403,2023,7,1,3
2023-07-05,23.8213,23.9065,23.671,23.756,23.756,16862321,1.65248,22.863,23.3184,23.6227,2.061802,2023,7,2,3
2023-07-06,23.8593,23.9691,23.6792,23.7888,23.7888,6105373,0.137807,22.8937,23.3328,23.6131,2.053416,2023,7,3,3
2023-07-07,23.812,23.9504,23.7577,23.8958,23.8958,8079005,0.450099,22.9637,23.3453,23.6044,1.92168,2023,7,4,3
2023-07-10,23.8132,23.8626,23.7011,23.7504,23.7504,6451371,-0.608564,23.0126,23.3547,23.5955,1.919933,2023,7,0,3
2023-07-11,23.8074,23.934,23.7176,23.8441,23.8441,3682025,0.394647,23.0837,23.3688,23.5872,1.874851,2023,7,1,3
2023-07-12,23.5208,23.7864,23.4524,23.7174,23.7174,5293882,-0.531728,23.1431,23.3809,23.5762,1.884115,2023,7,2,3
2023-07-13,24.0488,24.2529,23.7338,23.937,23.937,10663646,0.92595,23.1774,23.3978,23.5684,1.761895,2023,7,3,3
2023-07-14,23.7245,23.937,23.5863,23.7983,23.7983,10856956,-0.579182,23.2203,23.4143,23.5596,1.735653,2023,7,4,3
2023-07-17,23.8479,24.0731,23.7051,23.9297,23.9297,9706321,0.552184,23.3126,23.4349,23.5498,1.468871,2023,7,0,3
2023-07-18,23.8748,24.0673,23.7211,23.9134,23.9134,6766513,-0.068339,23.4073,23.4438,23.5392,1.464218,2023,7,1,3
2023-07-19,24.3382,24.3913,24.2587,24.3118,24.3118,18592288,1.665913,23.5021,23.4567,23.5304,1.45786,2023,7,2,3
2023-07-20,24.2739,24.3582,24.1952,24.2795,24.2795,8531775,-0.132713,23.561,23.471,23.5198,1.322907,2023,7,3,3
2023-07-21,23.6727,23.8295,23.4643,23.6209,23.6209,19002632,-2.712655,23.6078,23.4671,23.5116,1.410759,2023,7,4,3
2023-07-24,23.9393,24.1532,23.8548,24.0682,24.0682,3785769,1.893852,23.6676,23.4747,23.5044,1.454658,2023,7,0,3
2023-07-25,23.662,23.8365,23.5584,23.7325,23.7325,975449,-1.394888,23.7177,23.4672,23.4971,1.489082,2023,7,1,3
2023-07-26,23.4868,23.6139,23.3707,23.4977,23.4977,11380348,-0.989229,23.757,23.4525,23.4922,1.512651,2023,7,2,3
2023-07-27,23.4672,23.63,23.1289,23.2904,23.2904,4008498,-0.882245,23.74,23.4346,23.4854,1.223125,2023,7,3,3
2023-07-28,23.7665,24.0164,23.5277,23.7774,23.7774,9927065,2.090735,23.7739,23.4235,23.4786,1.199717,2023,7,4,3
2023-07-31,23.1125,23.2536,22.8722,23.0126,23.0126,11109233,-3.216194,23.7646,23.4087,23.4684,1.41326,2023,7,0,3
2023-08-01,24.1117,24.1805,24.0392,24.108,24.108,39579782,4.759908,23.8015,23.424,23.4621,1.769557,2023,8,1,3
2023-08-02,24.4329,24.6174,24.296,24.4802,24.4802,13262724,1.544009,23.8377,23.4549,23.4547,1.764936,2023,8,2,3
2023-08-03,24.5209,24.6565,24.4096,24.5451,24.5451,9304058,0.264913,23.8755,23.4858,23.4453,1.765062,2023,8,3,3
2023-08-04,24.4899,24.6508,24.3456,24.5065,24.5065,13635670,-0.157452,23.9061,23.5037,23.4328,1.76524,2023,8,4,3
2023-08-07,24.6531,24.8429,24.4043,24.5937,24.5937,10687701,0.356054,23.9482,23.5075,23.4195,1.756841,2023,8,0,3
2023-08-08,24.9027,25.1211,24.5493,24.7665,24.7665,6927107,0.7025,23.9943,23.5104,23.4073,1.760082,2023,8,1,3
2023-08-09,25.0192,25.0659,24.9366,24.9832,24.9832,17855858,0.875174,24.0576,23.5143,23.3999,1.757218,2023,8,2,3
2023-08-10,25.2836,25.4015,25.0468,25.1641,25.1641,4701758,0.724144,24.119,23.5357,23.3941,1.753859,2023,8,3,3
2023-08-11,25.0699,25.2485,24.9888,25.167,25.167,9734505,0.01145,24.1874,23.5612,23.3902,1.743844,2023,8,4,3
2023-08-14,25.0199,25.2039,24.8777,25.0615,25.0615,3427261,-0.41934,24.244,23.5904,23.3819,1.749805,2023,8,0,3
2023-08-15,24.9033,25.0907,24.7886,24.9757,24.9757,9662631,-0.342405,24.2971,23.6222,23.3738,1.753464,2023,8,1,3
2023-08-16,24.9067,25.0411,24.7412,24.8754,24.8754,9706192,-0.401449,24.3253,23.653,23.3652,1.725197,2023,8,2,3
2023-08-17,25.2369,25.3456,25.1646,25.2732,25.2732,28760191,1.599125,24.375,23.695,23.3578,1.754598,2023,8,3,3
2023-08-18,25.5393,25.7296,25.2753,25.465,25.465,3599394,0.758858,24.4672,23.7544,23.3516,1.615934,2023,8,4,3
2023-08-21,24.2142,24.5609,23.959,24.3047,24.3047,10904553,-4.556326,24.479,23.7851,23.3365,1.915634,2023,8,0,3
2023-08-22,24.5341,24.645,24.4191,24.5299,24.5299,15512104,0.92656,24.5189,23.8272,23.3242,1.892626,2023,8,1,3
2023-08-23,24.6507,24.7934,24.4407,24.5831,24.5831,10206342,0.216911,24.5732,23.8683,23.3121,1.872436,2023,8,2,3
2023-08-24,24.3538,24.6256,24.2855,24.5567,24.5567,9105852,-0.10749,24.6365,23.8944,23.3017,1.855877,2023,8,3,3
2023-08-25,24.6016,24.7621,24.2354,24.3946,24.3946,5106718,-0.660204,24.6673,23.9235,23.2935,1.816247,2023,8,4,3
2023-08-28,24.762,24.8354,24.7167,24.7901,24.7901,7403053,1.621317,24.7562,23.9776,23.2886,1.660666,2023,8,0,3
2023-08-29,24.9152,25.2584,24.7766,25.1187,25.1187,21303510,1.325497,24.8067,24.0396,23.2857,1.329008,2023,8,1,3
2023-08-30,24.8128,24.8799,24.7301,24.7971,24.7971,9768090,-1.280084,24.8226,24.0872,23.2822,1.330296,2023,8,2,3
2023-08-31,24.928,25.1156,24.737,24.9246,24.9246,11045830,0.514112,24.8416,24.1237,23.2808,1.333353,2023,8,3,3
2023-09-01,24.5268,24.6993,24.3624,24.5349,24.5349,9837786,-1.563754,24.843,24.1607,23.2803,1.382988,2023,9,4,3
2023-09-04,24.1036,24.2533,23.8593,24.0084,24.0084,5658971,-2.145813,24.8137,24.1834,23.2774,1.461443,2023,9,0,3
2023-09-05,23.8455,23.9411,23.6792,23.7745,23.7745,16766254,-0.974348,24.7641,24.2043,23.2762,1.460472,2023,9,1,3
2023-09-06,24.1071,24.2755,23.9103,24.0784,24.0784,13551731,1.278591,24.7189,24.2316,23.2752,1.478687,2023,9,2,3
2023-09-07,24.457,24.573,24.2972,24.413,24.413,40652737,1.38956,24.6813,24.2473,23.2758,1.507165,2023,9,3,3
2023-09-08,24.5743,24.652,24.5069,24.5846,24.5846,4956561,0.702573,24.6522,24.277,23.28,1.51871,2023,9,4,3
2023-09-11,25.0085,25.119,24.7223,24.8321,24.8321,15717648,1.006902,24.6407,24.3096,23.2859,1.536597,2023,9,0,3
2023-09-12,24.8516,25.3051,24.5479,24.9995,24.9995,4129816,0.674327,24.6419,24.3422,23.294,1.542684,2023,9,1,3
2023-09-13,24.7446,24.7901,24.6853,24.7308,24.7308,10702817,-1.074955,24.6347,24.3617,23.3002,1.559541,2023,9,2,3
2023-09-14,24.8747,24.9383,24.8046,24.8682,24.8682,15961186,0.555592,24.6144,24.3833,23.3047,1.519554,2023,9,3,3
2023-09-15,25.223,25.302,25.0624,25.1412,25.1412,2808583,1.097716,24.5983,24.4082,23.3139,1.531123,2023,9,4,3
2023-09-18,25.3088,25.5977,25.1064,25.3946,25.3946,8486005,1.007744,24.6528,24.4411,23.3241,1.120055,2023,9,0,3
2023-09-19,25.6312,25.91,25.5332,25.8113,25.8113,7548335,1.640893,24.7168,24.4805,23.3367,1.154448,2023,9,1,3
2023-09-20,26.0573,26.2681,25.8303,26.041,26.041,6176422,0.889927,24.7897,24.5269,23.3492,1.162865,2023,9,2,3
2023-09-21,26.1585,26.2327,26.055,26.1291,26.1291,10760204,0.338461,24.8683,24.5708,23.3618,1.159013,2023,9,3,3
2023-09-22,26.6555,26.8234,26.3307,26.4976,26.4976,20030639,1.410341,24.9735,24.6248,23.3775,1.159586,2023,9,4,3
2023-09-25,26.2944,26.6837,26.0407,26.4287,26.4287,7770137,-0.259957,25.0554,24.6747,23.3934,1.133071,2023,9,0,3
2023-09-26,26.1423,26.354,25.8115,26.0221,26.0221,11877656,-1.53841,25.1006,24.7169,23.4086,1.180185,2023,9,1,3
2023-09-27,26.155,26.3392,25.7272,25.9096,25.9096,9312075,-0.432381,25.1562,24.7489,23.4213,1.139373,2023,9,2,3
2023-09-28,25.5348,25.6507,25.4578,25.5735,25.5735,10113946,-1.297329,25.1887,24.7747,23.4323,1.186285,2023,9,3,3
2023-09-29,25.1441,25.3619,25.0571,25.2746,25.2746,5145664,-1.168884,25.2256,24.8078,23.4384,1.159503,2023,9,4,3
2023-10-02,25.1448,25.2903,25.0405,25.1858,25.1858,16653791,-0.351282,25.2845,24.8302,23.4441,1.034814,2023,10,0,4
2023-10-03,24.8556,24.9822,24.7276,24.8542,24.8542,12098514,-1.316623,25.3385,24.8526,23.4496,1.058594,2023,10,1,4
2023-10-04,24.7695,24.9138,24.5697,24.7137,24.7137,11291054,-0.565026,25.3703,24.8769,23.457,1.042408,2023,10,2,4
2023-10-05,23.9322,24.0399,23.8813,23.9889,23.9889,7910660,-2.932793,25.3491,24.8909,23.4638,1.204224,2023,10,3,4
2023-10-06,24.207,24.4853,23.7808,24.0573,24.0573,6418706,0.285138,25.3227,24.8965,23.4736,1.193504,2023,10,4,4
2023-10-09,23.9408,24.2577,23.732,24.048,24.048,7253552,-0.038787,25.2835,24.9172,23.4827,1.164954,2023,10,0,4
2023-10-10,23.5785,23.8448,23.4781,23.7437,23.7437,4003537,-1.265536,25.2207,24.9099,23.4893,1.173101,2023,10,1,4
2023-10-11,24.0811,24.1309,23.9254,23.9749,23.9749,3466095,0.97402,25.1829,24.8998,23.4996,1.18673,2023,10,2,4
2023-10-12,24.0828,24.3838,24.0037,24.3039,24.3039,7089352,1.372289,25.1547,24.895,23.5099,1.225641,2023,10,3,4
2023-10-13,23.6838,23.8762,23.5109,23.7031,23.7031,16494738,-2.472087,25.0828,24.8789,23.5178,1.298645,2023,10,4,4
2023-10-16,23.7213,24.0871,23.0679,23.4292,23.4292,6670690,-1.155887,24.9845,24.8556,23.5239,1.275104,2023,10,0,4
2023-10-17,23.1604,23.2051,23.1169,23.1615,23.1615,5344521,-1.142333,24.852,24.8235,23.5259,1.190372,2023,10,1,4
2023-10-18,22.7406,22.8957,22.6881,22.843,22.843,6275338,-1.375303,24.6921,24.7807,23.5246,1.155064,2023,10,2,4
2023-10-19,23.1362,23.2336,23.0442,23.1415,23.1415,7658306,1.307063,24.5427,24.7403,23.5252,1.217177,2023,10,3,4
2023-10-20,23.0779,23.3154,22.8452,23.0826,23.0826,6799919,-0.254574,24.372,24.6986,23.527,1.126105,2023,10,4,4
2023-10-23,23.0153,23.1548,22.8612,23.0005,23.0005,31428047,-0.355624,24.2006,24.6574,23.5319,1.124422,2023,10,0,4
2023-10-24,22.3794,22.5026,22.1975,22.3203,22.3203,24243416,-2.957432,24.0155,24.6043,23.5345,1.221597,2023,10,1,4
2023-10-25,22.464,22.6369,22.3852,22.5578,22.5578,17910064,1.06384,23.8479,24.5579,23.5383,1.286618,2023,10,2,4
2023-10-26,22.308,22.4832,21.9843,22.1584,22.1584,21942466,-1.770466,23.6771,24.4956,23.5416,1.302769,2023,10,3,4
2023-10-27,22.228,22.3392,22.0951,22.2062,22.2062,4582896,0.215888,23.5237,24.4304,23.5451,1.313627,2023,10,4,4
2023-10-30,22.3904,22.5095,22.2068,22.3255,22.3255,4252744,0.537252,23.3807,24.3908,23.5489,1.338579,2023,10,0,4
2023-10-31,22.7484,22.9667,22.5878,22.8057,22.8057,5851791,2.150766,23.2783,24.3564,23.5552,1.458966,2023,10,1,4
2023-11-01,22.488,22.5744,22.2869,22.3729,22.3729,24710790,-1.897946,23.1612,24.3122,23.5601,1.495963,2023,11,2,4
2023-11-02,21.3611,21.5801,21.1642,21.3831,21.3831,11094573,-4.424101,23.031,24.2487,23.5596,1.653258,2023,11,3,4
2023-11-03,21.5092,21.6036,21.3911,21.4853,21.4853,4135345,0.478311,22.9024,24.1905,23.5587,1.659011,2023,11,4,4
2023-11-06,22.0243,22.1876,21.9438,22.1068,22.1068,9650149,2.892589,22.8053,24.1368,23.5625,1.827532,2023,11,0,4
2023-11-07,22.4565,22.6777,22.3258,22.5464,22.5464,9636421,1.988549,22.7454,24.0854,23.5659,1.890557,2023,11,1,4
2023-11-08,22.6996,22.8145,22.5227,22.6373,22.6373,10152387,0.403013,22.6786,24.0422,23.5698,1.87549,2023,11,2,4
2023-11-09,22.4486,22.8435,22.0942,22.4885,22.4885,10530805,-0.657386,22.5878,23.9935,23.5727,1.836466,2023,11,3,4
2023-11-10,22.704,22.8801,22.6061,22.7818,22.7818,6120733,1.304444,22.5417,23.9584,23.5757,1.802939,2023,11,4,4
2023-11-13,22.4065,22.6363,22.2349,22.4643,22.4643,15483773,-1.393736,22.4935,23.9275,23.5766,1.810467,2023,11,0,4
2023-11-14,22.7096,22.9704,22.3863,22.6463,22.6463,6328040,0.810256,22.4677,23.905,23.5766,1.809303,2023,11,1,4
2023-11-15,22.7784,23.1874,22.4277,22.8359,22.8359,8493193,0.837008,22.4674,23.8801,23.577,1.794588,2023,11,2,4
2023-11-16,23.2022,23.3456,23.0697,23.2131,23.2131,16005153,1.65179,22.4709,23.8561,23.5802,1.809258,2023,11,3,4
2023-11-17,24.1819,24.2404,24.122,24.1805,24.1805,9798310,4.167397,22.5258,23.848,23.5876,2.029316,2023,11,4,4
2023-11-20,24.1234,24.38,24.0539,24.3099,24.3099,6290276,0.535197,22.5913,23.8376,23.5974,2.025044,2023,11,0,4
2023-11-21,23.9669,24.3129,23.764,24.1088,24.1088,13313016,-0.827303,22.6807,23.8198,23.6059,1.896841,2023,11,1,4
2023-11-22,24.1204,24.2376,23.9709,24.088,24.088,4864172,-0.086135,22.7572,23.8069,23.6142,1.893189,2023,11,2,4
2023-11-23,23.3686,23.6617,23.1452,23.4377,23.4377,9874948,-2.699773,22.8212,23.7783,23.6194,1.958152,2023,11,3,4
2023-11-24,23.2934,23.491,22.9985,23.1953,23.1953,13499631,-1.034086,22.8707,23.7394,23.6236,1.980772,2023,11,4,4
2023-11-27,23.1488,23.1943,23.0142,23.0596,23.0596,30667109,-0.585172,22.9074,23.6927,23.6301,1.9877,2023,11,0,4
2023-11-28,22.9535,23.1729,22.6689,22.8877,22.8877,13232013,-0.74551,22.9115,23.6342,23.6364,1.941585,2023,11,1,4
2023-11-29,23.1198,23.1869,22.8862,22.9528,22.9528,11225587,0.28441,22.9405,23.5725,23.6427,1.887762,2023,11,2,4
2023-11-30,22.6735,22.749,22.6057,22.6811,22.6811,13635601,-1.183654,23.0054,23.5035,23.6471,1.590646,2023,11,3,4
2023-12-01,23.1393,23.2505,22.9684,23.0794,23.0794,5652090,1.756005,23.0851,23.4351,23.655,1.623213,2023,12,4,4
2023-12-04,23.0343,23.1349,22.9878,23.0883,23.0883,8640997,0.038757,23.1341,23.3683,23.6607,1.51146,2023,12,0,4
2023-12-05,23.3203,23.4321,22.9831,23.0938,23.0938,7895526,0.023635,23.1615,23.3098,23.6677,1.453774,2023,12,1,4
2023-12-06,23.1711,23.2911,22.8697,22.9887,22.9887,10589182,-0.45481,23.1791,23.2513,23.6724,1.457942,2023,12,2,4
2023-12-07,23.054,23.3339,22.7729,23.0529,23.0529,9056729,0.279054,23.2073,23.2009,23.6765,1.447777,2023,12,3,4
2023-12-08,23.3836,23.4611,23.2702,23.3475,23.3475,12582740,1.27815,23.2356,23.1624,23.683,1.44667,2023,12,4,4
2023-12-11,23.1726,23.3189,22.9017,23.0472,23.0472,8365660,-1.286156,23.2647,23.1196,23.6849,1.440885,2023,12,0,4
2023-12-12,22.8157,22.8972,22.7477,22.8291,22.8291,9869847,-0.946459,23.2739,23.0791,23.6877,1.451251,2023,12,1,4
2023-12-13,22.6791,22.8673,22.551,22.7388,22.7388,4133615,-0.395446,23.269,23.0396,23.6883,1.442218,2023,12,2,4
2023-12-14,22.3732,22.5727,22.0966,22.2953,22.2953,9229900,-1.950557,23.2231,23.0057,23.6848,1.448491,2023,12,3,4
2023-12-15,22.0526,22.1223,21.976,22.0457,22.0457,22602582,-1.119566,23.1164,22.9655,23.6812,1.034327,2023,12,4,4
2023-12-18,21.9336,22.0326,21.8186,21.9175,21.9175,10819265,-0.581351,22.9968,22.9229,23.6745,1.007806,2023,12,0,4
2023-12-19,22.1627,22.3272,22.0726,22.2369,22.2369,10169206,1.456961,22.9032,22.8928,23.6698,1.095766,2023,12,1,4
2023-12-20,22.1963,22.4672,22.0798,22.3499,22.3499,27480412,0.508337,22.8163,22.8603,23.6651,1.112592,2023,12,2,4
2023-12-21,22.4592,22.5166,22.3806,22.438,22.438,3813409,0.394112,22.7663,22.8229,23.6603,0.978279,2023,12,3,4
2023-12-22,22.8281,22.9395,22.6348,22.7458,22.7458,5224115,1.371742,22.7438,22.8038,23.6573,1.019086,2023,12,4,4
2023-12-25,22.6936,22.9366,22.4713,22.7141,22.7141,22978802,-0.139234,22.7265,22.7895,23.6526,1.012606,2023,12,0,4
2023-12-26,22.9943,23.1302,22.7278,22.863,22.863,9294510,0.655331,22.7253,22.7835,23.6473,1.011912,2023,12,1,4
2023-12-27,22.7761,22.8854,22.7312,22.8404,22.8404,7053101,-0.098746,22.7197,22.7835,23.645,1.009858,2023,12,2,4
2023-12-28,22.8478,23.0577,22.7351,22.9446,22.9446,4249638,0.456091,22.7328,22.7795,23.6409,0.976395,2023,12,3,4
2023-12-29,22.749,22.9743,22.5299,22.7551,22.7551,12207446,-0.825506,22.7166,22.773,23.6389,0.909016,2023,12,4,4
2024-01-01,21.9304,22.0277,21.8403,21.9376,21.9376,19357129,-3.592758,22.6591,22.7517,23.6309,1.202232,2024,1,0,1
2024-01-02,21.9926,22.1435,21.7745,21.925,21.925,4196003,-0.05723,22.6007,22.7438,23.6208,1.201405,2024,1,1,1
2024-01-03,22.3557,22.5542,22.2272,22.4252,22.4252,10634817,2.281288,22.5725,22.7412,23.6152,1.32642,2024,1,2,1
2024-01-04,22.884,23.0309,22.6133,22.7594,22.7594,8462347,1.490309,22.5578,22.7532,23.612,1.372248,2024,1,3,1
2024-01-05,23.2871,23.4065,22.9869,23.1054,23.1054,12121188,1.519916,22.5457,22.7712,23.6124,1.38561,2024,1,4,1
2024-01-08,23.5407,23.7117,23.3733,23.5443,23.5443,5611533,1.899977,22.5706,22.7956,23.6153,1.417934,2024,1,0,1
2024-01-09,23.6957,23.8363,23.4379,23.5778,23.5778,17437514,0.142252,22.608,22.811,23.6189,1.395708,2024,1,1,1
2024-01-10,23.5496,23.7206,23.4788,23.6495,23.6495,14699119,0.304012,22.6535,22.8365,23.6213,1.389522,2024,1,2,1
2024-01-11,23.532,23.6005,23.3631,23.4313,23.4313,7632194,-0.922904,22.7103,22.8775,23.6204,1.322995,2024,1,3,1
2024-01-12,23.4235,23.5304,23.2192,23.3258,23.3258,7661322,-0.450235,22.7743,22.9143,23.6164,1.294496,2024,1,4,1
2024-01-15,23.6314,23.8408,23.3414,23.5501,23.5501,8775420,0.961617,22.856,22.9432,23.6147,1.285742,2024,1,0,1
2024-01-16,23.9786,24.1038,23.8549,23.9801,23.9801,6813796,1.826005,22.9431,22.9718,23.6154,1.304705,2024,1,1,1
2024-01-17,23.6437,24.0886,23.4835,23.9265,23.9265,6405981,-0.223618,23.0219,22.9976,23.6189,1.311348,2024,1,2,1
2024-01-18,23.7019,23.8816,23.5835,23.7629,23.7629,7738964,-0.68368,23.0882,23.0231,23.623,1.331416,2024,1,3,1
2024-01-19,23.7052,23.8983,23.572,23.7647,23.7647,21088023,0.00772,23.1391,23.0428,23.6253,1.308129,2024,1,4,1
2024-01-22,23.888,24.1343,23.736,23.9818,23.9818,16673167,0.913425,23.2025,23.0731,23.6259,1.31376,2024,1,0,1
2024-01-23,23.4727,23.6776,23.2564,23.4612,23.4612,20236848,-2.170776,23.2324,23.0894,23.626,1.41905,2024,1,1,1
2024-01-24,22.6248,22.7561,22.5316,22.6627,22.6627,17026300,-3.403362,23.2236,23.086,23.6232,1.62554,2024,1,2,1
2024-01-25,22.4273,22.551,22.378,22.5015,22.5015,4678349,-0.711297,23.2014,23.0717,23.6196,1.62826,2024,1,3,1
2024-01-26,22.0254,22.1847,21.9601,22.1191,22.1191,10501833,-1.699707,23.1696,23.0305,23.6135,1.660605,2024,1,4,1
2024-01-29,21.9259,22.1288,21.7863,21.9888,21.9888,16017532,-0.588793,23.1722,22.9841,23.6082,1.453741,2024,1,0,1
2024-01-30,22.0801,22.1756,21.8863,21.9814,21.9814,3785543,-0.033636,23.175,22.9415,23.602,1.453683,2024,1,1,1
2024-01-31,21.816,21.9333,21.7568,21.8739,21.8739,12873680,-0.489357,23.1474,22.8972,23.5961,1.355866,2024,1,2,1
2024-02-01,22.3487,22.4565,22.2872,22.3949,22.3949,47230719,2.381742,23.1292,22.8764,23.5927,1.424359,2024,2,3,1
2024-02-02,22.4978,22.6348,22.4022,22.539,22.539,17062614,0.643621,23.1009,22.8633,23.589,1.3858,2024,2,4,1
2024-02-05,22.704,22.8835,22.4939,22.6732,22.6732,20900271,0.595549,23.0573,22.8555,23.586,1.314863,2024,2,0,1
2024-02-06,22.957,23.0122,22.86,22.9152,22.9152,11045636,1.067142,23.0242,22.8561,23.5849,1.342764,2024,2,1,1
2024-02-07,22.275,22.641,22.1847,22.5496,22.5496,18935337,-1.595276,22.9692,22.848,23.5821,1.376897,2024,2,2,1
2024-02-08,23.0284,23.1796,22.7841,22.9347,22.9347,6946577,1.707597,22.9444,22.8531,23.5813,1.431652,2024,2,3,1
2024-02-09,23.0666,23.2682,22.7345,22.9349,22.9349,12898809,0.000876,22.9248,22.8502,23.5811,1.42935,2024,2,4,1
2024-02-12,23.0955,23.3089,22.9801,23.1929,23.1929,14483478,1.125242,22.907,22.8523,23.5826,1.436046,2024,2,0,1
2024-02-13,22.7539,22.9472,22.6498,22.8427,22.8427,12439419,-1.510195,22.8501,22.8473,23.5794,1.397899,2024,2,1,1
2024-02-14,22.3001,22.4425,22.1982,22.3403,22.3403,25544558,-2.199205,22.7708,22.8343,23.5728,1.465349,2024,2,2,1
2024-02-15,22.5864,22.7096,22.5318,22.6549,22.6549,7398011,1.407913,22.7154,22.8263,23.5683,1.512806,2024,2,3,1
2024-02-16,22.8378,23.0331,22.6222,22.8173,22.8173,8168930,0.717105,22.668,22.8157,23.5633,1.526863,2024,2,4,1
2024-02-19,22.3655,22.634,22.2733,22.541,22.541,10548339,-1.210869,22.596,22.8056,23.5575,1.519784,2024,2,0,1
2024-02-20,22.1857,22.4276,22.044,22.2853,22.2853,5302915,-1.134328,22.5372,22.7947,23.5484,1.46941,2024,2,1,1
2024-02-21,22.8452,22.8906,22.6603,22.7054,22.7054,12558794,1.884939,22.5393,22.7941,23.5408,1.341694,2024,2,2,1
2024-02-22,22.2532,22.4416,22.1482,22.3362,22.3362,3795205,-1.626283,22.531,22.7949,23.5315,1.382838,2024,2,3,1
2024-02-23,23.0442,23.1512,22.8236,22.9301,22.9301,22761125,2.659234,22.5716,22.8126,23.5245,1.447455,2024,2,4,1
2024-02-26,22.6854,22.7709,22.5679,22.6532,22.6532,10238218,-1.207553,22.6048,22.8273,23.519,1.471395,2024,2,0,1
2024-02-27,22.7432,22.9894,22.6633,22.909,22.909,7159342,1.128858,22.6512,22.8407,23.5168,1.486262,2024,2,1,1
2024-02-28,22.8881,22.9382,22.7801,22.8301,22.8301,5184209,-0.34422,22.699,22.8503,23.5163,1.48298,2024,2,2,1
2024-02-29,23.0618,23.1184,23.0161,23.0727,23.0727,8411071,1.062591,22.7329,22.863,23.5167,1.409504,2024,2,3,1
2024-03-01,22.8742,23.2199,22.5708,22.9159,22.9159,13744250,-0.679386,22.7517,22.8664,23.5132,1.416573,2024,3,4,1
2024-03-04,22.9183,23.0898,22.7245,22.8958,22.8958,11307895,-0.087767,22.7629,22.8701,23.5057,1.412034,2024,3,0,1
2024-03-05,22.9901,23.1112,22.8256,22.9465,22.9465,5470373,0.22137,22.7644,22.8717,23.4973,1.392764,2024,3,1,1
2024-03-06,22.7016,22.7547,22.5847,22.6376,22.6376,6129767,-1.346389,22.7688,22.8677,23.4866,1.37865,2024,3,2,1
2024-03-07,23.0398,23.1926,22.7795,22.9317,22.9317,14908417,1.29926,22.7687,22.8674,23.4807,1.3553,2024,3,3,1
2024-03-08,22.8294,22.9273,22.6945,22.7922,22.7922,5821082,-0.608188,22.7615,22.8682,23.4752,1.362295,2024,3,4,1
2024-03-11,22.6299,22.7989,22.5863,22.7551,22.7551,8563569,-0.162992,22.7396,22.8845,23.471,1.335366,2024,3,0,1
2024-03-12,22.4153,22.5309,22.3422,22.4578,22.4578,10897736,-1.306372,22.7204,22.8952,23.4664,1.324666,2024,3,1,1
2024-03-13,21.8979,21.9458,21.5957,21.6431,21.6431,16910326,-3.627716,22.6855,22.8795,23.4579,1.475109,2024,3,2,1
2024-03-14,21.7089,22.0784,21.2778,21.6462,21.6462,13427217,0.014423,22.6351,22.8573,23.4503,1.429966,2024,3,3,1
2024-03-15,22.7082,22.7721,22.4318,22.495,22.495,6579414,3.921328,22.619,22.8451,23.4503,1.695128,2024,3,4,1
2024-03-18,22.9367,23.0318,22.7149,22.8094,22.8094,3242054,1.397549,22.6324,22.8304,23.4505,1.702049,2024,3,0,1
2024-03-19,22.8687,23.0846,22.6308,22.8466,22.8466,5876539,0.162826,22.6605,22.8157,23.4526,1.678172,2024,3,1,1
2024-03-20,22.8273,22.8705,22.7567,22.7998,22.7998,24545423,-0.204503,22.6652,22.7987,23.4539,1.627967,2024,3,2,1
2024-03-21,22.8489,23.0238,22.6773,22.8522,22.8522,28150401,0.229702,22.691,22.7872,23.4519,1.580595,2024,3,3,1
2024-03-22,22.9233,23.1308,22.8766,23.0838,23.0838,28817884,1.013327,22.6987,22.7823,23.4527,1.481505,2024,3,4,1
2024-03-25,22.7171,22.8721,22.5605,22.7155,22.7155,9435976,-1.595582,22.7018,22.7656,23.4558,1.501166,2024,3,0,1
2024-03-26,23.2555,23.3502,23.0492,23.1434,23.1434,3761706,1.884086,22.7135,22.7489,23.4614,1.539421,2024,3,1,1
2024-03-27,23.3757,23.5068,23.301,23.4319,23.4319,2444225,1.246416,22.7436,22.739,23.4665,1.558294,2024,3,2,1
2024-03-28,23.7581,23.9101,23.5673,23.7191,23.7191,6874706,1.225504,22.7759,22.7381,23.4696,1.563778,2024,3,3,1
2024-03-29,23.9859,24.1201,23.7707,23.9044,23.9044,8205314,0.781548,22.8254,22.7409,23.4757,1.557111,2024,3,4,1
2024-04-01,23.8512,23.9853,23.8043,23.9383,23.9383,17952059,0.141603,22.8775,22.74,23.481,1.555547,2024,4,0,2
2024-04-02,24.1627,24.4086,23.9609,24.2064,24.2064,16448489,1.120086,22.9405,22.755,23.4884,1.568082,2024,4,1,2
2024-04-03,24.3433,24.5691,24.2175,24.4428,24.4428,10943397,0.976719,23.0307,22.7906,23.4971,1.526821,2024,4,2,2
2024-04-04,24.2502,24.4346,24.1462,24.3302,24.3302,5124659,-0.460701,23.1007,22.8271,23.5006,1.5227,2024,4,3,2
2024-04-05,24.0164,24.2416,23.916,24.1407,24.1407,5200754,-0.778883,23.1681,22.8676,23.5058,1.528569,2024,4,4,2
2024-04-08,24.1152,24.2461,24.0716,24.2024,24.2024,9792476,0.25541,23.2404,22.9118,23.5108,1.524773,2024,4,0,2
2024-04-09,24.9294,25.0239,24.6947,24.7887,24.7887,17903312,2.422384,23.357,22.968,23.5179,1.543317,2024,4,1,2
2024-04-10,24.2514,24.5718,24.021,24.3405,24.3405,13847344,-1.807899,23.4919,23.0173,23.5208,1.324955,2024,4,2,2
2024-04-11,23.8387,23.9142,23.7511,23.8266,23.8266,6155199,-2.111192,23.6009,23.0459,23.521,1.453214,2024,4,3,2
2024-04-12,23.87,23.9771,23.8111,23.9181,23.9181,12724750,0.383924,23.672,23.0735,23.5211,1.208377,2024,4,4,2
2024-04-15,24.0813,24.2502,23.8002,23.9683,23.9683,10761752,0.209753,23.73,23.0994,23.5222,1.181209,2024,4,0,2
2024-04-16,24.1881,24.3324,23.9183,24.0619,24.0619,4535669,0.390569,23.7908,23.1224,23.5233,1.181374,2024,4,1,2
2024-04-17,24.2633,24.3184,24.1249,24.1797,24.1797,5484173,0.489791,23.8597,23.155,23.5256,1.17701,2024,4,2,2
2024-04-18,24.1562,24.3276,23.9553,24.1266,24.1266,12624447,-0.219707,23.9235,23.1788,23.5265,1.182716,2024,4,3,2
2024-04-19,24.6722,24.7699,24.5975,24.6951,24.6951,10149595,2.356138,24.004,23.214,23.531,1.262086,2024,4,4,2
2024-04-22,24.0061,24.1918,23.9357,24.1211,24.1211,30636627,-2.324185,24.0743,23.2326,23.532,1.329765,2024,4,0,2
2024-04-23,24.0377,24.1279,23.7627,23.8523,23.8523,13242163,-1.114558,24.1098,23.2528,23.5317,1.311762,2024,4,1,2
2024-04-24,23.7795,23.9562,23.6757,23.852,23.852,5975588,-0.001099,24.1308,23.283,23.5294,1.286761,2024,4,2,2
2024-04-25,23.363,23.4382,23.2262,23.3012,23.3012,11710409,-2.309368,24.1099,23.2959,23.5245,1.36401,2024,4,3,2
2024-04-26,23.3869,23.5971,23.0789,23.2882,23.2882,8402837,-0.055768,24.0791,23.3053,23.5228,1.348942,2024,4,4,2
2024-04-29,23.8653,24.1086,23.6756,23.9184,23.9184,7890995,2.706392,24.0781,23.3329,23.5221,1.489858,2024,4,0,2
2024-04-30,24.0631,24.1833,23.8439,23.9636,23.9636,4801266,0.188775,24.0659,23.3665,23.5232,1.467606,2024,4,1,2
2024-05-01,24.1573,24.2845,23.9569,24.0837,24.0837,13400862,0.501032,24.048,23.394,23.5262,1.45405,2024,5,2,2
2024-05-02,23.8271,24.0152,23.4767,23.6635,23.6635,18001661,-1.744417,24.0146,23.4206,23.528,1.50009,2024,5,3,2
2024-05-03,23.4446,23.6064,23.3271,23.4887,23.4887,13203932,-0.738994,23.982,23.4317,23.5266,1.499205,2024,5,4,2
2024-05-06,23.2847,23.5227,23.1676,23.405,23.405,21277788,-0.356077,23.9422,23.4468,23.5285,1.497248,2024,5,0,2
2024-05-07,23.2969,23.4292,23.212,23.3441,23.3441,6081568,-0.26033,23.8699,23.4555,23.5247,1.368679,2024,5,1,2
2024-05-08,23.865,24.0219,23.6884,23.8451,23.8451,31025453,2.146136,23.8452,23.4758,23.5215,1.422529,2024,5,2,2
2024-05-09,24.0928,24.165,24.0149,24.0872,24.0872,5595852,1.015095,23.8582,23.4961,23.5193,1.359475,2024,5,3,2
2024-05-10,23.6864,23.9011,23.5092,23.7237,23.7237,5692288,-1.508928,23.8485,23.5122,23.5153,1.401216,2024,5,4,2
2024-05-13,23.6758,23.9298,23.6044,23.858,23.858,3096027,0.565932,23.843,23.5315,23.5117,1.406696,2024,5,0,2
2024-05-14,24.1258,24.2884,23.9182,24.0805,24.0805,7254059,0.932756,23.8439,23.5541,23.5082,1.420057,2024,5,1,2
2024-05-15,24.726,24.8651,24.3945,24.5325,24.5325,8092336,1.877043,23.8615,23.592,23.506,1.477277,2024,5,2,2
2024-05-16,25.1923,25.2395,25.0985,25.1456,25.1456,16317079,2.499272,23.9125,23.6363,23.5059,1.570163,2024,5,3,2
2024-05-17,24.8428,25.0037,24.6218,24.7824,24.7824,11975390,-1.444554,23.9168,23.6761,23.504,1.527272,2024,5,4,2
2024-05-20,24.5651,24.6855,24.3889,24.509,24.509,4782817,-1.103097,23.9362,23.7112,23.5012,1.450753,2024,5,0,2
2024-05-21,24.1188,24.1645,24.035,24.0806,24.0806,8569577,-1.748042,23.9477,23.7437,23.4967,1.484943,2024,5,1,2
2024-05-22,24.1285,24.4407,23.7279,24.0389,24.0389,6623674,-0.173068,23.957,23.7916,23.4925,1.485801,2024,5,2,2
2024-05-23,24.2895,24.4245,24.1164,24.2511,24.2511,3238610,0.88287,24.0045,23.8437,23.4874,1.38726,2024,5,3,2
2024-05-24,24.6197,24.6977,24.5725,24.6505,24.6505,5879962,1.646809,24.0726,23.8868,23.4834,1.421956,2024,5,4,2
2024-05-27,24.5773,24.8425,24.3912,24.6558,24.6558,5059335,0.02146,24.1095,23.9237,23.4851,1.304096,2024,5,0,2
2024-05-28,24.5467,24.7446,24.3735,24.5712,24.5712,20211282,-0.343287,24.1399,23.9582,23.4853,1.308896,2024,5,1,2
2024-05-29,24.6938,25.1148,24.2424,24.6628,24.6628,9640857,0.373041,24.1688,23.9955,23.4857,1.307315,2024,5,2,2
2024-05-30,24.3573,24.4647,24.2808,24.3881,24.3881,14583506,-1.113728,24.205,24.0262,23.4849,1.266777,2024,5,3,2
2024-05-31,25.2244,25.3051,25.1121,25.1927,25.1927,5334397,3.298958,24.2902,24.0684,23.4889,1.427758,2024,5,4,2
2024-06-03,24.6536,24.8981,24.3664,24.6104,24.6104,24129132,-2.311405,24.3505,24.1063,23.488,1.541794,2024,6,0,2
2024-06-04,24.7982,24.9593,24.5553,24.7158,24.7158,18953356,0.428446,24.4191,24.1377,23.486,1.537183,2024,6,1,2
2024-06-05,25.6324,26.0176,25.1184,25.5016,25.5016,3898268,3.179119,24.5019,24.1791,23.4895,1.61782,2024,6,2,2
2024-06-06,25.5323,25.6157,25.441,25.5244,25.5244,5333194,0.089362,24.5738,24.2152,23.4925,1.61098,2024,6,3,2
2024-06-07,25.3385,25.6069,25.204,25.4717,25.4717,11216710,-0.20625,24.6612,24.2466,23.4972,1.559398,2024,6,4,2
2024-06-10,25.3225,25.4823,25.1978,25.3575,25.3575,12837316,-0.448546,24.7362,24.2749,23.5039,1.569076,2024,6,0,2
2024-06-11,25.3183,25.6179,25.0143,25.3138,25.3138,5508169,-0.172046,24.7978,24.2971,23.5116,1.565695,2024,6,1,2
2024-06-12,25.6715,25.9291,25.6043,25.8614,25.8614,9480259,2.162946,24.8643,24.3255,23.5205,1.582436,2024,6,2,2
2024-06-13,25.158,25.2353,24.9421,25.019,25.019,9354438,-3.257175,24.8579,24.3392,23.5236,1.677413,2024,6,3,2
2024-06-14,25.642,25.7374,25.5321,25.6274,25.6274,12606446,2.43168,24.9002,24.369,23.5288,1.726389,2024,6,4,2
2024-06-17,25.1402,25.1993,25.0429,25.1019,25.1019,23277372,-2.050518,24.9298,24.387,23.5301,1.775795,2024,6,0,2
2024-06-18,25.171,25.2483,24.9575,25.0343,25.0343,5309131,-0.269376,24.9775,24.3919,23.5303,1.723297,2024,6,1,2
2024-06-19,24.8448,24.9704,24.7822,24.9076,24.9076,16067479,-0.505977,25.021,24.4032,23.5312,1.728775,2024,6,2,2
2024-06-20,25.2227,25.4212,24.967,25.1649,25.1649,6028594,1.033132,25.0666,24.43,23.5327,1.732259,2024,6,3,2
2024-06-21,24.5836,24.696,24.4819,24.5944,24.5944,7042974,-2.267349,25.0638,24.4435,23.5299,1.780553,2024,6,4,2
2024-06-24,24.7918,25.0869,24.5152,24.8101,24.8101,15347304,0.877187,25.0715,24.4603,23.527,1.791254,2024,6,0,2
2024-06-25,25.5257,25.9028,25.2285,25.6048,25.6048,22543950,3.202948,25.1232,24.4912,23.526,1.921434,2024,6,1,2
2024-06-26,25.2743,25.4094,24.9727,25.107,25.107,18620535,-1.944018,25.1454,24.5097,23.5213,1.980891,2024,6,2,2
2024-06-27,25.1767,25.3213,25.0701,25.2146,25.2146,3942626,0.428479,25.1868,24.5315,23.5167,1.960749,2024,6,3,2
2024-06-28,25.0685,25.1205,24.9467,24.9986,24.9986,7094209,-0.85668,25.1771,24.5376,23.5092,1.829163,2024,6,4,2
2024-07-01,25.0091,25.4122,24.7966,25.1981,25.1981,15184137,0.798187,25.2064,24.5591,23.5031,1.75505,2024,7,0,3
2024-07-02,25.3607,25.4925,25.1104,25.2416,25.2416,8484385,0.172501,25.2327,24.5869,23.4992,1.753712,2024,7,1,3
2024-07-03,25.1398,25.2168,24.9578,25.0344,25.0344,4895718,-0.820623,25.2094,24.6105,23.4948,1.608535,2024,7,2,3
2024-07-04,25.2678,25.5068,25.019,25.2579,25.2579,12395852,0.892667,25.196,24.6497,23.4932,1.622954,2024,7,3,3
2024-07-05,25.9541,26.1166,25.8153,25.9777,25.9777,8097008,2.849781,25.2213,24.7035,23.4967,1.745694,2024,7,4,3
2024-07-08,25.9677,26.0958,25.7984,25.9263,25.9263,24412084,-0.198053,25.2498,24.7436,23.5004,1.742349,2024,7,0,3
2024-07-09,26.4707,26.6997,26.0036,26.2305,26.2305,24902724,1.173563,25.2956,24.789,23.5073,1.756185,2024,7,1,3
2024-07-10,25.5588,25.8385,25.4613,25.7403,25.7403,15873020,-1.868809,25.2896,24.8221,23.5125,1.749503,2024,7,2,3
2024-07-11,25.4793,25.6177,25.2619,25.3999,25.3999,22955134,-1.322622,25.3086,24.8568,23.5195,1.608235,2024,7,3,3
2024-07-12,25.5225,25.8973,25.2421,25.6159,25.6159,9719868,0.85046,25.308,24.8994,23.5273,1.523584,2024,7,4,3
2024-07-15,26.2169,26.3492,26.0867,26.219,26.219,18489092,2.354455,25.3639,24.9557,23.5382,1.528613,2024,7,0,3
2024-07-16,26.3539,26.5293,26.2048,26.38,26.38,21786010,0.614207,25.4312,25.0164,23.5513,1.526217,2024,7,1,3
2024-07-17,26.2295,26.3606,26.1436,26.2745,26.2745,10014240,-0.400048,25.4995,25.065,23.5628,1.523553,2024,7,2,3
2024-07-18,26.294,26.3737,26.2154,26.2951,26.2951,6971605,0.078248,25.556,25.1091,23.5728,1.513588,2024,7,3,3
2024-07-19,25.7055,26.0328,25.4963,25.8227,25.8227,3929282,-1.796468,25.6175,25.1511,23.5834,1.475878,2024,7,4,3
2024-07-22,26.1956,26.3528,25.9318,26.0882,26.0882,9160202,1.028407,25.6814,25.1957,23.5967,1.479619,2024,7,0,3
2024-07-23,26.2701,26.5873,26.1437,26.46,26.46,16795891,1.425007,25.7241,25.2433,23.6132,1.340482,2024,7,1,3
2024-07-24,26.3568,26.4396,26.2174,26.3,26.3,15825871,-0.604704,25.7838,25.2786,23.6305,1.260211,2024,7,2,3
2024-07-25,26.1034,26.2045,26.0366,26.1376,26.1376,12172785,-0.617559,25.8299,25.2985,23.6454,1.273608,2024,7,3,3
2024-07-26,26.1454,26.3389,26.0753,26.2685,26.2685,6357636,0.500761,25.8934,25.3282,23.6614,1.250997,2024,7,4,3
2024-07-29,26.1427,26.2959,25.9685,26.1216,26.1216,2718106,-0.559229,25.9396,25.3605,23.677,1.256812,2024,7,0,3
2024-07-30,25.9615,26.173,25.913,26.1242,26.1242,5955358,0.009907,25.9837,25.4013,23.696,1.25744,2024,7,1,3
2024-07-31,26.9801,27.0368,26.9191,26.9758,26.9758,10872935,3.259947,26.0808,25.4601,23.7181,1.408594,2024,7,2,3
2024-08-01,26.735,26.9676,26.6559,26.888,26.888,7063418,-0.325377,26.1623,25.5128,23.7417,1.411749,2024,8,3,3
2024-08-02,26.8072,26.8663,26.6988,26.7578,26.7578,12723447,-0.484246,26.2013,25.5549,23.7645,1.289149,2024,8,4,3
2024-08-05,26.4179,26.6653,26.2692,26.516,26.516,31136894,-0.903757,26.2308,25.5922,23.7854,1.308854,2024,8,0,3
2024-08-06,26.7869,27.0025,26.6199,26.8353,26.8353,10665635,1.204147,26.261,25.6374,23.8056,1.310166,2024,8,1,3
2024-08-07,26.8111,26.9946,26.5964,26.7796,26.7796,7316455,-0.20739,26.313,25.6798,23.8276,1.227339,2024,8,2,3
2024-08-08,26.4556,26.696,26.2976,26.5376,26.5376,8096870,-0.903891,26.3699,25.7228,23.8534,1.20324,2024,8,3,3
2024-08-09,27.0813,27.2906,26.8783,27.0875,27.0875,12120211,2.072453,26.4434,25.7607,23.8814,1.266,2024,8,4,3
2024-08-12,27.5109,27.8064,27.3838,27.6785,27.6785,6945241,2.181705,26.5164,25.822,23.9093,1.251662,2024,8,0,3
2024-08-13,27.5012,27.6325,27.301,27.432,27.432,10143847,-0.890769,26.569,25.8763,23.9337,1.275437,2024,8,1,3
2024-08-14,26.8603,27.155,26.3793,26.672,26.672,16459964,-2.770481,26.5889,25.8997,23.9539,1.43466,2024,8,2,3
2024-08-15,27.4013,27.4629,27.0378,27.0987,27.0987,11929800,1.599862,26.6291,25.9312,23.9769,1.474096,2024,8,3,3
2024-08-16,26.8457,26.9544,26.7272,26.8359,26.8359,12589161,-0.969826,26.6797,25.9585,23.9972,1.427166,2024,8,4,3
2024-08-19,27.2617,27.4101,27.0281,27.176,27.176,12975899,1.267491,26.7341,25.9949,24.0208,1.435428,2024,8,0,3
2024-08-20,26.2004,26.607,25.9834,26.3884,26.3884,4412312,-2.898245,26.7306,26.0164,24.0395,1.563319,2024,8,1,3
2024-08-21,26.9342,27.0672,26.6411,26.7733,26.7733,15093954,1.458654,26.7542,26.0346,24.0591,1.589316,2024,8,2,3
2024-08-22,26.3929,26.5425,26.162,26.3112,26.3112,7227395,-1.726043,26.7629,26.0605,24.0746,1.63439,2024,8,3,3
2024-08-23,26.582,26.6911,26.5244,26.6335,26.6335,5148448,1.225039,26.7811,26.0806,24.0869,1.652921,2024,8,4,3
2024-08-26,26.7998,26.9362,26.5321,26.6678,26.6678,4229920,0.128859,26.8085,26.1119,24.0987,1.646018,2024,8,0,3
2024-08-27,26.2878,26.3798,26.2226,26.3145,26.3145,13162929,-1.324734,26.818,26.1375,24.1097,1.677319,2024,8,1,3
2024-08-28,26.1417,26.3834,25.9483,26.1896,26.1896,7667568,-0.474646,26.7787,26.1631,24.1202,1.499584,2024,8,2,3
2024-08-29,26.5483,26.6637,26.3827,26.4979,26.4979,3594632,1.177037,26.7592,26.1898,24.1355,1.527034,2024,8,3,3
2024-08-30,26.4598,26.8985,26.1356,26.5729,26.5729,11258730,0.282865,26.7499,26.2294,24.1524,1.525501,2024,8,4,3
2024-09-02,26.948,27.065,26.7218,26.8383,26.8383,4039738,0.998982,26.766,26.2699,24.1713,1.527051,2024,9,0,3
2024-09-03,27.5447,27.786,27.4209,27.6616,27.6616,13878688,3.067461,26.8073,26.3111,24.1952,1.651553,2024,9,1,3
2024-09-04,26.9105,27.1349,26.8002,27.024,27.024,13586067,-2.304759,26.8196,26.3494,24.2155,1.740612,2024,9,2,3
2024-09-05,27.6034,28.1032,27.206,27.7042,27.7042,20292730,2.517006,26.8779,26.3992,24.2407,1.807711,2024,9,3,3
2024-09-06,27.8434,28.2342,27.3694,27.759,27.759,24219729,0.197762,26.9115,26.4544,24.2641,1.755031,2024,9,4,3
2024-09-09,27.3287,27.5154,27.2098,27.3963,27.3963,4461883,-1.306831,26.8974,26.4984,24.2856,1.714014,2024,9,0,3
2024-09-10,26.7238,26.9363,26.6566,26.8687,26.8687,10796288,-1.925695,26.8692,26.5309,24.3045,1.75624,2024,9,1,3
2024-09-11,26.7575,27.0229,26.5576,26.8225,26.8225,7011051,-0.171838,26.8767,26.5667,24.3236,1.639674,2024,9,2,3
2024-09-12,27.2212,27.58,26.866,27.2247,27.2247,13444187,1.499383,26.883,26.606,24.3445,1.634793,2024,9,3,3
2024-09-13,27.0678,27.3589,26.906,27.1963,27.1963,9295266,-0.104279,26.901,26.6304,24.3637,1.618139,2024,9,4,3
2024-09-16,27.71,28.0151,27.5339,27.8382,27.8382,9460637,2.360187,26.9341,26.6686,24.3877,1.677723,2024,9,0,3
2024-09-17,27.4753,27.542,27.1791,27.2452,27.2452,8813487,-2.130201,26.977,26.6889,24.4098,1.612178,2024,9,1,3
2024-09-18,27.1716,27.333,27.1042,27.2655,27.2655,4155059,0.074382,27.0016,26.7194,24.4324,1.583502,2024,9,2,3
2024-09-19,26.7438,26.8878,26.6346,26.7784,26.7784,19734943,-1.786224,27.025,26.747,24.4548,1.587213,2024,9,3,3
2024-09-20,26.9202,27.1152,26.765,26.9598,26.9598,11955592,0.677301,27.0413,26.7739,24.4794,1.571426,2024,9,4,3
2024-09-23,27.3052,27.4907,27.166,27.3513,27.3513,17847174,1.45211,27.0754,26.7965,24.5066,1.601489,2024,9,0,3
2024-09-24,27.2717,27.4975,26.9787,27.204,27.204,7359448,-0.538331,27.1199,26.813,24.5314,1.573067,2024,9,1,3
2024-09-25,26.2693,26.3262,26.1134,26.1701,26.1701,9656783,-3.800772,27.1189,26.8109,24.5505,1.804502,2024,9,2,3
2024-09-26,26.2658,26.5579,26.0061,26.298,26.298,4596336,0.488626,27.109,26.811,24.5698,1.787592,2024,9,3,3
2024-09-27,26.3867,26.5899,26.315,26.5178,26.5178,11567872,0.83612,27.1062,26.8249,24.5887,1.796825,2024,9,4,3
2024-09-30,26.8592,26.9123,26.6702,26.723,26.723,4945177,0.773709,27.1004,26.8376,24.6087,1.790963,2024,9,0,3
2024-10-01,27.2486,27.3273,27.1803,27.259,27.259,33794068,2.005736,27.0803,26.8536,24.6307,1.708916,2024,10,1,4
2024-10-02,27.0372,27.1536,26.7357,26.8514,26.8514,4758846,-1.495427,27.0717,26.8646,24.6507,1.661881,2024,10,2,4
2024-10-03,26.9202,27.6143,26.4741,27.1642,27.1642,11598807,1.164957,27.0447,26.8851,24.6718,1.578716,2024,10,3,4
2024-10-04,27.7047,27.9354,27.4525,27.683,27.683,28160137,1.910109,27.0409,26.9134,24.6965,1.640177,2024,10,4,4
2024-10-07,27.1752,27.3864,26.7586,26.9682,26.9682,17535699,-2.582137,27.0195,26.9303,24.7216,1.71663,2024,10,0,4
2024-10-08,27.0976,27.2151,27.0185,27.1359,27.1359,9988141,0.621928,27.0328,26.9506,24.7477,1.665008,2024,10,1,4
2024-10-09,26.9418,27.0934,26.8147,26.9662,26.9662,5037698,-0.625648,27.04,26.9504,24.7704,1.671453,2024,10,2,4
2024-10-10,27.0043,27.1844,26.7925,26.9724,26.9724,3507848,0.023174,27.0274,26.9521,24.7915,1.635834,2024,10,3,4
2024-10-11,27.0919,27.3761,26.8688,27.1526,27.1526,14383330,0.667898,27.0252,26.96,24.8117,1.643177,2024,10,4,4
2024-10-14,26.9575,27.0957,26.853,26.9912,26.9912,22111644,-0.594462,26.9829,26.9695,24.8289,1.550481,2024,10,0,4
2024-10-15,26.7221,26.8939,26.5866,26.7582,26.7582,7218396,-0.862984,26.9585,26.9679,24.8448,1.489694,2024,10,1,4
2024-10-16,26.7503,26.9905,26.5779,26.8176,26.8176,4217933,0.221961,26.9361,26.9687,24.8607,1.490861,2024,10,2,4
2024-10-17,26.555,26.7295,26.2515,26.4251,26.4251,2374132,-1.463514,26.9184,26.9664,24.8756,1.472972,2024,10,3,4
2024-10-18,26.0959,26.315,25.8292,26.0479,26.0479,5728076,-1.427741,26.8729,26.9456,24.8892,1.492891,2024,10,4,4
2024-10-21,26.4015,26.5571,26.2197,26.3751,26.3751,9326990,1.256354,26.824,26.9196,24.9034,1.482361,2024,10,0,4
2024-10-22,26.0603,26.1666,25.8702,25.9763,25.9763,27295294,-1.512202,26.7627,26.8905,24.9134,1.510785,2024,10,1,4
2024-10-23,26.2721,26.4271,26.145,26.2999,26.2999,14929641,1.245882,26.7692,26.883,24.9252,1.285906,2024,10,2,4
2024-10-24,26.4581,26.6485,26.3503,26.5403,26.5403,11347479,0.914115,26.7813,26.8718,24.9391,1.297316,2024,10,3,4
2024-10-25,25.8443,26.0494,25.702,25.9068,25.9068,9370300,-2.387148,26.7507,26.8533,24.9498,1.391797,2024,10,4,4
2024-10-28,25.7109,25.9559,25.4659,25.7108,25.7108,6497617,-0.756503,26.7001,26.824,24.9585,1.382849,2024,10,0,4
2024-10-29,26.1317,26.3188,26.0561,26.2429,26.2429,26134589,2.069726,26.6493,26.8211,24.9724,1.388245,2024,10,1,4
2024-10-30,25.8662,26.0438,25.7407,25.918,25.918,11286183,-1.237929,26.6026,26.8039,24.9886,1.376554,2024,10,2,4
2024-10-31,25.7525,25.954,25.6045,25.8057,25.8057,2462896,-0.433307,26.5347,26.7938,25.0052,1.341051,2024,10,3,4
2024-11-01,26.2769,26.478,25.8561,26.0555,26.0555,6364210,0.967726,26.4533,26.7823,25.0248,1.276237,2024,11,4,4
2024-11-04,26.1354,26.5485,26.017,26.4287,26.4287,6130414,1.432336,26.4264,26.7775,25.047,1.211602,2024,11,0,4
2024-11-05,26.3699,26.4521,26.3068,26.3889,26.3889,5938041,-0.150482,26.389,26.779,25.0691,1.199834,2024,11,1,4
2024-11-06,26.3945,26.5768,26.0324,26.2135,26.2135,12714920,-0.664629,26.3514,26.7795,25.0908,1.200708,2024,11,2,4
2024-11-07,26.8509,26.9005,26.7882,26.8378,26.8378,10990063,2.381585,26.3446,26.7863,25.113,1.326261,2024,11,3,4
2024-11-08,27.6739,27.948,27.3175,27.5907,27.5907,11808952,2.805516,26.3665,26.8066,25.1383,1.463378,2024,11,4,4
2024-11-11,28.0461,28.2473,27.8337,28.0349,28.0349,23167605,1.609664,26.4187,26.8305,25.1651,1.491821,2024,11,0,4
2024-11-12,28.0262,28.2423,27.8855,28.1012,28.1012,5516428,0.2368,26.4859,26.8393,25.191,1.47068,2024,11,1,4
2024-11-13,27.5409,27.9207,27.4115,27.7901,27.7901,29964647,-1.107193,26.5345,26.8547,25.2172,1.501969,2024,11,2,4
2024-11-14,27.5027,27.6039,27.379,27.4801,27.4801,6554179,-1.115511,26.5873,26.8502,25.2399,1.483723,2024,11,3,4
2024-11-15,27.6522,27.9237,27.4673,27.7382,27.7382,10010651,0.939353,26.6718,26.8498,25.2639,1.440287,2024,11,4,4
2024-11-18,27.8616,28.1392,27.674,27.9511,27.9511,7787081,0.767267,26.7506,26.8609,25.2877,1.427734,2024,11,0,4
2024-11-19,28.5166,28.6762,28.4141,28.5736,28.5736,12368625,2.227148,26.8804,26.895,25.3164,1.422726,2024,11,1,4
2024-11-20,29.0767,29.219,28.7339,28.8752,28.8752,12627788,1.055477,27.0092,26.936,25.3491,1.418011,2024,11,2,4
2024-11-21,28.513,28.6913,28.0646,28.2413,28.2413,15037469,-2.195213,27.0942,26.9563,25.377,1.5334,2024,11,3,4
2024-11-22,28.7421,28.8623,28.597,28.7171,28.7171,6778805,1.68491,27.2348,26.9868,25.4065,1.420934,2024,11,4,4
2024-11-25,28.2564,28.5168,28.0491,28.3091,28.3091,5254131,-1.421008,27.3647,26.9962,25.4353,1.459736,2024,11,0,4
2024-11-26,28.0437,28.2634,27.9572,28.1764,28.1764,39304193,-0.468592,27.4614,27.0148,25.4648,1.425339,2024,11,1,4
2024-11-27,28.3687,28.5319,28.1527,28.3156,28.3156,6571998,0.493948,27.5812,27.0358,25.4928,1.374488,2024,11,2,4
2024-11-28,29.4025,29.5285,29.0691,29.1942,29.1942,19495504,3.10309,27.7507,27.0841,25.5271,1.478126,2024,11,3,4
2024-11-29,30.5397,30.8195,30.2905,30.57,30.57,5793485,4.712288,27.9764,27.1563,25.5653,1.737646,2024,11,4,4
2024-12-02,30.5422,31.0136,30.366,30.8357,30.8357,7930087,0.869121,28.1967,27.226,25.6062,1.731691,2024,12,0,4
2024-12-03,30.8158,30.8947,30.6548,30.7335,30.7335,7905063,-0.331395,28.414,27.2966,25.6454,1.737316,2024,12,1,4
2024-12-04,31.0869,31.3327,30.7201,30.9649,30.9649,12211924,0.752869,28.6515,27.3925,25.686,1.703909,2024,12,2,4
2024-12-05,31.159,31.4461,31.0713,31.3579,31.3579,1953548,1.269252,28.8775,27.4937,25.7275,1.669084,2024,12,3,4
2024-12-06,31.2023,31.4176,30.9651,31.1803,31.1803,9845328,-0.566296,29.057,27.5869,25.7688,1.62496,2024,12,4,4
2024-12-09,32.0556,32.1711,31.8826,31.9979,31.9979,6064087,2.622118,29.2552,27.6924,25.8143,1.672304,2024,12,0,4
2024-12-10,32.0609,32.336,31.7953,32.0703,32.0703,10157563,0.22631,29.4536,27.7887,25.8599,1.672451,2024,12,1,4
2024-12-11,32.1686,32.529,31.9111,32.2707,32.2707,4829270,0.624766,29.6777,27.8971,25.9081,1.619259,2024,12,2,4
2024-12-12,32.6826,33.0024,32.2318,32.5503,32.5503,5610913,0.866565,29.9312,28.0048,25.9562,1.557756,2024,12,3,4
2024-12-13,32.6555,32.815,32.5488,32.7082,32.7082,7444323,0.485192,30.1797,28.1053,26.0058,1.559872,2024,12,4,4
2024-12-16,32.8735,33.2227,32.7216,33.0699,33.0699,5185474,1.105794,30.4356,28.2273,26.0573,1.56089,2024,12,0,4
2024-12-17,32.4388,32.9879,32.1602,32.707,32.707,7348998,-1.097541,30.6423,28.3387,26.1086,1.584025,2024,12,1,4
2024-12-18,32.5473,32.6757,32.2561,32.3839,32.3839,4689478,-0.987652,30.8177,28.4471,26.1623,1.62455,2024,12,2,4
2024-12-19,31.8857,32.0198,31.6735,31.8072,31.8072,3628957,-1.780794,30.996,28.5438,26.2131,1.589453,2024,12,3,4
2024-12-20,31.9978,32.1243,31.8601,31.9866,31.9866,16387009,0.563789,31.1595,28.6405,26.2605,1.569119,2024,12,4,4
2024-12-23,32.2706,32.4227,32.1755,32.3275,32.3275,4451299,1.065862,31.3604,28.7472,26.3081,1.501616,2024,12,0,4
2024-12-24,32.4415,32.7702,32.1821,32.5102,32.5102,7994656,0.565292,31.5771,28.8622,26.3564,1.47773,2024,12,1,4
2024-12-25,33.1411,33.3671,33.0586,33.2843,33.2843,18414084,2.380991,31.8255,28.9916,26.4089,1.521583,2024,12,2,4
2024-12-26,33.1666,33.4586,32.9323,33.2239,33.2239,5732706,-0.181461,32.027,29.1275,26.4607,1.437402,2024,12,3,4
2024-12-27,33.2171,33.9138,32.8079,33.5012,33.5012,5683184,0.834521,32.1736,29.2766,26.5128,1.078508,2024,12,4,4
2024-12-30,32.7953,33.1936,32.4947,32.8922,32.8922,12556234,-1.817865,32.2764,29.407,26.5637,1.187305,2024,12,0,4
2024-12-31,32.6127,32.888,32.3783,32.6533,32.6533,17934504,-0.726105,32.3724,29.5405,26.6112,1.202066,2024,12,1,4
2025-01-01,33.0313,33.1637,32.8189,32.9509,32.9509,4682847,0.911416,32.4717,29.6735,26.6588,1.205656,2025,1,2,1
2025-01-02,33.3164,33.4686,33.1696,33.3217,33.3217,8937867,1.125306,32.5699,29.8091,26.7069,1.200097,2025,1,3,1
2025-01-03,33.224,33.2843,33.0585,33.1187,33.1187,3176032,-0.609492,32.6668,29.9534,26.7529,1.201796,2025,1,4,1
2025-01-06,33.2096,33.4655,32.7769,33.0314,33.0314,6652584,-0.263468,32.7185,30.0998,26.7984,1.076104,2025,1,0,1
2025-01-07,32.3659,32.5769,32.0195,32.2295,32.2295,12229206,-2.427594,32.7264,30.2195,26.8385,1.221848,2025,1,1,1
2025-01-08,32.0836,32.3569,31.7504,32.0233,32.0233,5407703,-0.639894,32.7141,30.3416,26.8764,1.222274,2025,1,2,1
2025-01-09,32.4232,32.5729,32.2719,32.4216,32.4216,7575781,1.24386,32.7076,30.4739,26.9169,1.23965,2025,1,3,1
2025-01-10,32.536,32.7552,32.4453,32.6642,32.6642,3947035,0.748071,32.7054,30.6061,26.9595,1.246579,2025,1,4,1
2025-01-13,32.9651,33.0375,32.7956,32.8678,32.8678,9417046,0.623522,32.6953,30.7349,27.0028,1.228611,2025,1,0,1
2025-01-14,33.0675,33.2426,32.6729,32.8468,32.8468,15265348,-0.064003,32.7023,30.8641,27.0431,1.202515,2025,1,1,1
2025-01-15,32.8501,33.1849,32.4709,32.8052,32.8052,4246791,-0.126459,32.7234,30.9959,27.0854,1.179421,2025,1,2,1
2025-01-16,32.685,32.907,32.2159,32.4363,32.4363,6758674,-1.124759,32.7548,31.1079,27.1285,1.133427,2025,1,3,1
2025-01-17,32.54,32.9149,32.3658,32.7397,32.7397,12820419,0.935611,32.7925,31.2108,27.1726,1.144361,2025,1,4,1
2025-01-20,32.7524,33.1743,32.4836,32.9043,32.9043,18210889,0.502588,32.8213,31.3082,27.2173,1.126722,2025,1,0,1
2025-01-21,33.215,33.3363,32.9809,33.1018,33.1018,3655581,0.600216,32.8509,31.4082,27.2625,1.127517,2025,1,1,1
2025-01-22,32.8261,32.9537,32.664,32.7914,32.7914,8597955,-0.937561,32.8263,31.5083,27.3055,1.011842,2025,1,2,1
2025-01-23,31.856,31.9501,31.5959,31.6895,31.6895,16075415,-3.360582,32.7495,31.5925,27.3433,1.251628,2025,1,3,1
2025-01-24,32.1883,32.4419,31.9368,32.1903,32.1903,9866563,1.580602,32.684,31.6815,27.3808,1.295338,2025,1,4,1
2025-01-27,31.818,32.1074,31.6401,31.9289,31.9289,2106511,-0.812213,32.6358,31.7611,27.4199,1.247511,2025,1,0,1
2025-01-28,31.4639,31.694,31.2608,31.4908,31.4908,13812517,-1.372084,32.5777,31.8194,27.458,1.271586,2025,1,1,1
2025-01-29,31.6074,31.9095,31.5009,31.8024,31.8024,23807219,0.989473,32.5203,31.8779,27.4978,1.275206,2025,1,2,1
2025-01-30,31.4507,31.8609,31.1843,31.5933,31.5933,9715665,-0.657432,32.4339,31.945,27.5393,1.241809,2025,1,3,1
2025-01-31,32.2026,32.2908,31.99,32.0779,32.0779,5611181,1.533701,32.3818,32.0122,27.5832,1.300995,2025,1,4,1
2025-02-03,32.4606,32.6842,32.1249,32.3477,32.3477,6861084,0.841225,32.3476,32.093,27.6254,1.319309,2025,2,0,1
2025-02-04,32.6945,32.7614,32.5802,32.6471,32.6471,27379245,0.925512,32.3685,32.1824,27.6688,1.216491,2025,2,1,1
2025-02-05,31.7201,32.0746,31.5864,31.94,31.94,19924827,-2.165781,32.3644,32.2549,27.7081,1.307871,2025,2,2,1
2025-02-06,32.4502,32.605,32.3421,32.4968,32.4968,15770058,1.743186,32.3681,32.3209,27.7522,1.337395,2025,2,3,1
2025-02-07,32.4296,32.809,32.2109,32.5893,32.5893,10469765,0.284581,32.3644,32.3613,27.7977,1.3281,2025,2,4,1
2025-02-10,32.5248,32.6026,32.295,32.3724,32.3724,6101111,-0.66532,32.3396,32.392,27.8426,1.327367,2025,2,0,1
2025-02-11,32.3346,32.5167,32.2284,32.4102,32.4102,7258359,0.116751,32.3178,32.4256,27.8879,1.328007,2025,2,1,1
2025-02-12,31.3774,31.6702,31.2222,31.5143,31.5143,11975717,-2.76448,32.2532,32.4366,27.9262,1.459606,2025,2,2,1
2025-02-13,31.6968,31.7897,31.6001,31.693,31.693,12380017,0.567302,32.2161,32.4433,27.9643,1.45161,2025,2,3,1
2025-02-14,31.106,31.3826,30.9097,31.1859,31.1859,26217042,-1.600327,32.1384,32.4434,28.0016,1.466541,2025,2,4,1
2025-02-17,30.7271,30.9475,30.3267,30.5458,30.5458,22207854,-2.052345,32.0204,32.4143,28.035,1.509776,2025,2,0,1
2025-02-18,29.7662,29.9499,29.6706,29.8539,29.8539,4996023,-2.265012,31.858,32.37,28.0639,1.549262,2025,2,1,1
2025-02-19,30.2019,30.6383,29.9369,30.3719,30.3719,12271581,1.734797,31.7371,32.332,28.0931,1.623329,2025,2,2,1
2025-02-20,29.8354,30.3696,29.5628,30.0946,30.0946,14740816,-0.912905,31.6573,32.2829,28.1178,1.471125,2025,2,3,1
2025-02-21,30.7982,30.8695,30.7308,30.802,30.802,16924289,2.350749,31.5879,32.2448,28.1479,1.530382,2025,2,4,1
2025-02-24,30.4872,30.7587,30.2847,30.5558,30.5558,6368156,-0.799298,31.5193,32.1945,28.1782,1.530117,2025,2,0,1
2025-02-25,29.6095,30.1315,29.2597,29.7797,29.7797,69925981,-2.540034,31.4337,32.136,28.2066,1.597664,2025,2,1,1
2025-02-26,29.4424,29.7035,29.0432,29.303,29.303,4927630,-1.600652,31.3087,32.0744,28.233,1.595448,2025,2,2,1
2025-02-27,29.9577,30.2092,29.6272,29.878,29.878,5784187,1.962059,31.223,32.0358,28.2611,1.678254,2025,2,3,1
2025-02-28,29.8251,30.0796,29.5741,29.8285,29.8285,9508997,-0.165618,31.1105,31.9926,28.287,1.624537,2025,2,4,1
2025-03-03,29.7665,29.8367,29.5352,29.605,29.605,32791303,-0.749393,30.9734,31.9382,28.3117,1.601913,2025,3,0,1
2025-03-04,29.7811,29.8904,29.5934,29.7024,29.7024,5161779,0.329181,30.8261,31.882,28.3374,1.580769,2025,3,1,1
2025-03-05,29.852,30.3237,29.4801,29.9506,29.9506,7950767,0.835434,30.7267,31.8153,28.3638,1.552479,2025,3,2,1
2025-03-06,30.3457,30.7024,30.1165,30.4723,30.4723,20497670,1.74206,30.6254,31.7603,28.3943,1.552401,2025,3,3,1
2025-03-07,31.2458,31.4351,30.9552,31.1439,31.1439,11327967,2.203786,30.5532,31.7131,28.424,1.64747,2025,3,4,1
2025-03-10,31.0213,31.1199,30.8739,30.9722,30.9722,7270213,-0.551091,30.4832,31.6747,28.4558,1.646019,2025,3,0,1
2025-03-11,30.3768,30.4529,30.2801,30.3562,30.3562,15791733,-1.989048,30.3805,31.6288,28.484,1.690894,2025,3,1,1
2025-03-12,30.0782,30.3165,29.9425,30.1804,30.1804,10518676,-0.579134,30.3138,31.5734,28.5074,1.591866,2025,3,2,1
2025-03-13,30.388,30.6813,30.0217,30.3143,30.3143,16157575,0.443828,30.2448,31.5132,28.5314,1.588954,2025,3,3,1
2025-03-14,29.7993,29.9752,29.7141,29.8897,29.8897,22296299,-1.400853,30.18,31.4487,28.5535,1.580372,2025,3,4,1
2025-03-17,29.471,29.5459,29.4081,29.483,29.483,12271267,-1.360514,30.1269,31.3777,28.5741,1.54487,2025,3,0,1
2025-03-18,29.8375,29.9188,29.585,29.6658,29.6658,10704793,0.619981,30.1175,31.3264,28.5958,1.471469,2025,3,1,1
2025-03-19,29.593,30.0655,29.1999,29.6714,29.6714,9130894,0.018817,30.0824,31.2794,28.6149,1.41253,2025,3,2,1
2025-03-20,29.5263,30.0661,29.1756,29.7132,29.7132,11030920,0.141059,30.0634,31.2252,28.6384,1.400495,2025,3,3,1
2025-03-21,29.278,29.5511,29.1292,29.4017,29.4017,10021457,-1.048365,29.9934,31.16,28.6572,1.295572,2025,3,4,1
2025-03-24,29.45,29.5192,29.2644,29.3333,29.3333,8370113,-0.232689,29.9322,31.0893,28.6784,1.288515,2025,3,0,1
2025-03-25,28.9909,29.1219,28.8304,28.9614,28.9614,20615410,-1.268043,29.8913,31.0116,28.698,1.194707,2025,3,1,1
2025-03-26,29.3752,29.536,29.2296,29.3904,29.3904,25668133,1.481284,29.8957,30.9433,28.7204,1.194127,2025,3,2,1
2025-03-27,29.8197,29.9414,29.7591,29.8806,29.8806,4300276,1.668002,29.8958,30.8922,28.744,1.170555,2025,3,3,1
2025-03-28,29.1337,29.2857,28.9257,29.0773,29.0773,12495172,-2.688397,29.8583,30.8189,28.7664,1.316907,2025,3,4,1
2025-03-31,28.615,29.1932,28.1359,28.7125,28.7125,6636798,-1.25448,29.8136,30.7351,28.7859,1.334355,2025,3,0,1
2025-04-01,28.1504,28.3103,27.9564,28.1161,28.1161,9454844,-2.077346,29.7343,30.6354,28.7985,1.396456,2025,4,1,2
2025-04-02,27.8204,28.0659,27.6571,27.9021,27.9021,11747706,-0.761121,29.6319,30.5376,28.8125,1.375732,2025,4,2,2
2025-04-03,27.8314,28.0388,27.7247,27.9317,27.9317,12208173,0.106229,29.5049,30.4624,28.8261,1.291172,2025,4,3,2
2025-04-04,27.3186,27.4973,27.21,27.3884,27.3884,10446670,-1.944959,29.3171,30.3664,28.838,1.174351,2025,4,4,2
2025-04-07,27.0444,27.3673,26.7626,27.0851,27.0851,3106681,-1.107557,29.1227,30.2695,28.8474,1.17887,2025,4,0,2
2025-04-08,26.7536,26.8494,26.663,26.7588,26.7588,5576997,-1.204716,28.9429,30.1749,28.855,1.144947,2025,4,1,2
2025-04-09,26.9556,27.0989,26.787,26.9302,26.9302,15443483,0.640694,28.7804,30.0774,28.8645,1.179349,2025,4,2,2
2025-04-10,26.6442,27.2573,26.4333,27.0432,27.0432,1674349,0.419486,28.6168,29.9864,28.8734,1.178269,2025,4,3,2
2025-04-11,26.7466,27.0166,26.5638,26.8333,26.8333,18864362,-0.776302,28.464,29.8815,28.8777,1.163064,2025,4,4,2
2025-04-14,26.9496,27.1037,26.838,26.9919,26.9919,12222739,0.591111,28.3394,29.7744,28.883,1.171683,2025,4,0,2
2025-04-15,27.0166,27.1605,26.712,26.855,26.855,19419029,-0.507301,28.1989,29.6586,28.8862,1.145132,2025,4,1,2
2025-04-16,26.7169,26.8993,26.6507,26.8328,26.8328,7218672,-0.082461,28.057,29.5564,28.8916,1.142985,2025,4,2,2
2025-04-17,27.6122,27.8737,27.3329,27.5942,27.5942,3604042,2.837629,27.951,29.4584,28.9026,1.360374,2025,4,3,2
2025-04-18,28.3906,28.5417,28.0717,28.2218,28.2218,14963403,2.274417,27.892,29.371,28.9156,1.470393,2025,4,4,2
2025-04-21,27.5867,27.7834,27.5359,27.7323,27.7323,23256386,-1.734532,27.812,29.2782,28.9232,1.510264,2025,4,0,2
2025-04-22,28.1924,28.2753,28.0653,28.148,28.148,18048759,1.499028,27.7713,29.193,28.932,1.54041,2025,4,1,2
2025-04-23,28.4614,28.6149,28.3997,28.553,28.553,6900151,1.438715,27.7294,29.1338,28.9434,1.538092,2025,4,2,2
2025-04-24,28.0589,28.2353,27.9394,28.1156,28.1156,11049498,-1.531804,27.6412,29.0622,28.9525,1.506979,2025,4,3,2
2025-04-25,28.4326,28.8638,28.0942,28.5242,28.5242,7475758,1.453322,27.6135,29.009,28.966,1.443757,2025,4,4,2
2025-04-28,29.1522,29.577,28.814,29.2378,29.2378,7281890,2.501619,27.6398,28.9828,28.9818,1.525744,2025,4,0,2
2025-04-29,29.1003,29.1744,28.7136,28.7869,28.7869,18637850,-1.542192,27.6733,28.9615,28.9934,1.489786,2025,4,1,2
2025-04-30,28.5374,28.6433,28.3357,28.4413,28.4413,4847589,-1.200607,27.7003,28.9229,29.0041,1.506743,2025,4,2,2
2025-05-01,29.0606,29.1209,28.8729,28.9331,28.9331,6269972,1.729059,27.7503,28.8996,29.0181,1.549809,2025,5,3,2
2025-05-02,29.1561,29.3114,28.9437,29.0988,29.0988,4594723,0.572847,27.8359,28.8656,29.0323,1.467539,2025,5,4,2
2025-05-05,29.1957,29.4636,29.1171,29.3845,29.3845,3907880,0.981896,27.9508,28.8421,29.0486,1.435063,2025,5,0,2
2025-05-06,29.6208,29.9015,29.2938,29.5741,29.5741,9854260,0.64508,28.0916,28.838,29.0658,1.383664,2025,5,1,2
2025-05-07,29.911,30.2918,29.404,29.7832,29.7832,18315232,0.707024,28.2342,28.8476,29.0799,1.384072,2025,5,2,2
2025-05-08,29.1225,29.4481,28.8976,29.2223,29.2223,9908494,-1.883158,28.3432,28.8345,29.0915,1.484461,2025,5,3,2
2025-05-09,29.8392,30.0408,29.5237,29.7245,29.7245,4336546,1.718426,28.4878,28.8324,29.1064,1.485347,2025,5,4,2
2025-05-12,30.3647,30.4835,30.1609,30.2794,30.2794,18096047,1.866938,28.6521,28.8459,29.1252,1.515498,2025,5,0,2
2025-05-13,30.4214,30.6643,29.9566,30.1977,30.1977,23186149,-0.269798,28.8193,28.8558,29.142,1.50738,2025,5,1,2
2025-05-14,30.1518,30.2587,30.0954,30.2023,30.2023,5445113,0.015138,28.9878,28.8609,29.1591,1.505214,2025,5,2,2
2025-05-15,29.4033,29.7613,29.1759,29.5329,29.5329,8724466,-2.216169,29.0847,28.8421,29.1741,1.534419,2025,5,3,2
2025-05-16,29.7555,30.0316,29.5228,29.7986,29.7986,12844372,0.899491,29.1635,28.8152,29.1876,1.473305,2025,5,4,2
2025-05-19,30.26,30.4206,29.9275,30.0872,30.0872,25231232,0.968602,29.2813,28.7975,29.1997,1.400729,2025,5,0,2
2025-05-20,29.8664,30.2184,29.7355,30.0865,30.0865,5859434,-0.002562,29.3782,28.7921,29.213,1.379804,2025,5,1,2
2025-05-21,30.368,30.7816,30.209,30.6213,30.6213,4852959,1.777764,29.4816,28.8009,29.2327,1.395968,2025,5,2,2
2025-05-22,30.4957,30.901,30.0795,30.4848,30.4848,12731714,-0.445962,29.6001,28.8043,29.2496,1.338469,2025,5,3,2
2025-05-23,30.7082,31.1407,30.3309,30.7627,30.7627,15256209,0.911718,29.712,28.8218,29.2693,1.321705,2025,5,4,2
2025-05-26,30.3077,30.4622,30.1523,30.3068,30.3068,10445236,-1.482007,29.7654,28.8382,29.2849,1.285903,2025,5,0,2
2025-05-27,30.4346,30.7266,30.029,30.3199,30.3199,5773064,0.043414,29.8421,28.8513,29.3046,1.220879,2025,5,1,2
2025-05-28,30.1975,30.3745,30.0876,30.2644,30.2644,15061261,-0.183239,29.9332,28.8632,29.322,1.176922,2025,5,2,2
2025-05-29,30.164,30.5192,30.0374,30.3917,30.3917,11901832,0.420522,30.0062,28.8768,29.3424,1.129761,2025,5,3,2
2025-05-30,30.4931,30.7957,29.9457,30.2458,30.2458,5531560,-0.480001,30.0635,28.8936,29.3605,1.138534,2025,5,4,2
2025-06-02,30.0915,30.2911,30.0127,30.212,30.212,8423189,-0.111556,30.1049,28.9112,29.3782,1.125169,2025,6,0,2
2025-06-03,30.4834,30.7876,30.3096,30.6131,30.6131,4486769,1.327506,30.1569,28.9442,29.3997,1.151179,2025,6,1,2
2025-06-04,30.5657,30.7422,30.2556,30.4314,30.4314,13514981,-0.593624,30.1893,28.9651,29.4209,1.156512,2025,6,2,2
2025-06-05,29.6749,29.9269,29.4689,29.7206,29.7206,10104547,-2.335583,30.2142,28.9619,29.437,1.201196,2025,6,3,2
2025-06-06,30.5298,30.8966,30.1709,30.5376,30.5376,9455250,2.748725,30.2548,28.9911,29.4569,1.293212,2025,6,4,2
2025-06-09,31.2516,31.3112,31.1319,31.1914,31.1914,11132107,2.141046,30.3004,29.0406,29.4786,1.313733,2025,6,0,2
2025-06-10,30.7275,30.9482,30.375,30.5949,30.5949,11391792,-1.912457,30.3203,29.0902,29.4933,1.390882,2025,6,1,2
2025-06-11,30.8903,31.0149,30.807,30.9315,30.9315,16665793,1.100447,30.3568,29.1508,29.5128,1.40949,2025,6,2,2
2025-06-12,30.8985,31.0622,30.549,30.7117,30.7117,13038099,-0.710621,30.4157,29.2064,29.5279,1.314674,2025,6,3,2
2025-06-13,30.5876,30.9588,30.481,30.8512,30.8512,7941939,0.454146,30.4683,29.2757,29.5433,1.306018,2025,6,4,2
2025-06-16,31.0973,31.2043,30.8964,31.0031,31.0031,13889149,0.492276,30.5141,29.354,29.5614,1.295214,2025,6,0,2
2025-06-17,30.8031,31.0028,30.7075,30.9069,30.9069,10807839,-0.310277,30.5551,29.437,29.5816,1.299044,2025,6,1,2
2025-06-18,30.7261,30.9609,30.325,30.5584,30.5584,7605940,-1.127517,30.552,29.5096,29.6002,1.268655,2025,6,2,2
2025-06-19,30.2811,30.4986,30.0465,30.2639,30.2639,8868139,-0.963876,30.541,29.574,29.6154,1.283381,2025,6,3,2
2025-06-20,29.7955,30.0315,29.6405,29.876,29.876,9219876,-1.281734,30.4966,29.6348,29.6288,1.29249,2025,6,4,2
2025-06-23,29.6177,29.6738,29.4834,29.5394,29.5394,13301798,-1.126635,30.4582,29.6858,29.6373,1.275373,2025,6,0,2
2025-06-24,29.6582,29.7313,29.4798,29.5527,29.5527,6476475,0.044964,30.4199,29.7397,29.6489,1.275384,2025,6,1,2
2025-06-25,29.3535,29.466,29.166,29.2783,29.2783,7515596,-0.928409,30.3706,29.7886,29.6589,1.288138,2025,6,2,2
2025-06-26,29.5043,29.7231,29.408,29.6264,29.6264,32193113,1.18888,30.3323,29.8293,29.6732,1.317414,2025,6,3,2
2025-06-27,30.2703,30.536,30.0637,30.329,30.329,20573625,2.371687,30.3365,29.8714,29.69,1.426143,2025,6,4,2
2025-06-30,30.0927,30.1958,29.9901,30.0932,30.0932,5863043,-0.777504,30.3305,29.9186,29.7037,1.437191,2025,6,0,2
2025-07-01,30.2292,30.4832,29.9802,30.2342,30.2342,12319449,0.468535,30.3116,29.9604,29.7189,1.407651,2025,7,1,3
2025-07-02,30.5825,30.7467,30.3273,30.4911,30.4911,10035791,0.849572,30.3146,29.9991,29.7405,1.415441,2025,7,2,3
2025-07-03,30.4845,30.8177,30.3996,30.7322,30.7322,11706375,0.790806,30.3652,30.0515,29.7627,1.310427,2025,7,3,3
2025-07-04,30.8289,30.8891,30.7277,30.7878,30.7878,9000790,0.180839,30.3777,30.0967,29.784,1.162495,2025,7,4,3
2025-07-07,31.1145,31.447,30.8184,31.1506,31.1506,20138750,1.178534,30.3756,30.135,29.8061,1.088841,2025,7,0,3
2025-07-08,31.2834,31.4483,31.224,31.3887,31.3887,11336743,0.764276,30.4153,30.187,29.8268,1.002608,2025,7,1,3
2025-07-09,30.7226,30.9123,30.6246,30.8141,30.8141,10581986,-1.830635,30.4094,30.2345,29.8466,1.065959,2025,7,2,3
2025-07-10,31.2087,31.4685,30.976,31.2356,31.2356,18985427,1.367815,30.4356,30.2805,29.867,1.095342,2025,7,3,3
2025-07-11,31.2066,31.7531,31.1176,31.6627,31.6627,11684883,1.367604,30.4762,30.3318,29.8869,1.129814,2025,7,4,3
2025-07-14,31.2157,31.4515,31.0682,31.3035,31.3035,10579619,-1.134441,30.4912,30.3702,29.9085,1.160938,2025,7,0,3
2025-07-15,31.2222,31.6223,30.9329,31.332,31.332,9834099,0.090902,30.5125,30.4053,29.9295,1.157763,2025,7,1,3
2025-07-16,31.7308,31.8185,31.5758,31.6633,31.6633,9146026,1.057578,30.5677,30.4429,29.953,1.141328,2025,7,2,3
2025-07-17,31.4659,31.6397,31.3941,31.5677,31.5677,8532129,-0.302224,30.6329,30.4899,29.976,1.115606,2025,7,3,3
2025-07-18,32.0539,32.1456,31.9898,32.0815,32.0815,7428397,1.627746,30.7432,30.537,30.0006,1.099463,2025,7,4,3
2025-07-21,33.4199,33.6464,32.9898,33.2149,33.2149,8576443,3.533042,30.927,30.5957,30.0317,1.250617,2025,7,0,3
2025-07-22,32.9272,33.0393,32.685,32.7967,32.7967,5514975,-1.259147,31.0892,30.6477,30.0619,1.313259,2025,7,1,3
2025-07-23,32.215,32.5016,31.8137,32.0992,32.0992,4978580,-2.126835,31.2302,30.6856,30.0883,1.407293,2025,7,2,3
2025-07-24,32.177,32.4532,31.9656,32.2414,32.2414,5135469,0.443146,31.361,30.7398,30.1174,1.397096,2025,7,3,3
2025-07-25,32.6544,32.7345,32.5037,32.5837,32.5837,8719364,1.061419,31.4737,30.7955,30.1501,1.33054,2025,7,4,3
2025-07-28,32.4273,32.5292,32.3558,32.4576,32.4576,9171444,-0.386749,31.5919,30.8429,30.1805,1.315626,2025,7,0,3
2025-07-29,33.1287,33.3845,32.899,33.1547,33.1547,9656658,2.147471,31.738,30.9043,30.2164,1.373393,2025,7,1,3
2025-07-30,32.5178,32.7256,32.2572,32.4646,32.4646,2773925,-2.08128,31.8366,30.9411,30.2472,1.482875,2025,7,2,3
2025-07-31,32.7134,33.2166,32.2894,32.7917,32.7917,24681900,1.007379,31.9396,30.9873,30.2785,1.487244,2025,7,3,3
2025-08-01,32.6708,32.7323,32.4157,32.4769,32.4769,18329690,-0.96,32.0241,31.0216,30.3113,1.515098,2025,8,4,3
2025-08-04,33.283,33.4451,33.1424,33.3044,33.3044,15647652,2.548014,32.1317,31.0815,30.3493,1.587159,2025,8,0,3
2025-08-05,34.358,34.4338,34.1977,34.2733,34.2733,39333359,2.909209,32.276,31.1606,30.3895,1.686232,2025,8,1,3
2025-08-06,34.0304,34.2082,33.6566,33.8334,33.8334,5607778,-1.28344,32.4269,31.232,30.429,1.651289,2025,8,2,3
2025-08-07,33.656,34.0107,33.1644,33.5177,33.5177,29506448,-0.933118,32.541,31.2945,30.4676,1.666364,2025,8,3,3
2025-08-08,33.7283,34.0955,33.5534,33.9195,33.9195,5545244,1.198822,32.6539,31.3679,30.5069,1.661446,2025,8,4,3
2025-08-11,33.7445,34.0307,33.3989,33.6846,33.6846,10519945,-0.692664,32.7729,31.4374,30.5432,1.643401,2025,8,0,3
2025-08-12,33.7429,34.0796,33.2929,33.6285,33.6285,3849534,-0.166509,32.8878,31.4977,30.5794,1.646788,2025,8,1,3
2025-08-13,33.7293,33.8086,33.5303,33.6094,33.6094,8162468,-0.056731,32.9851,31.5613,30.6164,1.641037,2025,8,2,3
2025-08-14,32.465,32.7231,32.3527,32.6102,32.6102,16266425,-2.972834,33.0372,31.6191,30.6452,1.795022,2025,8,3,3
2025-08-15,32.5066,32.79,32.3093,32.5922,32.5922,7371499,-0.055242,33.0627,31.6602,30.6702,1.762631,2025,8,4,3
2025-08-18,32.3728,32.6054,32.0129,32.2446,32.2446,14925093,-1.06673,33.0142,31.6812,30.6913,1.580974,2025,8,0,3
2025-08-19,31.9051,32.1781,31.7303,32.0027,32.0027,9773052,-0.75018,32.9745,31.7094,30.7108,1.565974,2025,8,1,3
2025-08-20,32.6581,32.7668,32.5886,32.6972,32.6972,8331703,2.170418,33.0044,31.7447,30.7353,1.56961,2025,8,2,3
2025-08-21,32.271,32.4884,31.8527,32.0688,32.0688,7925150,-1.921963,32.9958,31.7718,30.7583,1.630624,2025,8,3,3
2025-08-22,32.4543,32.5971,32.3178,32.4605,32.4605,16154362,1.221496,32.9896,31.804,30.7819,1.636563,2025,8,4,3
2025-08-25,32.2239,32.4145,32.1275,32.3178,32.3178,5881601,-0.439646,32.9826,31.8303,30.8037,1.637253,2025,8,0,3
2025-08-26,32.0654,32.2483,31.9956,32.1783,32.1783,15056928,-0.431679,32.9338,31.8557,30.8217,1.558131,2025,8,1,3
2025-08-27,32.6022,32.7235,32.4377,32.5588,32.5588,20555438,1.182563,32.9385,31.8957,30.8402,1.51417,2025,8,2,3
2025-08-28,32.542,32.807,32.4519,32.7165,32.7165,3222682,0.484163,32.9348,31.9448,30.8625,1.500771,2025,8,3,3
2025-08-29,32.9524,33.2075,32.7302,32.9851,32.9851,18358038,0.820913,32.9602,32.007,30.8839,1.493681,2025,8,4,3
2025-09-01,33.4923,33.56,33.3801,33.4477,33.4477,35160171,1.402516,32.9673,32.0851,30.9096,1.414247,2025,9,0,3
2025-09-02,33.4287,33.6612,33.0247,33.2559,33.2559,10378993,-0.573288,32.9165,32.1592,30.935,1.245545,2025,9,1,3
2025-09-03,33.0169,33.0892,32.8569,32.929,32.929,13736218,-0.983176,32.8712,32.2322,30.958,1.232822,2025,9,2,3
2025-09-04,32.2856,32.5111,32.153,32.3781,32.3781,19975771,-1.672916,32.8143,32.2873,30.974,1.268818,2025,9,3,3
2025-09-05,32.1242,32.5736,31.5262,31.9735,31.9735,8497419,-1.249624,32.717,32.3201,30.981,1.248243,2025,9,4,3
2025-09-08,33.3526,33.4592,33.2862,33.3927,33.3927,16510379,4.438582,32.7024,32.3861,30.9938,1.629657,2025,9,0,3
2025-09-09,33.8246,34.2829,33.5357,33.9926,33.9926,4919708,1.796736,32.7206,32.4613,31.0101,1.679433,2025,9,1,3
2025-09-10,33.2455,33.3497,33.1643,33.2684,33.2684,12479118,-2.130552,32.7035,32.5168,31.0216,1.750022,2025,9,2,3
2025-09-11,32.7752,32.9159,32.4479,32.5878,32.5878,15292597,-2.04594,32.7024,32.554,31.0277,1.679001,2025,9,3,3
2025-09-12,32.838,33.1609,32.4937,32.8163,32.8163,12423164,0.70144,32.7136,32.5945,31.0359,1.685969,2025,9,4,3
2025-09-15,33.0763,33.2294,32.9215,33.0746,33.0746,17528205,0.787008,32.7551,32.633,31.0413,1.672381,2025,9,0,3
2025-09-16,33.549,33.8643,33.0176,33.3308,33.3308,5798169,0.774498,32.8215,32.6719,31.0476,1.664382,2025,9,1,3
2025-09-17,32.9922,33.372,32.8034,33.1822,33.1822,6332272,-0.445846,32.8458,32.7192,31.0521,1.604472,2025,9,2,3
2025-09-18,32.9315,33.3806,32.654,33.1017,33.1017,26159710,-0.242508,32.8974,32.7565,31.0549,1.536367,2025,9,3,3
2025-09-19,33.0333,33.3777,32.9047,33.2482,33.2482,7954292,0.442636,32.9368,32.7882,31.0576,1.518066,2025,9,4,3
2025-09-22,33.3218,33.423,33.1712,33.2722,33.2722,9150486,0.072296,32.9845,32.8276,31.0586,1.512246,2025,9,0,3
2025-09-23,32.1669,32.2355,32.0769,32.1455,32.1455,13072020,-3.386487,32.9829,32.8439,31.0558,1.7048,2025,9,1,3
2025-09-24,32.2359,32.4006,31.8746,32.0382,32.0382,5213512,-0.333722,32.9568,32.8514,31.0541,1.683428,2025,9,2,3
2025-09-25,31.6657,31.8266,31.4741,31.6349,31.6349,26594340,-1.258972,32.9028,32.8527,31.0532,1.698439,2025,9,3,3
2025-09-26,31.6807,31.8308,31.5821,31.732,31.732,6185790,0.30712,32.8401,32.8457,31.0519,1.686757,2025,9,4,3
2025-09-29,33.1657,33.2276,33.1035,33.1654,33.1654,7583756,4.517227,32.826,32.8448,31.0561,1.961906,2025,9,0,3
2025-09-30,33.3479,33.4319,33.2483,33.3322,33.3322,6715145,0.502834,32.8298,32.8555,31.0602,1.960813,2025,9,1,3
2025-10-01,32.9345,33.2314,32.8597,33.1562,33.1562,2662643,-0.528036,32.8412,32.8766,31.0596,1.951058,2025,10,2,4
2025-10-02,33.9633,34.0955,33.4683,33.599,33.599,6839032,1.335684,32.9022,32.9038,31.0615,1.926875,2025,10,3,4
2025-10-03,33.8883,34.0866,33.6202,33.818,33.818,5054769,0.65168,32.9944,32.9284,31.0631,1.898138,2025,10,4,4
2025-10-06,34.0314,34.1568,33.8775,34.0028,34.0028,12846822,0.546524,33.025,32.9593,31.0686,1.632142,2025,10,0,4
2025-10-07,34.3649,34.5015,34.1442,34.2805,34.2805,6206148,0.816644,33.0393,32.9819,31.0768,1.592858,2025,10,1,4
2025-10-08,35.4009,35.7335,34.9691,35.3007,35.3007,21505273,2.976141,33.141,33.0386,31.0885,1.633009,2025,10,2,4
2025-10-09,34.6249,34.7151,34.5543,34.6444,34.6444,25529091,-1.85928,33.2438,33.0756,31.0951,1.619315,2025,10,3,4
2025-10-10,34.7583,34.9892,34.6157,34.8463,34.8463,14264532,0.582699,33.3453,33.123,31.1038,1.618055,2025,10,4,4
2025-10-13,34.3965,34.5787,34.1324,34.3142,34.3142,9210437,-1.526988,33.4073,33.1432,31.1102,1.664437,2025,10,0,4
2025-10-14,34.6163,34.7937,34.3859,34.563,34.563,9960487,0.725134,33.4689,33.149,31.1218,1.663573,2025,10,1,4
2025-10-15,33.9345,34.2137,33.7661,34.0448,34.0448,4179643,-1.499388,33.512,33.1532,31.1319,1.701179,2025,10,2,4
2025-10-16,33.992,34.1469,33.6462,33.8002,33.8002,8451426,-0.718409,33.5469,33.1589,31.1388,1.710146,2025,10,3,4
2025-10-17,33.6636,33.8109,33.4771,33.6242,33.6242,5273816,-0.520785,33.5657,33.153,31.1436,1.714093,2025,10,4,4
2025-10-20,34.1934,34.4246,33.8633,34.0938,34.0938,15477597,1.396859,33.6068,33.1612,31.1498,1.739582,2025,10,0,4
2025-10-21,34.7241,34.8545,34.4021,34.5318,34.5318,46953568,1.284586,33.7261,33.1792,31.1582,1.544329,2025,10,1,4
2025-10-22,33.8492,34.0576,33.6378,33.8462,33.8462,15172255,-1.98546,33.8165,33.184,31.1634,1.625945,2025,10,2,4
2025-10-23,33.8905,33.9716,33.7666,33.8476,33.8476,2424366,0.004068,33.9272,33.2087,31.1705,1.586784,2025,10,3,4
2025-10-24,33.5693,33.6498,33.3807,33.4609,33.4609,7929770,-1.142377,34.0136,33.2261,31.1741,1.621587,2025,10,4,4
2025-10-27,32.7159,32.9033,32.6238,32.811,32.811,12021078,-1.942326,33.9959,33.2374,31.1736,1.354009,2025,10,0,4
2025-10-28,32.7061,32.8822,32.523,32.6991,32.6991,9007666,-0.341142,33.9642,33.2514,31.1716,1.349179,2025,10,1,4
2025-10-29,32.5613,32.6708,32.4356,32.545,32.545,5648602,-0.471129,33.9337,33.2483,31.1703,1.34826,2025,10,2,4
2025-10-30,33.6011,34.1593,33.1736,33.7301,33.7301,15781526,3.641519,33.9402,33.2815,31.1805,1.558308,2025,10,3,4
2025-10-31,34.2406,34.4423,33.7262,33.9261,33.9261,4234493,0.580968,33.9456,33.3108,31.1892,1.556905,2025,10,4,4
2025-11-03,33.0116,33.3407,32.87,33.1984,33.1984,6527393,-2.144844,33.9054,33.3285,31.1956,1.624517,2025,11,0,4
2025-11-04,32.7344,33.0481,32.5923,32.9053,32.9053,13886171,-0.883048,33.8367,33.343,31.2026,1.618091,2025,11,1,4
2025-11-05,33.5791,33.7796,33.204,33.4035,33.4035,5646874,1.514103,33.7418,33.3599,31.2107,1.495827,2025,11,2,4
2025-11-06,34.5324,34.5964,34.3704,34.4342,34.4342,17663842,3.08554,33.7313,33.3942,31.2249,1.621839,2025,11,3,4
2025-11-07,33.441,33.6614,33.3587,33.5788,33.5788,5309688,-2.484154,33.6679,33.4061,31.2324,1.704908,2025,11,4,4
2025-11-10,32.6924,33.2092,32.0977,32.6132,32.6132,36723516,-2.875573,33.5829,33.3894,31.2337,1.786081,2025,11,0,4
2025-11-11,33.7261,33.8166,33.4392,33.5292,33.5292,7774200,2.808747,33.5312,33.3949,31.2381,1.902255,2025,11,1,4
2025-11-12,33.7037,33.9513,33.4601,33.7077,33.7077,7736274,0.532426,33.5143,33.4105,31.2469,1.879653,2025,11,2,4
2025-11-13,33.5935,33.698,33.1444,33.2478,33.2478,12454022,-1.364345,33.4867,33.4279,31.2507,1.897514,2025,11,3,4
2025-11-14,33.2719,33.8969,32.8807,33.5029,33.5029,6566472,0.767258,33.4806,33.4585,31.2553,1.903092,2025,11,4,4
2025-11-17,32.2514,32.3237,32.09,32.1621,32.1621,15988390,-4.002045,33.384,33.4338,31.2542,2.069976,2025,11,0,4
2025-11-18,32.3246,32.3853,32.1141,32.1745,32.1745,11385131,0.038425,33.2662,33.3975,31.253,2.039219,2025,11,1,4
2025-11-19,32.4586,32.6409,32.1617,32.3433,32.3433,15722794,0.524738,33.191,33.379,31.2572,2.009199,2025,11,2,4
2025-11-20,32.7723,33.0114,32.5602,32.7991,32.7991,16437741,1.409223,33.1386,33.3832,31.2627,2.041304,2025,11,3,4
2025-11-21,32.2612,32.4349,32.1251,32.2987,32.2987,9452546,-1.525718,33.0805,33.3728,31.2683,2.053003,2025,11,4,4
2025-11-24,32.4065,32.4883,32.2674,32.349,32.349,7554229,0.15584,33.0574,33.3583,31.2773,2.010108,2025,11,0,4
2025-11-25,32.012,32.1874,31.7332,31.9079,31.9079,41804928,-1.363558,33.0178,33.3299,31.2876,2.030752,2025,11,1,4
2025-11-26,32.1243,32.3561,31.8159,32.0471,32.0471,15373501,0.436072,32.9929,33.3072,31.2959,2.032223,2025,11,2,4
2025-11-27,31.7625,31.8669,31.527,31.6309,31.6309,5812035,-1.29851,32.888,33.2778,31.3036,1.851125,2025,11,3,4
2025-11-28,31.3318,31.709,31.0839,31.46,31.46,9417567,-0.540311,32.7647,33.242,31.3069,1.839844,2025,11,4,4
2025-12-01,30.9884,31.1342,30.8709,31.0167,31.0167,8413262,-1.409321,32.6556,33.1969,31.3092,1.809399,2025,12,0,4
2025-12-02,31.2373,31.5614,31.0318,31.3552,31.3552,8968654,1.091344,32.5781,33.1811,31.3171,1.831007,2025,12,1,4
2025-12-03,31.7387,31.9289,31.5979,31.7878,31.7878,4867177,1.379924,32.4973,33.1761,31.3295,1.824534,2025,12,2,4
2025-12-04,31.8251,32.1576,31.3652,31.6964,31.6964,6608758,-0.287731,32.3604,33.1773,31.3386,1.649237,2025,12,3,4
2025-12-05,31.7506,32.0061,31.4815,31.7369,31.7369,24327569,0.127945,32.2683,33.1774,31.3481,1.577397,2025,12,4,4
2025-12-08,31.3933,31.729,30.737,31.0693,31.0693,16190124,-2.10365,32.1911,33.1355,31.3555,1.518631,2025,12,0,4
2025-12-09,30.989,31.0634,30.8908,30.9651,30.9651,1915304,-0.335372,32.0629,33.0881,31.3618,1.339562,2025,12,1,4
2025-12-10,30.9869,31.045,30.9214,30.9795,30.9795,16755173,0.046393,31.9265,33.0446,31.3669,1.326321,2025,12,2,4
2025-12-11,32.2485,32.3404,32.143,32.2349,32.2349,27363707,4.052348,31.8759,33.0173,31.3757,1.638149,2025,12,3,4
2025-12-12,31.6289,31.8348,31.5042,31.7098,31.7098,8584376,-1.628977,31.7862,32.9752,31.3786,1.655694,2025,12,4,4
2025-12-15,32.4222,32.5193,32.3326,32.4297,32.4297,17764517,2.2703,31.7996,32.9437,31.3859,1.49628,2025,12,0,4
2025-12-16,33.0723,33.1902,32.8065,32.9238,32.9238,6210830,1.523703,31.8371,32.9166,31.3987,1.532005,2025,12,1,4
2025-12-17,33.0769,33.3017,32.8372,33.0619,33.0619,6537151,0.419343,31.873,32.8718,31.4131,1.530743,2025,12,2,4
2025-12-18,33.8232,34.3103,33.4449,33.9309,33.9309,29729640,2.628388,31.9296,32.8575,31.4312,1.607115,2025,12,3,4
2025-12-19,33.9737,34.2216,33.8523,34.0998,34.0998,7470101,0.498042,32.0196,32.8426,31.4522,1.556863,2025,12,4,4
2025-12-22,34.2138,34.3724,34.1171,34.2755,34.2755,2872538,0.515214,32.116,32.8418,31.4762,1.557391,2025,12,0,4
2025-12-23,34.2316,34.444,34.0091,34.2215,34.2215,7945150,-0.157706,32.2316,32.835,31.499,1.512242,2025,12,1,4
2025-12-24,34.9903,35.344,34.472,34.824,34.824,10272495,1.760765,32.3705,32.8506,31.5247,1.544355,2025,12,2,4
2025-12-25,35.1698,35.5308,34.9992,35.3593,35.3593,21390915,1.537193,32.5569,32.8817,31.553,1.507267,2025,12,3,4
2025-12-26,34.9347,35.0494,34.8649,34.9795,34.9795,9821651,-1.07429,32.7329,32.9089,31.5809,1.532477,2025,12,4,4
2025-12-29,34.2671,34.4202,34.0942,34.2473,34.2473,8868305,-2.093225,32.8944,32.9119,31.6054,1.585055,2025,12,0,4
2025-12-30,33.8675,34.276,33.7105,34.1178,34.1178,16113240,-0.378111,33.0325,32.9036,31.6312,1.590663,2025,12,1,4
2025-12-31,33.5735,34.0451,33.2155,33.6859,33.6859,10807072,-1.265985,33.1274,32.9004,31.6527,1.617739,2025,12,2,4
2026-01-01,33.5486,33.7698,33.4192,33.6401,33.6401,5239898,-0.136008,33.2246,32.8963,31.6715,1.615178,2026,1,3,1
2026-01-02,34.1426,34.4825,33.9124,34.2516,34.2516,21710566,1.818023,33.3504,32.9121,31.6974,1.648992,2026,1,4,1
2026-01-05,34.0176,34.1339,33.8754,33.9915,33.9915,10360855,-0.759357,33.4965,32.9357,31.7237,1.567159,2026,1,0,1
2026-01-06,33.9279,34.1488,33.729,33.9497,33.9497,8211410,-0.122979,33.6457,32.9607,31.7529,1.562182,2026,1,1,1
2026-01-07,33.8847,34.1721,33.6731,33.9601,33.9601,8955662,0.0306,33.7947,32.989,31.7832,1.562413,2026,1,2,1
2026-01-08,34.4318,34.5484,34.2565,34.3729,34.3729,5218987,1.215537,33.9016,33.0019,31.8154,1.332042,2026,1,3,1
2026-01-09,33.4155,33.5575,33.0458,33.1868,33.1868,9995835,-3.450856,33.9755,32.9871,31.8444,1.521837,2026,1,4,1
2026-01-12,33.0963,33.1796,32.7979,32.8807,32.8807,9509695,-0.922214,33.998,32.9807,31.8734,1.46388,2026,1,0,1
2026-01-13,32.7333,33.1684,32.5533,32.987,32.987,7576723,0.323181,34.0012,32.9824,31.9045,1.42565,2026,1,1,1
2026-01-14,33.6582,34.1036,33.1363,33.5807,33.5807,23235174,1.799828,34.0271,32.9859,31.9378,1.478479,2026,1,2,1
2026-01-15,33.2972,33.5132,33.105,33.3209,33.3209,10535847,-0.77358,33.9966,32.9637,31.9692,1.361969,2026,1,3,1
2026-01-16,32.3963,32.6349,32.1376,32.3762,32.3762,21159570,-2.835324,33.9104,32.9396,31.9969,1.485622,2026,1,4,1
2026-01-19,32.637,32.8273,32.499,32.6891,32.6891,9585608,0.966581,33.8311,32.9411,32.0254,1.501181,2026,1,0,1
2026-01-20,32.3985,32.6163,32.1655,32.3833,32.3833,17925688,-0.935614,33.7392,32.9182,32.053,1.509376,2026,1,1,1
2026-01-21,31.8364,31.9033,31.7504,31.8172,31.8172,13768452,-1.748102,33.5889,32.8804,32.0779,1.464812,2026,1,2,1
2026-01-22,31.4692,31.6153,31.3964,31.5423,31.5423,9470357,-0.863974,33.398,32.8463,32.0977,1.390738,2026,1,3,1
2026-01-23,31.3706,31.7032,31.1518,31.4835,31.4835,8232709,-0.186269,33.2232,32.8059,32.114,1.387636,2026,1,4,1
